#VRML V2.0 utf8
# 3D model generated by easyeda2kicad.py (https://github.com/uPesy/easyeda2kicad.py)

Shape{
    appearance Appearance {
        material  Material 	{
            diffuseColor 0.29411764705882354 0.29411764705882354 0.29411764705882354
            specularColor 0.14901960784313725 0.14901960784313725 0.14901960784313725
            ambientIntensity 0.2941
            transparency 0.0
            shininess 0.5
        }
    }
    geometry IndexedFaceSet {
        ccw TRUE
        solid FALSE
        coord DEF co Coordinate {
            point [
                0.8307 1.2205 2.0979, 0.6978 1.1191 2.027, 0.7068 1.2205 2.0714, 0.6595 1.1409 2.0285, 0.659 1.2205 2.0612, 0.6047 1.1721 2.0306, 0.5898 1.2205 2.0496, 0.5724 1.187 2.0318, 0.4999 1.2205 2.0344, 0.877 0.9851 2.0193, 0.8222 1.0299 2.0217, 0.9752 1.2203 2.1343, 0.791 1.0554 2.0231, 0.8331 1.2205 2.0985, 0.7429 1.0884 2.0251, 0.7001 1.1177 2.0269, 1.0012 1.2202 2.1409, 1.038 1.189 2.1395, 0.8893 0.9731 2.0187, 1.0724 1.1548 2.1381, 0.8969 0.9657 2.0183, 1.1169 1.1106 2.1363, 0.9587 0.9057 2.0153, 1.1561 1.0716 2.1347, 0.9669 0.8963 2.0149, 1.0308 0.8228 2.0115, 1.1858 1.0421 2.1335, 1.0314 0.8219 2.0115, 1.2338 0.9832 2.1314, 1.2358 0.9808 2.1313, 1.0512 0.7948 2.0103, 1.2616 0.9491 2.1301, 1.0896 0.7424 2.0081, 1.3017 0.887 2.128, 1.0959 0.7338 2.0078, 1.3351 0.8353 2.1262, 1.1417 0.6588 2.0048, 1.3657 0.7879 2.1246, 1.1537 0.639 2.004, 1.3817 0.7631 2.1238, 1.1781 0.5902 2.0022, 1.4188 0.6829 2.1213, 1.1874 0.5715 2.0015, 1.2046 0.5371 2.0002, 1.4197 0.6811 2.1212, 1.2268 0.4811 1.9981, 1.4684 0.5759 2.1179, 1.4747 0.5623 2.1175, 1.2451 0.4349 1.9964, 1.4879 0.5188 2.1162, 1.2593 0.3881 1.9947, 1.5047 0.4638 2.1145, 1.266 0.3661 1.9939, 1.5384 0.3533 2.1112, 1.2771 0.3295 1.9926, 1.2849 0.293 1.9913, 1.3117 0.1297 1.9856, 1.3034 0.1963 1.9879, 1.5573 0.2344 2.1078, 1.3003 0.2209 1.9887, 1.539 0.35 2.1111, 1.5388 0.3509 2.1111, 1.5666 0.1759 2.1061, 1.5727 0.1376 2.105, 1.3145 0.1078 1.9848, 1.5731 0.1178 2.1044, 1.3149 0.0984 1.9845, 1.5753 0.0001 2.101, 1.3188 -0.0 1.9811, 1.5753 -0.0001 2.101, 1.3189 -0.002 1.9811, 1.5768 -0.0737 2.0989, 1.3147 -0.0985 1.9778, 1.5716 -0.1176 2.0976, 1.3142 -0.1112 1.9774, 1.5358 -0.3504 2.0909, 1.2847 -0.2932 1.9712, 1.5362 -0.3491 2.0909, 1.3 -0.2222 1.9736, 1.3141 -0.1121 1.9774, 1.5647 -0.1755 2.096, 1.3033 -0.1964 1.9745, 1.5577 -0.2348 2.0943, 1.5507 -0.2937 2.0926, 1.3041 -0.8886 2.074, 1.0897 -0.7425 1.9542, 1.0935 -0.7374 1.9544, 1.3356 -0.8354 2.0758, 1.1417 -0.6588 1.9575, 1.3641 -0.7871 2.0774, 1.1531 -0.6402 1.9582, 1.4115 -0.7071 2.0801, 1.1865 -0.5735 1.9608, 1.421 -0.6842 2.0808, 1.1875 -0.5716 1.9609, 1.4219 -0.682 2.0808, 1.2029 -0.541 1.9621, 1.4663 -0.5753 2.0842, 1.2267 -0.4813 1.9643, 1.4896 -0.5191 2.0859, 1.2438 -0.4387 1.9659, 1.4952 -0.5058 2.0863, 1.2592 -0.3884 1.9677, 1.506 -0.4646 2.0875, 1.2715 -0.3482 1.9692, 1.276 -0.3336 1.9697, 1.0623 -0.7797 1.9526, 1.3004 -0.8948 2.0738, 1.0313 -0.8219 1.9509, 1.2335 -0.9786 2.0708, 1.2313 -0.9813 2.0707, 1.0283 -0.8259 1.9507, 1.162 -1.068 2.0675, 0.9667 -0.8964 1.9475, 1.157 -1.0728 2.0673, 0.9558 -0.9088 1.947, 1.1171 -1.1106 2.0657, 0.9028 -0.9601 1.9445, 1.0713 -1.1539 2.0639, 0.6968 -1.1198 1.9354, 0.7132 -1.1086 1.9361, 0.8333 -1.2205 2.0109, 0.7427 -1.0885 1.9373, 0.8469 -1.2205 2.0146, 0.7876 -1.0579 1.9392, 0.9749 -1.2204 2.0532, 0.8219 -1.03 1.9407, 1.0013 -1.2204 2.0612, 0.876 -0.986 1.9432, 0.8968 -0.9659 1.9442, 0.6594 -1.141 1.9339, 0.7064 -1.2205 1.9765, 0.6009 -1.1741 1.9316, 0.6744 -1.2205 1.9678, 0.5725 -1.1871 1.9305, 0.59 -1.2204 1.9485, 0.4999 -1.2204 1.9278, 1.3407 0.8389 2.128, 1.4931 0.5205 2.1179, 1.4257 0.6839 2.1229, 1.428 0.6851 2.1251, 1.4933 -0.5205 2.0876, 1.4262 -0.6839 2.0826, 1.5419 -0.3505 2.0927, 1.5444 -0.3511 2.0949, 1.5761 -0.1768 2.1024, 1.5863 0.0002 2.1075, 1.5882 0.0002 2.1108, 1.0054 1.2204 2.1427, 1.1213 -1.1149 2.0674, 1.0026 -1.2205 2.0618, 1.0053 -1.2205 2.0631, 1.1231 -1.1167 2.0697, 1.0097 -1.2205 2.0654, 1.1246 -1.1182 2.0722, 1.126 -1.1195 2.0755, 1.0159 -1.2205 2.0713, 1.0155 -1.2205 2.0707, 1.0127 -1.2205 2.0679, 1.0113 -1.2205 2.0666, 1.1269 -1.1204 2.0792, 1.1273 -1.1208 2.0824, 1.0186 -1.2205 2.0782, 1.0184 -1.2205 2.0765, 1.018 -1.2205 2.0754, 1.0163 -1.2205 2.0719, 1.1272 -1.1207 2.0857, 1.0187 -1.2205 2.0805, 1.0187 -1.2205 2.0793, 1.0174 -1.2205 2.0848, 1.0176 -1.2205 2.0845, 1.0181 -1.2205 2.0833, 1.0185 -1.2205 2.0815, 1.1267 -1.1203 2.089, 1.1258 -1.1193 2.0923, 1.0157 -1.2205 2.0877, 1.0149 -1.2205 2.0886, 1.1243 -1.1179 2.0956, 1.0121 -1.2205 2.0912, 1.157 -1.0728 2.103, 1.1171 -1.1106 2.1015, 1.1209 -1.1145 2.1001, 1.0713 -1.1539 2.0997, 1.0111 -1.2205 2.0921, 1.1225 -1.116 2.0984, 1.0081 -1.2205 2.094, 1.0046 -1.2204 2.0955, 1.0013 -1.2204 2.0969, 1.0012 1.2202 2.1766, 1.038 1.189 2.1753, 1.0026 1.2205 2.176, 1.0044 1.2205 2.1751, 1.0724 1.1548 2.1739, 1.121 1.1148 2.1707, 1.1226 1.1163 2.169, 1.0079 1.2205 2.1733, 1.012 1.2205 2.1705, 1.0113 1.2205 2.1712, 1.0096 1.2205 2.1724, 1.1244 1.1182 2.1662, 1.1259 1.1196 2.1629, 1.0154 1.2205 2.1671, 1.0183 1.2205 2.1613, 1.018 1.2205 2.1624, 1.1268 1.1205 2.1596, 1.0173 1.2205 2.1638, 1.0162 1.2205 2.1659, 1.1274 1.1211 2.153, 1.0186 1.2205 2.1573, 1.1273 1.121 2.1563, 1.0187 1.2205 2.1584, 1.0184 1.2205 2.1605, 1.1261 1.1198 2.1461, 1.0175 1.2205 2.1533, 1.127 1.1207 2.1498, 1.0178 1.2205 2.154, 1.018 1.2205 2.1545, 1.1247 1.1185 2.1428, 1.0149 1.2205 2.1492, 1.0156 1.2205 2.1502, 1.1214 1.1151 2.1381, 1.008 1.2205 2.1438, 1.1232 1.117 2.1403, 1.011 1.2205 2.1457, 1.0126 1.2205 2.1472, 1.5362 -0.3491 2.1267, 1.5358 -0.3504 2.1266, 1.5414 -0.3504 2.1253, 1.506 -0.4645 2.1233, 1.5716 -0.1176 2.1334, 1.5647 -0.1755 2.1317, 1.5709 -0.1762 2.1304, 1.5577 -0.2348 2.13, 1.5507 -0.2937 2.1283, 1.4115 -0.7071 2.1158, 1.4257 -0.6837 2.1152, 1.421 -0.6842 2.1165, 1.4219 -0.682 2.1166, 1.3641 -0.7871 2.1132, 1.3405 -0.8384 2.1102, 1.3356 -0.8354 2.1116, 1.3041 -0.8886 2.1098, 1.3004 -0.8948 2.1096, 1.2335 -0.9786 2.1065, 1.2384 -0.9825 2.1051, 1.2313 -0.9813 2.1064, 1.162 -1.068 2.1032, 1.4952 -0.5058 2.1221, 1.4896 -0.5191 2.1216, 1.4928 -0.5203 2.1203, 1.4663 -0.5753 2.1199, 1.578 -0.177 2.1058, 1.5895 0.0002 2.1145, 1.5793 -0.1771 2.1094, 1.59 0.0002 2.1177, 1.5798 -0.1772 2.1127, 1.5899 0.0002 2.121, 1.5797 -0.1772 2.116, 1.5892 0.0002 2.1243, 1.579 -0.1771 2.1193, 1.5879 0.0002 2.1276, 1.5777 -0.177 2.1226, 1.5858 0.0002 2.1309, 1.5757 -0.1767 2.1258, 1.5833 0.0002 2.1337, 1.5731 -0.1764 2.1286, 1.581 0.0002 2.1354, 1.5768 -0.0737 2.1347, 1.5464 -0.3516 2.0974, 1.5483 -0.352 2.1007, 1.5496 -0.3523 2.1044, 1.5501 -0.3524 2.1076, 1.55 -0.3524 2.1109, 1.5493 -0.3522 2.1142, 1.548 -0.3519 2.1176, 1.546 -0.3515 2.1208, 1.5435 -0.3509 2.1236, 1.4957 -0.5213 2.0898, 1.4977 -0.522 2.0924, 1.4995 -0.5227 2.0957, 1.5008 -0.5231 2.0993, 1.5012 -0.5233 2.1026, 1.5012 -0.5232 2.1059, 1.5005 -0.523 2.1092, 1.4992 -0.5226 2.1125, 1.4973 -0.5219 2.1157, 1.4949 -0.521 2.1186, 1.5842 0.0002 2.105, 1.574 -0.1765 2.0999, 1.4285 -0.685 2.0848, 1.4304 -0.6859 2.0873, 1.4321 -0.6868 2.0906, 1.4333 -0.6873 2.0943, 1.4338 -0.6876 2.0976, 1.4337 -0.6875 2.1009, 1.4331 -0.6872 2.1041, 1.4318 -0.6866 2.1075, 1.43 -0.6858 2.1107, 1.4277 -0.6846 2.1135, 1.5714 -0.1762 2.0977, 1.2388 -0.9828 2.0725, 1.2408 -0.9844 2.0747, 1.2425 -0.9857 2.0772, 1.244 -0.9869 2.0806, 1.245 -0.9877 2.0842, 1.2454 -0.9881 2.0875, 1.2454 -0.988 2.0908, 1.2448 -0.9876 2.094, 1.2438 -0.9867 2.0974, 1.2422 -0.9855 2.1006, 1.2401 -0.9839 2.1034, 1.5816 0.0002 2.1028, 1.341 -0.8386 2.0775, 1.3424 -0.8395 2.1085, 1.3446 -0.8409 2.1057, 1.3463 -0.842 2.1024, 1.3474 -0.8427 2.0991, 1.348 -0.8431 2.0958, 1.3481 -0.8431 2.0925, 1.3477 -0.8428 2.0893, 1.3466 -0.8422 2.0856, 1.3449 -0.8411 2.0823, 1.3432 -0.84 2.0798, 1.2385 0.9829 2.1657, 1.2358 0.9808 2.167, 1.2616 0.9491 2.1659, 1.2338 0.9832 2.1671, 1.1169 1.1106 2.1721, 1.1561 1.0716 2.1705, 1.1858 1.0421 2.1693, 1.4926 0.5203 2.1505, 1.4879 0.5188 2.1519, 1.5047 0.4638 2.1503, 1.5416 0.3506 2.1455, 1.5384 0.3533 2.147, 1.5388 0.3509 2.1469, 1.3017 0.887 2.1638, 1.3351 0.8353 2.162, 1.3403 0.8386 2.1606, 1.3657 0.7879 2.1604, 1.3817 0.7631 2.1595, 1.4188 0.6829 2.157, 1.4197 0.6811 2.1569, 1.4252 0.6837 2.1556, 1.4684 0.5759 2.1536, 1.4747 0.5623 2.1532, 1.2455 0.9884 2.1513, 1.2449 0.988 2.1546, 1.2439 0.9872 2.1579, 1.2423 0.9859 2.1611, 1.2403 0.9843 2.164, 1.3479 0.8434 2.1429, 1.3478 0.8433 2.1462, 1.3472 0.8429 2.1495, 1.3461 0.8422 2.1529, 1.3443 0.8412 2.1561, 1.3421 0.8398 2.1589, 1.4328 0.6874 2.1346, 1.4333 0.6876 2.1379, 1.4332 0.6875 2.1412, 1.4326 0.6872 2.1445, 1.4314 0.6867 2.1478, 1.4296 0.6858 2.151, 1.4272 0.6847 2.1539, 1.4994 0.5227 2.1259, 1.5006 0.5231 2.1296, 1.5011 0.5233 2.1329, 1.501 0.5233 2.1362, 1.5003 0.523 2.1394, 1.4991 0.5226 2.1428, 1.4971 0.5219 2.146, 1.4947 0.5211 2.1488, 1.5467 0.3517 2.1176, 1.5485 0.3521 2.1209, 1.5498 0.3524 2.1246, 1.5503 0.3525 2.1278, 1.5502 0.3525 2.1311, 1.5495 0.3524 2.1344, 1.5482 0.3521 2.1377, 1.5462 0.3516 2.141, 1.5437 0.3511 2.1438, 1.5744 0.1768 2.11, 1.5765 0.1771 2.1125, 1.5784 0.1773 2.1159, 1.5797 0.1774 2.1195, 1.5802 0.1775 2.1228, 1.5801 0.1775 2.1261, 1.5794 0.1774 2.1293, 1.5781 0.1772 2.1327, 1.5761 0.177 2.1359, 1.5735 0.1767 2.1387, 1.5713 0.1765 2.1404, 1.5718 0.1765 2.1078, 1.5421 0.3507 2.1128, 1.5446 0.3513 2.1151, 1.4955 0.5214 2.1201, 1.4975 0.5221 2.1226, 1.4299 0.686 2.1277, 1.4317 0.6868 2.131, 1.2455 0.9885 2.148, 1.3474 0.8431 2.1397, 1.2451 0.9882 2.1447, 1.3463 0.8424 2.136, 1.2441 0.9874 2.1411, 1.3447 0.8414 2.1327, 1.2426 0.9862 2.1378, 1.3429 0.8403 2.1302, 1.241 0.9849 2.1352, 1.2389 0.9833 2.133, 1.5731 0.1178 2.1401, 1.5753 0.0001 2.1368, 1.5753 -0.0001 2.1368, 1.539 0.35 2.1469, 1.5573 0.2344 2.1435, 1.5666 0.1759 2.1418, 1.5727 0.1376 2.1407, 0.5 -1.2204 1.9199, 0.5724 -1.187 1.9226, 0.6047 -1.1721 1.9238, 0.6594 -1.1409 1.926, 0.7002 -1.1177 1.9275, 0.7133 -1.1087 1.9281, 0.7428 -1.0885 1.9293, 0.791 -1.0554 1.9312, 0.822 -1.03 1.9326, 0.877 -0.9851 1.935, 0.8968 -0.9658 1.9359, 0.9028 -0.9601 1.9362, 0.9588 -0.9057 1.9389, 0.9668 -0.8964 1.9393, 1.0308 -0.8227 1.9427, 1.0314 -0.8219 1.9428, 1.0623 -0.7797 1.9446, 1.0896 -0.7424 1.9462, 1.0959 -0.7338 1.9466, 1.1417 -0.6588 1.9496, 1.1537 -0.639 1.9504, 1.1864 -0.5735 1.9528, 1.1874 -0.5716 1.9529, 1.2046 -0.537 1.9542, 1.2267 -0.4813 1.9562, 1.2451 -0.4349 1.9579, 1.2593 -0.3883 1.9596, 1.2714 -0.3482 1.961, 1.2771 -0.3295 1.9616, 1.2848 -0.2931 1.9629, 1.3003 -0.2209 1.9655, 1.3034 -0.1963 1.9663, 1.3141 -0.1111 1.9693, 1.3145 -0.1078 1.9695, 1.3149 -0.0984 1.9698, 1.3188 0.0 1.9732, 1.3189 0.002 1.9733, 1.3147 0.0984 1.9766, 1.3141 0.1121 1.977, 1.3119 0.1297 1.9776, 1.3034 0.1963 1.9799, 1.3 0.2222 1.9808, 1.2848 0.293 1.9832, 1.276 0.3336 1.9846, 1.266 0.3661 1.9857, 1.2593 0.3882 1.9865, 1.2438 0.4387 1.9883, 1.2268 0.4812 1.9899, 1.2028 0.541 1.9922, 1.1875 0.5716 1.9933, 1.1781 0.5902 1.9941, 1.1531 0.6403 1.996, 1.1417 0.6588 1.9968, 1.0935 0.7374 2.0, 1.0897 0.7425 2.0002, 1.0512 0.7948 2.0024, 1.0313 0.8218 2.0035, 1.0283 0.8259 2.0037, 0.9668 0.8963 2.0068, 0.9558 0.9088 2.0074, 0.8969 0.9658 2.0102, 0.8893 0.9731 2.0105, 0.8759 0.986 2.0111, 0.822 1.0299 2.0135, 0.7875 1.058 2.015, 0.7428 1.0884 2.0169, 0.6978 1.1191 2.0188, 0.6967 1.1198 2.0189, 0.6594 1.1409 2.0204, 0.6008 1.1741 2.0227, 0.5725 1.1871 2.0238, 0.4999 1.2205 2.0266, 1.0313 0.8218 2.287, 1.0512 0.7948 2.2859, 1.0897 0.7425 2.2836, 1.0935 0.7374 2.2834, 1.1417 0.6588 2.2802, 1.1531 0.6403 2.2794, 1.1781 0.5902 2.2775, 1.1875 0.5715 2.2768, 1.2028 0.541 2.2756, 1.2268 0.4812 2.2734, 1.2438 0.4387 2.2718, 1.2593 0.3881 2.27, 1.2661 0.3661 2.2692, 1.276 0.3337 2.2681, 1.2848 0.293 2.2667, 1.3 0.2223 2.2643, 1.3034 0.1963 2.2634, 1.3119 0.1297 2.2611, 1.3141 0.1121 2.2605, 1.3147 0.0984 2.2601, 1.3189 0.002 2.2567, 1.3188 0.0 2.2566, 1.3149 -0.0985 2.2532, 1.3145 -0.1078 2.2529, 1.3141 -0.1111 2.2527, 1.3033 -0.1964 2.2498, 1.2848 -0.2932 2.2464, 1.5497 -0.2925 2.1289, 1.3003 -0.2208 2.2489, 1.2771 -0.3294 2.2451, 1.2714 -0.3482 2.2445, 1.2592 -0.3884 2.2431, 1.2451 -0.4349 2.2414, 1.2267 -0.4813 2.2397, 1.2046 -0.537 2.2377, 1.1874 -0.5716 2.2364, 1.1864 -0.5735 2.2364, 1.1538 -0.639 2.2339, 1.1417 -0.6588 2.2331, 1.0959 -0.7338 2.23, 1.0896 -0.7424 2.2296, 1.0623 -0.7797 2.228, 1.0314 -0.822 2.2262, 1.0308 -0.8227 2.2262, 0.9668 -0.8965 2.2228, 0.9588 -0.9057 2.2224, 0.9028 -0.9601 2.2197, 0.8968 -0.9659 2.2194, 0.877 -0.9851 2.2185, 0.975 -1.2204 2.1036, 0.822 -1.03 2.2161, 0.791 -1.0554 2.2147, 0.8329 -1.2205 2.1395, 0.7427 -1.0885 2.2128, 0.8308 -1.2205 2.14, 0.7133 -1.1087 2.2116, 0.7002 -1.1177 2.2111, 0.7067 -1.2205 2.1665, 0.6594 -1.1409 2.2095, 0.659 -1.2205 2.1767, 0.6047 -1.1721 2.2073, 0.5897 -1.2204 2.1883, 0.5724 -1.187 2.2061, 0.4999 -1.2204 2.2034, 1.0283 0.8259 2.2872, 0.9668 0.8962 2.2904, 0.9558 0.9088 2.2909, 0.8969 0.9657 2.2937, 0.8893 0.9731 2.294, 0.8759 0.986 2.2946, 0.8221 1.0298 2.297, 0.9751 1.2203 2.1845, 0.7875 1.058 2.2985, 0.8467 1.2205 2.2231, 0.7429 1.0884 2.3004, 0.8336 1.2205 2.2267, 0.6978 1.1191 2.3022, 0.6967 1.1198 2.3023, 0.6595 1.1409 2.3038, 0.7065 1.2205 2.2611, 0.6008 1.1741 2.3061, 0.6743 1.2205 2.2698, 0.5725 1.1871 2.3072, 0.5901 1.2205 2.2892, 0.4999 1.2205 2.31, -1.0718 1.1539 2.2057, -0.9007 0.9621 2.086, -1.1174 1.1109 2.2074, -0.9557 0.9089 2.0885, -1.1575 1.0731 2.209, -0.9668 0.8963 2.0891, -1.1609 1.0699 2.2092, -1.0283 0.8259 2.0923, -1.2316 0.9814 2.2124, -1.0313 0.8218 2.0925, -1.2336 0.979 2.2125, -1.0597 0.7832 2.0942, -1.2972 0.8993 2.2154, -1.0898 0.7425 2.096, -1.3037 0.8883 2.2158, -1.0934 0.7375 2.0962, -1.3352 0.8354 2.2175, -1.364 0.7869 2.2191, -1.1417 0.6587 2.0994, -1.153 0.6403 2.1001, -1.4088 0.7113 2.2217, -1.1839 0.5787 2.1025, -1.4205 0.6837 2.2225, -1.1876 0.5715 2.1028, -1.4213 0.6818 2.2226, -1.2028 0.5411 2.1039, -1.4663 0.5749 2.2259, -1.2268 0.4811 2.1061, -1.4897 0.5192 2.2276, -1.2438 0.4388 2.1077, -1.4947 0.5073 2.228, -1.2593 0.3881 2.1094, -1.5061 0.4642 2.2293, -1.2694 0.3551 2.1106, -1.5362 0.3502 2.2326, -1.276 0.3337 2.1113, -1.2848 0.293 2.1127, -1.5677 0.1762 2.2377, -1.3034 0.1963 2.1161, -1.3132 0.1197 2.1188, -1.5708 0.1177 2.2394, -1.5668 0.1934 2.2372, -1.5603 0.235 2.236, -1.3 0.2223 2.1152, -1.5512 0.2934 2.2343, -1.5364 0.3493 2.2327, -1.3141 0.1121 2.119, -1.3147 0.0985 2.1195, -1.5769 0.0001 2.2428, -1.3189 0.0021 2.1229, -1.5769 -0.0001 2.2428, -1.3188 -0.0 2.123, -1.5782 -0.0238 2.2434, -1.3149 -0.0986 2.1264, -1.5702 -0.1176 2.2461, -1.3145 -0.1077 2.1267, -1.5652 -0.1757 2.2478, -1.313 -0.1197 2.1271, -1.5601 -0.2352 2.2495, -1.3033 -0.1965 2.1298, -1.5595 -0.2427 2.2497, -1.3003 -0.2208 2.1306, -1.5353 -0.3491 2.2528, -1.535 -0.3504 2.2529, -1.2848 -0.2933 2.1331, -1.2771 -0.3294 2.1343, -1.5104 -0.4589 2.2561, -1.2693 -0.3551 2.1352, -1.508 -0.4651 2.2562, -1.2592 -0.3884 2.1364, -1.4877 -0.5184 2.2579, -1.2452 -0.4348 2.138, -1.4661 -0.5753 2.2596, -1.2267 -0.4813 2.1397, -1.4328 -0.6628 2.2623, -1.2046 -0.537 2.1418, -1.4223 -0.6819 2.2629, -1.1874 -0.5715 2.1431, -1.4212 -0.684 2.263, -1.1839 -0.5786 2.1434, -1.3642 -0.7873 2.2664, -1.1538 -0.639 2.1457, -1.1417 -0.6588 2.1465, -1.3372 -0.8363 2.268, -1.0959 -0.7338 2.1496, -1.3276 -0.8537 2.2685, -1.3025 -0.8874 2.2697, -1.0896 -0.7424 2.15, -1.0597 -0.7832 2.1517, -1.2339 -0.9791 2.273, -1.0313 -0.822 2.1534, -1.2318 -0.9819 2.2731, -1.1964 -1.0293 2.2748, -1.0309 -0.8227 2.1534, -1.1553 -1.0713 2.2765, -0.9667 -0.8965 2.1567, -0.9588 -0.9056 2.1571, -1.1168 -1.1104 2.2781, -0.9007 -0.9621 2.1599, -1.0726 -1.1555 2.2799, -0.8967 -0.9659 2.1601, -1.0498 -1.1787 2.2808, -0.877 -0.985 2.161, -1.0013 -1.2204 2.2826, -0.975 -1.2204 2.276, -0.822 -1.0301 2.1634, -0.7911 -1.0553 2.1647, -0.8329 -1.2205 2.24, -0.7427 -1.0885 2.1667, -0.8308 -1.2205 2.2394, -0.7121 -1.1095 2.168, -0.7002 -1.1177 2.1685, -0.7068 -1.2205 2.213, -0.6594 -1.1409 2.1701, -0.659 -1.2205 2.2029, -0.6048 -1.1721 2.1723, -0.5897 -1.2204 2.1912, -0.5724 -1.187 2.1735, -0.4999 -1.2203 2.1762, -0.6967 1.1198 2.0773, -0.7121 1.1094 2.0779, -0.8337 1.2205 2.1529, -0.7429 1.0884 2.0792, -0.8469 1.2205 2.1564, -0.7875 1.058 2.081, -0.9753 1.2203 2.1951, -0.8222 1.0298 2.0825, -1.0013 1.2203 2.2029, -0.8759 0.9861 2.0848, -0.8969 0.9657 2.0858, -0.6596 1.1409 2.0758, -0.7066 1.2205 2.1185, -0.6008 1.1741 2.0735, -0.6743 1.2205 2.1098, -0.5725 1.1871 2.0724, -0.5901 1.2205 2.0904, -0.4999 1.2205 2.0696, -0.4999 1.2205 2.0615, -0.5725 1.187 2.0642, -0.6047 1.1721 2.0654, -0.6596 1.1408 2.0676, -0.7002 1.1177 2.0692, -0.7121 1.1095 2.0697, -0.7429 1.0883 2.071, -0.791 1.0554 2.073, -0.8222 1.0299 2.0744, -0.877 0.9851 2.0769, -0.8969 0.9658 2.0778, -0.9007 0.9621 2.078, -0.9588 0.9057 2.0808, -0.9668 0.8964 2.0812, -1.0308 0.8227 2.0845, -1.0314 0.822 2.0845, -1.0597 0.7832 2.0861, -1.0896 0.7424 2.0878, -1.0959 0.7338 2.0882, -1.1417 0.6587 2.0912, -1.1538 0.639 2.0919, -1.1839 0.5786 2.0943, -1.1875 0.5714 2.0946, -1.2046 0.537 2.0959, -1.2268 0.4811 2.098, -1.2451 0.4349 2.0997, -1.2593 0.3881 2.1014, -1.2693 0.3551 2.1026, -1.2771 0.3295 2.1036, -1.2849 0.2931 2.1048, -1.3003 0.2208 2.1073, -1.3034 0.1963 2.1082, -1.313 0.1197 2.1108, -1.3145 0.1078 2.1112, -1.3149 0.0985 2.1115, -1.3188 -0.0 2.1148, -1.3189 -0.002 2.1149, -1.3147 -0.0986 2.1181, -1.3141 -0.1121 2.1186, -1.3132 -0.1197 2.1189, -1.3033 -0.1965 2.1216, -1.3 -0.2223 2.1225, -1.2847 -0.2933 2.125, -1.276 -0.3337 2.1264, -1.2694 -0.3551 2.1272, -1.2592 -0.3884 2.1284, -1.2438 -0.4387 2.1303, -1.2268 -0.4813 2.1318, -1.2028 -0.541 2.134, -1.1875 -0.5716 2.1351, -1.1839 -0.5787 2.1354, -1.1531 -0.6403 2.1377, -1.1417 -0.6588 2.1384, -1.0935 -0.7374 2.1415, -1.0897 -0.7425 2.1418, -1.0597 -0.7832 2.1435, -1.0312 -0.822 2.1451, -1.0283 -0.8259 2.1453, -0.9666 -0.8965 2.1486, -0.9558 -0.9088 2.1491, -0.9007 -0.9621 2.1518, -0.8967 -0.9659 2.152, -0.8759 -0.986 2.153, -0.8219 -1.03 2.1554, -0.7875 -1.0579 2.157, -0.7428 -1.0885 2.1588, -0.7121 -1.1094 2.16, -0.6968 -1.1198 2.1607, -0.6595 -1.1409 2.1621, -0.6009 -1.1741 2.1643, -0.5724 -1.1871 2.1655, -0.4999 -1.2203 2.1683, 1.0715 1.1538 1.8904, 1.1172 1.1107 1.8886, 1.1572 1.0728 1.887, 1.1623 1.068 1.8868, 1.2316 0.9814 1.8837, 1.2336 0.9788 1.8836, 1.2998 0.8961 1.8805, 1.3042 0.8886 1.8803, 1.3355 0.8356 1.8785, 1.3641 0.7871 1.8769, 1.4108 0.708 1.8743, 1.4208 0.684 1.8735, 1.4216 0.682 1.8735, 1.4662 0.5751 1.8702, 1.4895 0.5191 1.8684, 1.4948 0.5062 1.868, 1.5059 0.4643 1.8668, 1.5359 0.3502 1.8634, 1.5362 0.3492 1.8634, 1.5511 0.2922 1.8617, 1.5579 0.2347 1.86, 1.5649 0.1756 1.8583, 1.5717 0.1176 1.8567, 1.5771 0.0724 1.8554, 1.5352 -0.3502 1.8432, 1.5355 -0.349 1.8432, 1.5561 -0.2639 1.8457, 1.559 -0.2349 1.8466, 1.565 -0.1756 1.8483, 1.5709 -0.1175 1.8499, 1.578 -0.0474 1.8519, 1.5776 -0.0 1.8533, 1.5776 0.0 1.8533, 1.5074 -0.4648 1.8398, 1.5043 -0.4776 1.8394, 1.4881 -0.5186 1.8382, 1.4658 -0.5751 1.8364, 1.4228 -0.6838 1.8331, 1.4223 -0.6847 1.8331, 1.3641 -0.7872 1.8297, 1.3363 -0.836 1.8281, 1.3151 -0.8734 1.8269, 1.3037 -0.8882 1.8263, 1.2337 -0.9789 1.823, 1.2317 -0.9816 1.8229, 1.182 -1.046 1.8206, 1.156 -1.0717 1.8196, 1.1168 -1.1104 1.818, 1.072 -1.1546 1.8162, 1.0325 -1.1936 1.8146, 1.0013 -1.2203 1.8134, 0.9751 -1.2203 1.8201, 0.8329 -1.2205 1.856, 0.8307 -1.2205 1.8565, 0.7067 -1.2205 1.883, 0.659 -1.2205 1.8932, 0.5898 -1.2205 1.9048, 0.8335 1.2205 1.9433, 0.8468 1.2205 1.9396, 0.975 1.2203 1.9011, 1.0013 1.2203 1.8932, 0.7064 1.2205 1.9777, 0.6743 1.2205 1.9864, 0.59 1.2205 2.0058
            ]
        }
        coordIndex [
            0,1,2,-1,2,1,3,-1,2,3,4,-1,4,3,5,-1,4,5,6,-1,6,5,7,-1,6,7,8,-1,9,10,11,-1,11,10,12,-1,11,12,13,-1,13,12,14,-1,13,14,0,-1,0,14,15,-1,0,15,1,-1,11,16,9,-1,9,16,17,-1,9,17,18,-1,18,17,19,-1,18,19,20,-1,20,19,21,-1,20,21,22,-1,22,21,23,-1,22,23,24,-1,24,23,25,-1,25,23,26,-1,25,26,27,-1,26,28,27,-1,27,28,29,-1,27,29,30,-1,30,29,31,-1,30,31,32,-1,32,31,33,-1,32,33,34,-1,34,33,35,-1,34,35,36,-1,36,35,37,-1,36,37,38,-1,38,37,39,-1,38,39,40,-1,40,39,41,-1,40,41,42,-1,42,41,43,-1,43,41,44,-1,43,44,45,-1,44,46,45,-1,45,46,47,-1,45,47,48,-1,48,47,49,-1,48,49,50,-1,50,49,51,-1,50,51,52,-1,52,51,53,-1,52,53,54,-1,54,53,55,-1,56,57,58,-1,58,57,59,-1,58,59,60,-1,60,59,55,-1,60,55,61,-1,61,55,53,-1,58,62,56,-1,56,62,63,-1,56,63,64,-1,64,63,65,-1,64,65,66,-1,66,65,67,-1,66,67,68,-1,68,67,69,-1,68,69,70,-1,70,69,71,-1,70,71,72,-1,72,71,73,-1,72,73,74,-1,75,76,77,-1,77,76,78,-1,74,73,79,-1,79,73,80,-1,79,80,81,-1,81,80,82,-1,81,82,78,-1,78,82,83,-1,78,83,77,-1,84,85,86,-1,84,86,87,-1,87,86,88,-1,87,88,89,-1,89,88,90,-1,89,90,91,-1,91,90,92,-1,91,92,93,-1,93,92,94,-1,93,94,95,-1,95,94,96,-1,95,96,97,-1,97,96,98,-1,97,98,99,-1,99,98,100,-1,99,100,101,-1,101,100,102,-1,101,102,103,-1,103,102,104,-1,103,104,75,-1,75,104,105,-1,75,105,76,-1,85,84,106,-1,106,84,107,-1,106,107,108,-1,107,109,108,-1,108,109,110,-1,108,110,111,-1,111,110,112,-1,111,112,113,-1,113,112,114,-1,113,114,115,-1,115,114,116,-1,115,116,117,-1,117,116,118,-1,119,120,121,-1,121,120,122,-1,121,122,123,-1,123,122,124,-1,123,124,125,-1,125,124,126,-1,125,126,127,-1,127,126,128,-1,127,128,118,-1,118,128,129,-1,118,129,117,-1,119,121,130,-1,130,121,131,-1,130,131,132,-1,132,131,133,-1,132,133,134,-1,134,133,135,-1,134,135,136,-1,37,35,137,-1,138,139,140,-1,97,99,141,-1,93,95,142,-1,141,143,144,-1,145,146,147,-1,17,16,148,-1,118,116,149,-1,149,116,114,-1,149,114,112,-1,150,127,118,-1,150,118,151,-1,118,149,151,-1,151,149,152,-1,151,152,153,-1,154,155,156,-1,156,157,154,-1,154,157,158,-1,154,158,152,-1,152,158,159,-1,152,159,153,-1,160,161,162,-1,162,163,160,-1,160,163,164,-1,160,164,155,-1,155,164,165,-1,155,165,156,-1,166,167,161,-1,161,167,168,-1,161,168,162,-1,169,170,166,-1,170,171,166,-1,166,171,172,-1,166,172,167,-1,166,173,169,-1,169,173,174,-1,169,174,175,-1,175,174,176,-1,176,174,177,-1,176,177,178,-1,179,180,181,-1,181,180,182,-1,178,177,183,-1,183,177,184,-1,183,184,185,-1,185,184,181,-1,185,181,186,-1,186,181,182,-1,186,182,187,-1,188,189,190,-1,190,189,191,-1,189,192,193,-1,189,193,191,-1,191,193,194,-1,191,194,195,-1,196,197,194,-1,194,197,198,-1,194,198,195,-1,194,199,196,-1,196,199,200,-1,196,200,201,-1,202,203,204,-1,204,203,205,-1,204,205,200,-1,200,205,206,-1,200,206,201,-1,207,208,209,-1,209,208,210,-1,209,210,211,-1,212,213,214,-1,214,213,215,-1,214,215,207,-1,207,215,216,-1,207,216,208,-1,217,218,212,-1,212,218,219,-1,212,219,213,-1,17,148,220,-1,220,148,221,-1,220,221,222,-1,222,221,223,-1,222,223,217,-1,217,223,224,-1,217,224,218,-1,225,226,227,-1,227,226,228,-1,229,230,231,-1,231,230,232,-1,231,232,233,-1,234,235,236,-1,236,235,237,-1,234,238,239,-1,238,240,239,-1,239,240,241,-1,239,241,242,-1,242,243,244,-1,244,243,245,-1,244,245,246,-1,247,248,249,-1,249,248,250,-1,251,252,253,-1,253,252,254,-1,253,254,255,-1,255,254,256,-1,255,256,257,-1,257,256,258,-1,257,258,259,-1,259,258,260,-1,259,260,261,-1,261,260,262,-1,261,262,263,-1,263,262,264,-1,263,264,265,-1,265,264,266,-1,265,266,231,-1,231,266,267,-1,231,267,229,-1,268,251,269,-1,269,251,253,-1,269,253,270,-1,270,253,255,-1,270,255,271,-1,271,255,257,-1,271,257,272,-1,272,257,259,-1,272,259,273,-1,273,259,261,-1,273,261,274,-1,274,261,263,-1,274,263,275,-1,275,263,265,-1,275,265,276,-1,276,265,231,-1,276,231,227,-1,227,231,233,-1,227,233,225,-1,277,268,278,-1,278,268,269,-1,278,269,279,-1,279,269,270,-1,279,270,280,-1,280,270,271,-1,280,271,281,-1,281,271,272,-1,281,272,282,-1,282,272,273,-1,282,273,283,-1,283,273,274,-1,283,274,284,-1,284,274,275,-1,284,275,285,-1,285,275,276,-1,285,276,286,-1,286,276,227,-1,286,227,249,-1,249,227,228,-1,249,228,247,-1,287,146,288,-1,288,146,145,-1,288,145,144,-1,142,277,289,-1,289,277,278,-1,289,278,290,-1,290,278,279,-1,290,279,291,-1,291,279,280,-1,291,280,292,-1,292,280,281,-1,292,281,293,-1,293,281,282,-1,293,282,294,-1,294,282,283,-1,294,283,295,-1,295,283,284,-1,295,284,296,-1,296,284,285,-1,296,285,297,-1,297,285,286,-1,297,286,298,-1,298,286,249,-1,298,249,235,-1,235,249,250,-1,235,250,237,-1,144,143,288,-1,288,143,299,-1,288,299,287,-1,112,300,149,-1,149,300,301,-1,149,301,152,-1,152,301,302,-1,152,302,154,-1,154,302,303,-1,154,303,155,-1,155,303,304,-1,155,304,160,-1,160,304,305,-1,160,305,161,-1,161,305,306,-1,161,306,166,-1,166,306,307,-1,166,307,173,-1,173,307,308,-1,173,308,174,-1,174,308,309,-1,174,309,177,-1,177,309,310,-1,177,310,184,-1,184,310,244,-1,184,244,181,-1,181,244,246,-1,181,246,179,-1,299,80,73,-1,73,71,299,-1,299,71,311,-1,299,311,287,-1,99,101,141,-1,141,101,103,-1,141,103,143,-1,143,103,75,-1,75,77,143,-1,143,77,83,-1,143,83,299,-1,299,83,82,-1,299,82,80,-1,84,87,312,-1,312,87,89,-1,312,89,91,-1,234,239,235,-1,235,239,313,-1,235,313,298,-1,298,313,314,-1,298,314,297,-1,297,314,315,-1,297,315,296,-1,296,315,316,-1,296,316,295,-1,295,316,317,-1,295,317,294,-1,294,317,318,-1,294,318,293,-1,293,318,319,-1,293,319,292,-1,292,319,320,-1,292,320,291,-1,291,320,321,-1,291,321,290,-1,290,321,322,-1,290,322,289,-1,289,322,312,-1,289,312,142,-1,142,312,91,-1,142,91,93,-1,112,110,300,-1,300,110,109,-1,300,109,107,-1,242,244,239,-1,239,244,310,-1,239,310,313,-1,313,310,309,-1,313,309,314,-1,314,309,308,-1,314,308,315,-1,315,308,307,-1,315,307,316,-1,316,307,306,-1,316,306,317,-1,317,306,305,-1,317,305,318,-1,318,305,304,-1,318,304,319,-1,319,304,303,-1,319,303,320,-1,320,303,302,-1,320,302,321,-1,321,302,301,-1,321,301,322,-1,322,301,300,-1,322,300,312,-1,312,300,107,-1,312,107,84,-1,95,97,142,-1,142,97,141,-1,142,141,277,-1,277,141,144,-1,277,144,268,-1,268,144,145,-1,268,145,251,-1,251,145,147,-1,251,147,252,-1,323,324,325,-1,324,323,326,-1,192,327,193,-1,193,327,328,-1,193,328,329,-1,330,331,332,-1,333,334,335,-1,336,337,338,-1,338,337,339,-1,338,339,340,-1,341,342,343,-1,343,342,344,-1,343,344,345,-1,346,204,347,-1,347,204,200,-1,347,200,348,-1,348,200,199,-1,348,199,349,-1,349,199,194,-1,349,194,350,-1,350,194,193,-1,350,193,323,-1,323,193,329,-1,323,329,326,-1,351,346,352,-1,352,346,347,-1,352,347,353,-1,353,347,348,-1,353,348,354,-1,354,348,349,-1,354,349,355,-1,355,349,350,-1,355,350,356,-1,356,350,323,-1,356,323,338,-1,338,323,325,-1,338,325,336,-1,357,351,358,-1,358,351,352,-1,358,352,359,-1,359,352,353,-1,359,353,360,-1,360,353,354,-1,360,354,361,-1,361,354,355,-1,361,355,362,-1,362,355,356,-1,362,356,363,-1,363,356,338,-1,363,338,343,-1,343,338,340,-1,343,340,341,-1,364,357,365,-1,365,357,358,-1,365,358,366,-1,366,358,359,-1,366,359,367,-1,367,359,360,-1,367,360,368,-1,368,360,361,-1,368,361,369,-1,369,361,362,-1,369,362,370,-1,370,362,363,-1,370,363,371,-1,371,363,343,-1,371,343,330,-1,330,343,345,-1,330,345,331,-1,372,364,373,-1,373,364,365,-1,373,365,374,-1,374,365,366,-1,374,366,375,-1,375,366,367,-1,375,367,376,-1,376,367,368,-1,376,368,377,-1,377,368,369,-1,377,369,378,-1,378,369,370,-1,378,370,379,-1,379,370,371,-1,379,371,380,-1,380,371,330,-1,380,330,333,-1,333,330,332,-1,333,332,334,-1,381,372,382,-1,382,372,373,-1,382,373,383,-1,383,373,374,-1,383,374,384,-1,384,374,375,-1,384,375,385,-1,385,375,376,-1,385,376,386,-1,386,376,377,-1,386,377,387,-1,387,377,378,-1,387,378,388,-1,388,378,379,-1,388,379,389,-1,389,379,380,-1,389,380,390,-1,390,380,333,-1,390,333,391,-1,392,393,394,-1,394,393,395,-1,394,395,396,-1,396,395,397,-1,396,397,398,-1,399,400,401,-1,401,400,402,-1,401,402,403,-1,403,402,404,-1,403,404,405,-1,405,404,406,-1,405,406,407,-1,407,406,137,-1,407,137,408,-1,28,26,408,-1,35,33,137,-1,137,33,31,-1,137,31,408,-1,408,31,29,-1,408,29,28,-1,23,21,220,-1,220,21,19,-1,220,19,17,-1,209,399,207,-1,207,399,401,-1,207,401,214,-1,214,401,403,-1,214,403,212,-1,212,403,405,-1,212,405,217,-1,217,405,407,-1,217,407,222,-1,222,407,408,-1,222,408,220,-1,220,408,26,-1,220,26,23,-1,46,139,47,-1,47,139,138,-1,47,138,49,-1,49,138,51,-1,61,53,393,-1,63,62,392,-1,392,62,58,-1,392,58,393,-1,393,58,60,-1,393,60,61,-1,53,51,393,-1,393,51,138,-1,393,138,395,-1,395,138,140,-1,395,140,397,-1,46,44,139,-1,139,44,41,-1,139,41,39,-1,400,398,402,-1,402,398,397,-1,402,397,404,-1,404,397,140,-1,404,140,406,-1,406,140,139,-1,406,139,137,-1,137,139,39,-1,137,39,37,-1,409,410,266,-1,266,410,411,-1,266,411,267,-1,335,412,333,-1,333,412,413,-1,333,413,391,-1,391,413,414,-1,391,414,415,-1,311,381,287,-1,287,381,382,-1,287,382,146,-1,146,382,383,-1,146,383,147,-1,147,383,384,-1,147,384,252,-1,252,384,385,-1,252,385,254,-1,254,385,386,-1,254,386,256,-1,256,386,387,-1,256,387,258,-1,258,387,388,-1,258,388,260,-1,260,388,389,-1,260,389,262,-1,262,389,390,-1,262,390,264,-1,264,390,391,-1,264,391,266,-1,266,391,415,-1,266,415,409,-1,71,69,311,-1,311,69,67,-1,311,67,65,-1,65,63,311,-1,311,63,392,-1,311,392,381,-1,381,392,394,-1,381,394,372,-1,372,394,396,-1,372,396,364,-1,364,396,398,-1,364,398,357,-1,357,398,400,-1,357,400,351,-1,351,400,399,-1,351,399,346,-1,346,399,209,-1,346,209,204,-1,204,209,211,-1,204,211,202,-1,136,416,134,-1,134,416,417,-1,134,417,132,-1,132,417,418,-1,132,418,130,-1,130,418,419,-1,130,419,119,-1,119,419,420,-1,119,420,120,-1,120,420,421,-1,120,421,122,-1,122,421,422,-1,122,422,124,-1,124,422,423,-1,124,423,126,-1,126,423,424,-1,126,424,128,-1,128,424,425,-1,128,425,129,-1,129,425,426,-1,129,426,117,-1,117,426,427,-1,117,427,115,-1,115,427,428,-1,115,428,113,-1,113,428,429,-1,113,429,111,-1,111,429,430,-1,111,430,108,-1,108,430,431,-1,108,431,106,-1,106,431,432,-1,106,432,85,-1,85,432,433,-1,85,433,86,-1,86,433,434,-1,86,434,88,-1,88,434,435,-1,88,435,90,-1,90,435,436,-1,90,436,92,-1,92,436,437,-1,92,437,94,-1,94,437,438,-1,94,438,96,-1,96,438,439,-1,96,439,98,-1,98,439,440,-1,98,440,100,-1,100,440,441,-1,100,441,102,-1,102,441,442,-1,102,442,104,-1,104,442,443,-1,104,443,105,-1,105,443,444,-1,105,444,76,-1,76,444,445,-1,76,445,78,-1,78,445,446,-1,78,446,81,-1,81,446,447,-1,81,447,79,-1,79,447,448,-1,79,448,74,-1,74,448,449,-1,74,449,72,-1,72,449,450,-1,72,450,70,-1,70,450,451,-1,70,451,68,-1,68,451,452,-1,68,452,66,-1,66,452,453,-1,66,453,64,-1,64,453,454,-1,64,454,56,-1,56,454,455,-1,56,455,57,-1,57,455,456,-1,57,456,59,-1,59,456,457,-1,59,457,55,-1,55,457,458,-1,55,458,54,-1,54,458,459,-1,54,459,52,-1,52,459,460,-1,52,460,50,-1,50,460,461,-1,50,461,48,-1,48,461,462,-1,48,462,45,-1,45,462,463,-1,45,463,43,-1,43,463,464,-1,43,464,42,-1,42,464,465,-1,42,465,40,-1,40,465,466,-1,40,466,38,-1,38,466,467,-1,38,467,36,-1,36,467,468,-1,36,468,34,-1,34,468,469,-1,34,469,32,-1,32,469,470,-1,32,470,30,-1,30,470,471,-1,30,471,27,-1,27,471,472,-1,27,472,25,-1,25,472,473,-1,25,473,24,-1,24,473,474,-1,24,474,22,-1,22,474,475,-1,22,475,20,-1,20,475,476,-1,20,476,18,-1,18,476,477,-1,18,477,9,-1,9,477,478,-1,9,478,10,-1,10,478,479,-1,10,479,12,-1,12,479,480,-1,12,480,14,-1,14,480,481,-1,14,481,15,-1,15,481,482,-1,15,482,1,-1,1,482,483,-1,1,483,3,-1,3,483,484,-1,3,484,5,-1,5,484,485,-1,5,485,7,-1,7,485,486,-1,7,486,8,-1,8,486,487,-1,488,489,325,-1,325,489,336,-1,489,490,336,-1,336,490,491,-1,336,491,337,-1,337,491,492,-1,337,492,339,-1,339,492,340,-1,492,493,340,-1,340,493,494,-1,340,494,341,-1,341,494,495,-1,341,495,342,-1,342,495,496,-1,342,496,344,-1,344,496,497,-1,344,497,345,-1,345,497,498,-1,345,498,331,-1,331,498,332,-1,498,499,332,-1,332,499,500,-1,332,500,334,-1,334,500,501,-1,334,501,335,-1,335,501,502,-1,335,502,412,-1,412,502,413,-1,502,503,413,-1,413,503,504,-1,413,504,414,-1,414,504,505,-1,414,505,415,-1,415,505,506,-1,415,506,409,-1,409,506,507,-1,409,507,410,-1,410,507,508,-1,410,508,411,-1,411,508,509,-1,411,509,267,-1,267,509,510,-1,267,510,229,-1,229,510,511,-1,229,511,230,-1,230,511,512,-1,230,512,232,-1,232,512,513,-1,226,225,514,-1,514,225,515,-1,514,515,516,-1,225,233,515,-1,515,233,232,-1,515,232,516,-1,516,232,513,-1,514,517,226,-1,226,517,518,-1,226,518,228,-1,228,518,519,-1,228,519,247,-1,247,519,520,-1,247,520,248,-1,248,520,250,-1,250,520,521,-1,250,521,237,-1,237,521,522,-1,237,522,236,-1,522,523,236,-1,236,523,524,-1,236,524,234,-1,234,524,525,-1,234,525,238,-1,238,525,526,-1,238,526,240,-1,240,526,527,-1,240,527,241,-1,241,527,528,-1,241,528,242,-1,242,528,529,-1,242,529,243,-1,243,529,530,-1,243,530,245,-1,245,530,246,-1,246,530,531,-1,246,531,179,-1,531,532,179,-1,179,532,533,-1,179,533,180,-1,180,533,534,-1,180,534,182,-1,534,535,182,-1,182,535,536,-1,182,536,187,-1,187,536,537,-1,536,538,537,-1,537,538,539,-1,537,539,540,-1,540,539,541,-1,540,541,542,-1,541,543,542,-1,542,543,544,-1,542,544,545,-1,545,544,546,-1,545,546,547,-1,547,546,548,-1,547,548,549,-1,549,548,550,-1,549,550,551,-1,325,324,488,-1,488,324,326,-1,488,326,552,-1,552,326,329,-1,552,329,553,-1,553,329,328,-1,553,328,554,-1,554,328,327,-1,554,327,555,-1,555,327,192,-1,555,192,556,-1,556,192,189,-1,556,189,557,-1,557,189,188,-1,557,188,558,-1,558,188,559,-1,558,559,560,-1,560,559,561,-1,560,561,562,-1,562,561,563,-1,562,563,564,-1,564,563,565,-1,565,563,566,-1,566,563,567,-1,566,567,568,-1,568,567,569,-1,568,569,570,-1,570,569,571,-1,570,571,572,-1,573,574,575,-1,575,574,576,-1,575,576,577,-1,577,576,578,-1,577,578,579,-1,579,578,580,-1,579,580,581,-1,581,580,582,-1,581,582,583,-1,583,582,584,-1,583,584,585,-1,585,584,586,-1,585,586,587,-1,587,586,588,-1,587,588,589,-1,589,588,590,-1,588,591,590,-1,590,591,592,-1,590,592,593,-1,593,592,594,-1,593,594,595,-1,595,594,596,-1,595,596,597,-1,597,596,598,-1,597,598,599,-1,599,598,600,-1,599,600,601,-1,601,600,602,-1,601,602,603,-1,603,602,604,-1,603,604,605,-1,605,604,606,-1,605,606,607,-1,607,606,608,-1,607,608,609,-1,610,611,612,-1,610,612,613,-1,610,614,611,-1,611,614,615,-1,611,615,616,-1,616,615,617,-1,616,617,609,-1,609,617,618,-1,609,618,607,-1,612,619,613,-1,613,619,620,-1,613,620,621,-1,621,620,622,-1,621,622,623,-1,623,622,624,-1,623,624,625,-1,625,624,626,-1,625,626,627,-1,627,626,628,-1,627,628,629,-1,629,628,630,-1,629,630,631,-1,631,630,632,-1,631,632,633,-1,633,632,634,-1,633,634,635,-1,635,634,636,-1,634,637,636,-1,636,637,638,-1,636,638,639,-1,639,638,640,-1,639,640,641,-1,641,640,642,-1,641,642,643,-1,643,642,644,-1,643,644,645,-1,645,644,646,-1,645,646,647,-1,647,646,648,-1,647,648,649,-1,649,648,650,-1,649,650,651,-1,651,650,652,-1,651,652,653,-1,652,654,653,-1,653,654,655,-1,653,655,656,-1,656,655,657,-1,656,657,658,-1,658,657,659,-1,657,660,659,-1,659,660,661,-1,659,661,662,-1,662,661,663,-1,662,663,664,-1,664,663,665,-1,665,663,666,-1,665,666,667,-1,666,668,667,-1,667,668,669,-1,667,669,670,-1,670,669,671,-1,670,671,672,-1,672,671,673,-1,672,673,674,-1,674,673,675,-1,674,675,676,-1,676,675,677,-1,675,678,677,-1,677,678,679,-1,677,679,680,-1,680,679,681,-1,680,681,682,-1,681,683,682,-1,682,683,684,-1,682,684,685,-1,685,684,686,-1,685,686,687,-1,687,686,688,-1,687,688,689,-1,689,688,690,-1,689,690,691,-1,692,693,694,-1,694,693,695,-1,694,695,696,-1,696,695,697,-1,696,697,698,-1,698,697,699,-1,698,699,700,-1,700,699,701,-1,700,701,573,-1,573,701,702,-1,573,702,574,-1,692,694,703,-1,703,694,704,-1,703,704,705,-1,705,704,706,-1,705,706,707,-1,707,706,708,-1,707,708,709,-1,709,710,707,-1,707,710,711,-1,707,711,705,-1,705,711,712,-1,705,712,703,-1,703,712,713,-1,703,713,692,-1,692,713,714,-1,692,714,693,-1,693,714,715,-1,693,715,695,-1,695,715,716,-1,695,716,697,-1,697,716,717,-1,697,717,699,-1,699,717,718,-1,699,718,701,-1,701,718,719,-1,701,719,702,-1,702,719,720,-1,702,720,574,-1,574,720,721,-1,574,721,576,-1,576,721,722,-1,576,722,578,-1,578,722,723,-1,578,723,580,-1,580,723,724,-1,580,724,582,-1,582,724,725,-1,582,725,584,-1,584,725,726,-1,584,726,586,-1,586,726,727,-1,586,727,588,-1,588,727,728,-1,588,728,591,-1,591,728,729,-1,591,729,592,-1,592,729,730,-1,592,730,594,-1,594,730,731,-1,594,731,596,-1,596,731,732,-1,596,732,598,-1,598,732,733,-1,598,733,600,-1,600,733,734,-1,600,734,602,-1,602,734,735,-1,602,735,604,-1,604,735,736,-1,604,736,606,-1,606,736,737,-1,606,737,608,-1,608,737,738,-1,608,738,609,-1,609,738,739,-1,609,739,616,-1,616,739,740,-1,616,740,611,-1,611,740,741,-1,611,741,612,-1,612,741,742,-1,612,742,619,-1,619,742,743,-1,619,743,620,-1,620,743,744,-1,620,744,622,-1,622,744,745,-1,622,745,624,-1,624,745,746,-1,624,746,626,-1,626,746,747,-1,626,747,628,-1,628,747,748,-1,628,748,630,-1,630,748,749,-1,630,749,632,-1,632,749,750,-1,632,750,634,-1,634,750,751,-1,634,751,637,-1,637,751,752,-1,637,752,638,-1,638,752,753,-1,638,753,640,-1,640,753,754,-1,640,754,642,-1,642,754,755,-1,642,755,644,-1,644,755,756,-1,644,756,646,-1,646,756,757,-1,646,757,648,-1,648,757,758,-1,648,758,650,-1,650,758,759,-1,650,759,652,-1,652,759,760,-1,652,760,654,-1,654,760,761,-1,654,761,655,-1,655,761,762,-1,655,762,657,-1,657,762,763,-1,657,763,660,-1,660,763,764,-1,660,764,661,-1,661,764,765,-1,661,765,663,-1,663,765,766,-1,663,766,666,-1,666,766,767,-1,666,767,668,-1,668,767,768,-1,668,768,669,-1,669,768,769,-1,669,769,671,-1,671,769,770,-1,671,770,673,-1,673,770,771,-1,673,771,675,-1,675,771,772,-1,675,772,678,-1,678,772,773,-1,678,773,679,-1,679,773,774,-1,679,774,681,-1,681,774,775,-1,681,775,683,-1,683,775,776,-1,683,776,684,-1,684,776,777,-1,684,777,686,-1,686,777,778,-1,686,778,688,-1,688,778,779,-1,688,779,690,-1,690,779,780,-1,690,780,691,-1,691,780,781,-1,782,476,783,-1,783,476,475,-1,783,475,784,-1,784,475,474,-1,784,474,785,-1,785,474,473,-1,785,473,786,-1,786,473,472,-1,786,472,787,-1,787,472,471,-1,787,471,788,-1,788,471,470,-1,788,470,789,-1,789,470,469,-1,789,469,790,-1,790,469,468,-1,790,468,791,-1,791,468,467,-1,791,467,792,-1,792,467,466,-1,792,466,793,-1,793,466,465,-1,793,465,794,-1,794,465,464,-1,794,464,795,-1,795,464,463,-1,795,463,796,-1,796,463,462,-1,796,462,797,-1,797,462,461,-1,797,461,798,-1,798,461,460,-1,798,460,799,-1,460,459,799,-1,799,459,458,-1,799,458,800,-1,800,458,801,-1,801,458,457,-1,801,457,802,-1,802,457,456,-1,802,456,803,-1,803,456,455,-1,803,455,804,-1,455,454,804,-1,804,454,453,-1,804,453,805,-1,805,453,452,-1,446,445,806,-1,806,807,446,-1,446,807,808,-1,446,808,447,-1,447,808,809,-1,447,809,448,-1,448,809,810,-1,448,810,449,-1,449,810,811,-1,449,811,450,-1,450,811,812,-1,450,812,451,-1,451,812,813,-1,451,813,452,-1,452,813,814,-1,452,814,805,-1,445,444,806,-1,806,444,443,-1,806,443,815,-1,815,443,442,-1,815,442,816,-1,816,442,441,-1,816,441,817,-1,817,441,818,-1,818,441,440,-1,818,440,819,-1,819,440,439,-1,819,439,820,-1,439,438,820,-1,820,438,437,-1,820,437,821,-1,437,436,821,-1,821,436,435,-1,821,435,822,-1,822,435,434,-1,822,434,823,-1,823,434,824,-1,434,433,824,-1,824,433,432,-1,824,432,825,-1,825,432,431,-1,825,431,826,-1,826,431,827,-1,827,431,430,-1,827,430,828,-1,430,429,828,-1,828,429,428,-1,828,428,829,-1,829,428,427,-1,829,427,830,-1,830,427,426,-1,830,426,831,-1,831,426,425,-1,831,425,832,-1,832,425,833,-1,425,424,833,-1,833,424,423,-1,833,423,834,-1,834,423,422,-1,834,422,835,-1,422,421,835,-1,835,421,420,-1,835,420,836,-1,836,420,419,-1,836,419,837,-1,837,419,418,-1,837,418,838,-1,838,418,417,-1,838,417,416,-1,483,482,839,-1,839,482,481,-1,839,481,840,-1,840,481,480,-1,840,480,841,-1,841,480,479,-1,841,479,842,-1,842,479,478,-1,842,478,782,-1,782,478,477,-1,782,477,476,-1,483,839,484,-1,484,839,843,-1,484,843,485,-1,485,843,844,-1,485,844,486,-1,486,844,845,-1,486,845,487,-1,
        ]
    }
}
Shape{
    appearance Appearance {
        material  Material 	{
            diffuseColor 1.0 1.0 1.0
            specularColor 0.5019607843137255 0.5019607843137255 0.5019607843137255
            ambientIntensity 1.0
            transparency 0.0
            shininess 0.5
        }
    }
    geometry IndexedFaceSet {
        ccw TRUE
        solid FALSE
        coord DEF co Coordinate {
            point [
                -0.1958 -0.3393 3.6779, -0.1767 -0.3518 3.6779, -0.1723 -0.343 3.7656, -0.2766 -0.2767 3.6779, -0.2531 -0.3016 3.6779, -0.2467 -0.294 3.7656, -0.3386 -0.1955 3.6779, -0.3158 -0.2351 3.6779, -0.3079 -0.2292 3.7656, -0.3779 -0.1012 3.6779, -0.3615 -0.1559 3.6779, -0.3524 -0.152 3.7656, -0.3917 0.0001 3.6779, -0.3877 -0.0684 3.6779, -0.378 -0.0667 3.7656, -0.3791 0.1017 3.6779, -0.393 0.0229 3.6779, -0.3832 0.0223 3.7656, 0.196 0.3392 3.6779, 0.1347 0.37 3.6779, 0.1313 0.3607 3.7656, 0.3779 -0.1012 3.6779, 0.3877 -0.0684 3.6779, 0.378 -0.0667 3.7656, 0.3386 -0.1955 3.6779, 0.3615 -0.1559 3.6779, 0.3524 -0.152 3.7656, 0.2766 -0.2767 3.6779, 0.3158 -0.2351 3.6779, 0.3079 -0.2292 3.7656, 0.1958 -0.3393 3.6779, 0.2531 -0.3016 3.6779, 0.2467 -0.294 3.7656, 0.1015 -0.3792 3.6779, 0.1767 -0.3518 3.6779, 0.1723 -0.343 3.7656, 0.0 -0.3937 3.6779, 0.0908 -0.3831 3.6779, 0.0885 -0.3735 3.7656, -0.0584 0.1605 4.0327, -0.03 0.0823 4.0618, -0.0102 0.087 4.0618, 0.0 0.0 4.0717, -0.0481 0.0732 4.0618, 0.1705 0.0099 4.0327, 0.0875 0.0051 4.0618, 0.0863 -0.0152 4.0618, 0.0839 0.0251 4.0618, 0.1636 0.049 4.0327, 0.2352 0.0704 3.9858, 0.0759 0.0438 4.0618, -0.0939 0.1427 4.0327, -0.1349 0.2051 3.9858, -0.0637 0.0601 4.0618, 0.1479 0.0854 4.0327, 0.2126 0.1227 3.9858, 0.2666 0.1539 3.9234, 0.0637 0.0601 4.0618, -0.1243 0.1172 4.0327, -0.1785 0.1685 3.9858, -0.2239 0.2112 3.9234, -0.0759 0.0438 4.0618, 0.2451 0.0143 3.9858, 0.3073 0.0179 3.9234, 0.2949 0.0883 3.9234, 0.1243 0.1172 4.0327, 0.1785 0.1685 3.9858, 0.2239 0.2112 3.9234, 0.258 0.2434 3.8488, 0.0481 0.0732 4.0618, -0.1479 0.0854 4.0327, -0.2126 0.1227 3.9858, -0.2666 0.1539 3.9234, -0.3072 0.1774 3.8488, -0.0839 0.0251 4.0618, 0.3072 0.1774 3.8488, 0.3398 0.1017 3.8488, 0.3541 0.0206 3.8488, 0.0939 0.1427 4.0327, 0.1349 0.2051 3.9858, 0.1691 0.2572 3.9234, 0.1949 0.2964 3.8488, 0.2109 0.3207 3.7656, -0.1636 0.049 4.0327, -0.2352 0.0704 3.9858, -0.2949 0.0883 3.9234, -0.3398 0.1017 3.8488, -0.3677 0.1101 3.7656, 0.2792 0.2634 3.7656, 0.3324 0.1919 3.7656, 0.3677 0.1101 3.7656, 0.3832 0.0223 3.7656, 0.0412 0.3523 3.8488, 0.0446 0.3812 3.7656, -0.0446 0.3812 3.7656, 0.0584 0.1605 4.0327, 0.084 0.2307 3.9858, 0.0285 0.2438 3.9858, 0.0357 0.3057 3.9234, -0.0357 0.3057 3.9234, -0.0412 0.3523 3.8488, -0.1213 0.3333 3.8488, -0.1313 0.3607 3.7656, -0.2109 0.3207 3.7656, -0.0908 -0.3831 3.6779, 0.0 -0.3838 3.7656, 0.0 -0.3547 3.8488, 0.0818 -0.3452 3.8488, 0.0 -0.3078 3.9234, 0.071 -0.2995 3.9234, 0.0 -0.2455 3.9858, 0.0566 -0.2389 3.9858, 0.0 -0.1708 4.0327, 0.0394 -0.1662 4.0327, 0.0 -0.0876 4.0618, 0.0202 -0.0852 4.0618, 0.1592 -0.317 3.8488, 0.1381 -0.2751 3.9234, 0.1102 -0.2194 3.9858, 0.0767 -0.1527 4.0327, 0.0393 -0.0783 4.0618, 0.228 -0.2717 3.8488, 0.1979 -0.2358 3.9234, 0.1578 -0.188 3.9858, 0.1098 -0.1309 4.0327, 0.0563 -0.0671 4.0618, 0.2845 -0.2118 3.8488, 0.3257 -0.1405 3.8488, 0.2469 -0.1838 3.9234, 0.2826 -0.1219 3.9234, 0.1969 -0.1466 3.9858, 0.2254 -0.0972 3.9858, 0.137 -0.102 4.0327, 0.1568 -0.0677 4.0327, 0.0703 -0.0523 4.0618, 0.0804 -0.0347 4.0618, 0.3493 -0.0616 3.8488, 0.3031 -0.0535 3.9234, 0.2417 -0.0426 3.9858, 0.1682 -0.0297 4.0327, 0.3937 0.0 3.6779, 0.393 0.0229 3.6779, 0.3791 0.1017 3.6779, 0.3772 0.1129 3.6779, 0.341 0.1969 3.6779, 0.2864 0.2702 3.6779, 0.2776 0.2775 3.6779, 0.2163 0.3289 3.6779, 0.1013 0.3779 3.6779, 0.1213 0.3333 3.8488, 0.1053 0.2892 3.9234, 0.0457 0.391 3.6779, 0.0 0.391 3.6779, -0.0457 0.391 3.6779, -0.1013 0.3779 3.6779, -0.1347 0.37 3.6779, -0.196 0.3392 3.6779, -0.2163 0.3289 3.6779, -0.2776 0.2775 3.6779, 0.03 0.0823 4.0618, 0.0198 0.1697 4.0327, -0.0285 0.2438 3.9858, -0.1053 0.2892 3.9234, -0.1949 0.2964 3.8488, -0.2792 0.2634 3.7656, -0.2864 0.2702 3.6779, 0.0102 0.087 4.0618, -0.0198 0.1697 4.0327, -0.084 0.2307 3.9858, -0.1691 0.2572 3.9234, -0.258 0.2434 3.8488, -0.3324 0.1919 3.7656, -0.341 0.1969 3.6779, -0.3772 0.1129 3.6779, -0.3541 0.0206 3.8488, -0.3493 -0.0616 3.8488, -0.3073 0.0179 3.9234, -0.3031 -0.0535 3.9234, -0.2451 0.0143 3.9858, -0.2417 -0.0426 3.9858, -0.1705 0.0099 4.0327, -0.1682 -0.0297 4.0327, -0.0875 0.0051 4.0618, -0.0863 -0.0152 4.0618, -0.3257 -0.1405 3.8488, -0.2826 -0.1219 3.9234, -0.2254 -0.0972 3.9858, -0.1568 -0.0677 4.0327, -0.0804 -0.0347 4.0618, -0.2845 -0.2118 3.8488, -0.2469 -0.1838 3.9234, -0.1969 -0.1466 3.9858, -0.137 -0.102 4.0327, -0.0703 -0.0523 4.0618, -0.228 -0.2717 3.8488, -0.1979 -0.2358 3.9234, -0.1578 -0.188 3.9858, -0.1098 -0.1309 4.0327, -0.0563 -0.0671 4.0618, -0.1592 -0.317 3.8488, -0.1381 -0.2751 3.9234, -0.1102 -0.2194 3.9858, -0.0767 -0.1527 4.0327, -0.0393 -0.0783 4.0618, -0.1015 -0.3792 3.6779, -0.0885 -0.3735 3.7656, -0.0818 -0.3452 3.8488, -0.071 -0.2995 3.9234, -0.0566 -0.2389 3.9858, -0.0394 -0.1662 4.0327, -0.0202 -0.0852 4.0618
            ]
        }
        coordIndex [
            0,1,2,-1,3,4,5,-1,6,7,8,-1,9,10,11,-1,12,13,14,-1,15,16,17,-1,18,19,20,-1,21,22,23,-1,24,25,26,-1,27,28,29,-1,30,31,32,-1,33,34,35,-1,36,37,38,-1,39,40,41,-1,41,40,42,-1,43,42,40,-1,44,45,46,-1,46,45,42,-1,47,42,45,-1,47,45,48,-1,48,45,44,-1,48,44,49,-1,50,42,47,-1,43,40,51,-1,51,40,39,-1,51,39,52,-1,53,42,43,-1,50,47,54,-1,54,47,48,-1,54,48,55,-1,55,48,49,-1,55,49,56,-1,57,42,50,-1,53,43,58,-1,58,43,51,-1,58,51,59,-1,59,51,52,-1,59,52,60,-1,61,42,53,-1,62,63,64,-1,57,50,65,-1,65,50,54,-1,65,54,66,-1,66,54,55,-1,66,55,67,-1,67,55,56,-1,67,56,68,-1,69,42,57,-1,61,53,70,-1,70,53,58,-1,70,58,71,-1,71,58,59,-1,71,59,72,-1,72,59,60,-1,72,60,73,-1,74,42,61,-1,75,64,76,-1,76,64,63,-1,76,63,77,-1,69,57,78,-1,78,57,65,-1,78,65,79,-1,79,65,66,-1,79,66,80,-1,80,66,67,-1,80,67,81,-1,81,67,68,-1,81,68,82,-1,74,61,83,-1,83,61,70,-1,83,70,84,-1,84,70,71,-1,84,71,85,-1,85,71,72,-1,85,72,86,-1,86,72,73,-1,86,73,87,-1,88,75,89,-1,89,75,76,-1,89,76,90,-1,90,76,77,-1,90,77,91,-1,92,93,94,-1,95,96,97,-1,97,96,98,-1,97,98,99,-1,99,98,100,-1,99,100,101,-1,101,100,102,-1,101,102,103,-1,104,36,105,-1,105,36,38,-1,105,38,106,-1,106,38,107,-1,106,107,108,-1,108,107,109,-1,108,109,110,-1,110,109,111,-1,110,111,112,-1,112,111,113,-1,112,113,114,-1,114,113,115,-1,114,115,42,-1,37,33,38,-1,38,33,35,-1,38,35,107,-1,107,35,116,-1,107,116,109,-1,109,116,117,-1,109,117,111,-1,111,117,118,-1,111,118,113,-1,113,118,119,-1,113,119,115,-1,115,119,120,-1,115,120,42,-1,34,30,35,-1,35,30,32,-1,35,32,116,-1,116,32,121,-1,116,121,117,-1,117,121,122,-1,117,122,118,-1,118,122,123,-1,118,123,119,-1,119,123,124,-1,119,124,120,-1,120,124,125,-1,120,125,42,-1,28,24,29,-1,29,24,26,-1,29,26,126,-1,126,26,127,-1,126,127,128,-1,128,127,129,-1,128,129,130,-1,130,129,131,-1,130,131,132,-1,132,131,133,-1,132,133,134,-1,134,133,135,-1,134,135,42,-1,25,21,26,-1,26,21,23,-1,26,23,127,-1,127,23,136,-1,127,136,129,-1,129,136,137,-1,129,137,131,-1,131,137,138,-1,131,138,133,-1,133,138,139,-1,133,139,135,-1,22,140,23,-1,23,140,91,-1,23,91,136,-1,136,91,77,-1,136,77,137,-1,137,77,63,-1,137,63,138,-1,138,63,62,-1,138,62,139,-1,140,141,91,-1,91,141,142,-1,91,142,90,-1,90,142,143,-1,90,143,89,-1,89,143,144,-1,89,144,88,-1,88,144,145,-1,88,145,146,-1,42,135,46,-1,46,135,139,-1,46,139,44,-1,44,139,62,-1,44,62,49,-1,49,62,64,-1,49,64,56,-1,56,64,75,-1,56,75,68,-1,68,75,88,-1,68,88,82,-1,82,88,146,-1,82,146,147,-1,31,27,32,-1,32,27,29,-1,32,29,121,-1,121,29,126,-1,121,126,122,-1,122,126,128,-1,122,128,123,-1,123,128,130,-1,123,130,124,-1,124,130,132,-1,124,132,125,-1,125,132,134,-1,125,134,42,-1,19,148,20,-1,20,148,93,-1,20,93,149,-1,149,93,92,-1,149,92,150,-1,148,151,93,-1,93,151,152,-1,93,152,94,-1,94,152,153,-1,94,153,154,-1,96,150,98,-1,98,150,92,-1,98,92,100,-1,100,92,94,-1,100,94,102,-1,102,94,154,-1,154,155,102,-1,102,155,156,-1,102,156,103,-1,103,156,157,-1,103,157,158,-1,159,95,160,-1,160,95,97,-1,160,97,161,-1,161,97,99,-1,161,99,162,-1,162,99,101,-1,162,101,163,-1,163,101,103,-1,163,103,164,-1,164,103,158,-1,164,158,165,-1,42,159,166,-1,166,159,160,-1,166,160,167,-1,167,160,161,-1,167,161,168,-1,168,161,162,-1,168,162,169,-1,169,162,163,-1,169,163,170,-1,170,163,164,-1,170,164,171,-1,171,164,165,-1,171,165,172,-1,42,166,41,-1,41,166,167,-1,41,167,39,-1,39,167,168,-1,39,168,52,-1,52,168,169,-1,52,169,60,-1,60,169,170,-1,60,170,73,-1,73,170,171,-1,73,171,87,-1,87,171,172,-1,87,172,173,-1,147,18,82,-1,82,18,20,-1,82,20,81,-1,81,20,149,-1,81,149,80,-1,80,149,150,-1,80,150,79,-1,79,150,96,-1,79,96,78,-1,78,96,95,-1,78,95,69,-1,69,95,159,-1,69,159,42,-1,16,12,17,-1,17,12,14,-1,17,14,174,-1,174,14,175,-1,174,175,176,-1,176,175,177,-1,176,177,178,-1,178,177,179,-1,178,179,180,-1,180,179,181,-1,180,181,182,-1,182,181,183,-1,182,183,42,-1,13,9,14,-1,14,9,11,-1,14,11,175,-1,175,11,184,-1,175,184,177,-1,177,184,185,-1,177,185,179,-1,179,185,186,-1,179,186,181,-1,181,186,187,-1,181,187,183,-1,183,187,188,-1,183,188,42,-1,10,6,11,-1,11,6,8,-1,11,8,184,-1,184,8,189,-1,184,189,185,-1,185,189,190,-1,185,190,186,-1,186,190,191,-1,186,191,187,-1,187,191,192,-1,187,192,188,-1,188,192,193,-1,188,193,42,-1,7,3,8,-1,8,3,5,-1,8,5,189,-1,189,5,194,-1,189,194,190,-1,190,194,195,-1,190,195,191,-1,191,195,196,-1,191,196,192,-1,192,196,197,-1,192,197,193,-1,193,197,198,-1,193,198,42,-1,4,0,5,-1,5,0,2,-1,5,2,194,-1,194,2,199,-1,194,199,195,-1,195,199,200,-1,195,200,196,-1,196,200,201,-1,196,201,197,-1,197,201,202,-1,197,202,198,-1,198,202,203,-1,198,203,42,-1,1,204,2,-1,2,204,205,-1,2,205,199,-1,199,205,206,-1,199,206,200,-1,200,206,207,-1,200,207,201,-1,201,207,208,-1,201,208,202,-1,202,208,209,-1,202,209,203,-1,203,209,210,-1,203,210,42,-1,204,104,205,-1,205,104,105,-1,205,105,206,-1,206,105,106,-1,206,106,207,-1,207,106,108,-1,207,108,208,-1,208,108,110,-1,208,110,209,-1,209,110,112,-1,209,112,210,-1,210,112,114,-1,210,114,42,-1,173,15,87,-1,87,15,17,-1,87,17,86,-1,86,17,174,-1,86,174,85,-1,85,174,176,-1,85,176,84,-1,84,176,178,-1,84,178,83,-1,83,178,180,-1,83,180,74,-1,74,180,182,-1,74,182,42,-1,
        ]
    }
}
Shape{
    appearance Appearance {
        material  Material 	{
            diffuseColor 0.29411764705882354 0.29411764705882354 0.29411764705882354
            specularColor 0.14901960784313725 0.14901960784313725 0.14901960784313725
            ambientIntensity 0.2941
            transparency 0.0
            shininess 0.5
        }
    }
    geometry IndexedFaceSet {
        ccw TRUE
        solid FALSE
        coord DEF co Coordinate {
            point [
                0.4999 -1.2203 2.2112, 0.4999 -1.2204 2.2034, 0.5725 -1.1871 2.214, 0.5724 -1.187 2.2061, 0.6009 -1.1741 2.2151, 0.6047 -1.1721 2.2073, 0.6594 -1.1409 2.2174, 0.6594 -1.1409 2.2095, 0.6968 -1.1198 2.2188, 0.7002 -1.1177 2.2111, 0.7132 -1.1086 2.2195, 0.7133 -1.1087 2.2116, 0.7427 -1.0885 2.2207, 0.7427 -1.0885 2.2128, 0.7876 -1.0579 2.2226, 0.791 -1.0554 2.2147, 0.8219 -1.03 2.2242, 0.822 -1.03 2.2161, 0.876 -0.986 2.2266, 0.877 -0.9851 2.2185, 0.8967 -0.9659 2.2276, 0.8968 -0.9659 2.2194, 0.9028 -0.9601 2.2279, 0.9028 -0.9601 2.2197, 0.9558 -0.9088 2.2305, 0.9588 -0.9057 2.2224, 0.9666 -0.8964 2.231, 0.9668 -0.8965 2.2228, 1.0283 -0.8259 2.2342, 1.0308 -0.8227 2.2262, 1.0312 -0.8219 2.2344, 1.0314 -0.822 2.2262, 1.0623 -0.7797 2.2361, 1.0623 -0.7797 2.228, 1.0897 -0.7425 2.2377, 1.0896 -0.7424 2.2296, 1.0935 -0.7374 2.2379, 1.0959 -0.7338 2.23, 1.1417 -0.6588 2.241, 1.1417 -0.6588 2.2331, 1.1531 -0.6402 2.2417, 1.1538 -0.639 2.2339, 1.1865 -0.5735 2.2443, 1.1864 -0.5735 2.2364, 1.1875 -0.5716 2.2443, 1.1874 -0.5716 2.2364, 1.2029 -0.541 2.2455, 1.2046 -0.537 2.2377, 1.2267 -0.4813 2.2477, 1.2267 -0.4813 2.2397, 1.2438 -0.4387 2.2493, 1.2451 -0.4349 2.2414, 1.2592 -0.3884 2.2512, 1.2592 -0.3884 2.2431, 1.2715 -0.3482 2.2526, 1.2714 -0.3482 2.2445, 1.276 -0.3336 2.2532, 1.2771 -0.3294 2.2451, 1.2847 -0.2932 2.2546, 1.2848 -0.2932 2.2464, 1.3 -0.2222 2.2571, 1.3003 -0.2208 2.2489, 1.3033 -0.1965 2.258, 1.3033 -0.1964 2.2498, 1.3141 -0.1121 2.2609, 1.3141 -0.1111 2.2527, 1.3142 -0.1112 2.2609, 1.3145 -0.1078 2.2529, 1.3147 -0.0985 2.2614, 1.3149 -0.0985 2.2532, 1.3189 -0.002 2.2646, 1.3188 0.0 2.2566, 1.3188 -0.0 2.2647, 1.3189 0.002 2.2567, 1.3149 0.0985 2.268, 1.3147 0.0984 2.2601, 1.3145 0.1078 2.2683, 1.3141 0.1121 2.2605, 1.3117 0.1297 2.269, 1.3119 0.1297 2.2611, 1.3034 0.1963 2.2713, 1.3034 0.1963 2.2634, 1.3003 0.2209 2.2722, 1.3 0.2223 2.2643, 1.2849 0.293 2.2747, 1.2848 0.293 2.2667, 1.2771 0.3295 2.276, 1.276 0.3337 2.2681, 1.266 0.3661 2.2774, 1.2661 0.3661 2.2692, 1.2593 0.3881 2.2782, 1.2593 0.3881 2.27, 1.2451 0.4349 2.2799, 1.2438 0.4387 2.2718, 1.2268 0.4811 2.2816, 1.2268 0.4812 2.2734, 1.2046 0.5371 2.2837, 1.2028 0.541 2.2756, 1.1875 0.5714 2.285, 1.1875 0.5715 2.2768, 1.1781 0.5902 2.2857, 1.1781 0.5902 2.2775, 1.1537 0.639 2.2876, 1.1531 0.6403 2.2794, 1.1417 0.6587 2.2883, 1.1417 0.6588 2.2802, 1.0959 0.7338 2.2913, 1.0935 0.7374 2.2834, 1.0896 0.7424 2.2916, 1.0897 0.7425 2.2836, 1.0512 0.7948 2.2938, 1.0512 0.7948 2.2859, 1.0314 0.8219 2.2949, 1.0313 0.8218 2.287, 1.0308 0.8228 2.295, 1.0283 0.8259 2.2872, 0.9669 0.8963 2.2983, 0.9668 0.8962 2.2904, 0.9588 0.9057 2.2987, 0.9558 0.9088 2.2909, 0.8969 0.9657 2.3017, 0.8969 0.9657 2.2937, 0.8893 0.9731 2.3021, 0.8893 0.9731 2.294, 0.877 0.9851 2.3027, 0.8759 0.986 2.2946, 0.8222 1.0299 2.3052, 0.8221 1.0298 2.297, 0.791 1.0554 2.3066, 0.7875 1.058 2.2985, 0.7429 1.0884 2.3086, 0.7429 1.0884 2.3004, 0.7001 1.1177 2.3104, 0.6978 1.1191 2.3022, 0.6978 1.1191 2.3105, 0.6967 1.1198 2.3023, 0.6595 1.1409 2.312, 0.6595 1.1409 2.3038, 0.6047 1.1721 2.3141, 0.6008 1.1741 2.3061, 0.5725 1.187 2.3153, 0.5725 1.1871 2.3072, 0.4999 1.2205 2.318, 0.4999 1.2205 2.31, -1.508 -0.4651 2.2562, -1.4877 -0.5184 2.2579, -1.4935 -0.5205 2.2596, -1.3025 -0.8874 2.2697, -1.2339 -0.9791 2.273, -1.2387 -0.9827 2.2747, -1.4205 0.6837 2.2225, -1.4213 0.6818 2.2226, -1.4257 0.6838 2.2243, -1.5743 0.1769 2.2417, -1.5839 0.0002 2.2467, -1.5861 0.0002 2.2492, -1.0177 1.2205 2.2265, -1.127 1.1206 2.2307, -1.126 1.1197 2.2341, -1.0191 -1.2205 2.3001, -1.0188 -1.2205 2.3022, -1.1273 -1.1208 2.2981, -1.0184 -1.2205 2.304, -1.0177 -1.2205 2.3055, -1.1268 -1.1203 2.3013, -1.0718 1.1539 2.2414, -1.0013 1.2203 2.2386, -1.0048 1.2204 2.2372, -1.1575 1.0731 2.2448, -1.1174 1.1109 2.2432, -1.1212 1.1149 2.2418, -1.0013 -1.2204 2.3184, -1.0498 -1.1787 2.3165, -1.0031 -1.2205 2.3177, -1.0048 -1.2205 2.3168, -1.0726 -1.1555 2.3156, -1.121 -1.1146 2.3124, -1.1225 -1.1161 2.3107, -1.0083 -1.2205 2.315, -1.0124 -1.2205 2.3122, -1.0118 -1.2205 2.3129, -1.0101 -1.2205 2.3141, -1.1244 -1.1179 2.3079, -1.1258 -1.1194 2.3047, -1.0158 -1.2205 2.3087, -1.0167 -1.2205 2.3076, -1.0187 -1.2205 2.303, -1.019 -1.2205 2.2989, -1.1273 -1.1209 2.2948, -1.0184 -1.2205 2.2961, -1.0182 -1.2205 2.2957, -1.127 -1.1205 2.2915, -1.0179 -1.2205 2.2949, -1.126 -1.1196 2.2878, -1.016 -1.2205 2.2918, -1.0082 -1.2205 2.2854, -1.0113 -1.2205 2.2873, -1.1232 -1.1168 2.282, -1.013 -1.2205 2.2889, -1.1168 -1.1104 2.2781, -1.0726 -1.1555 2.2799, -1.1213 -1.1149 2.2798, -1.0498 -1.1787 2.2808, -1.0057 -1.2205 2.2844, -1.0013 -1.2204 2.2826, -1.0718 1.1539 2.2057, -1.1174 1.1109 2.2074, -1.1216 1.1152 2.2092, -1.1575 1.0731 2.209, -1.1609 1.0699 2.2092, -1.003 1.2205 2.2035, -1.0013 1.2203 2.2029, -1.0055 1.2205 2.2049, -1.1234 1.1171 2.2114, -1.01 1.2205 2.2072, -1.1249 1.1186 2.2139, -1.1263 1.1199 2.2172, -1.0161 1.2205 2.213, -1.0158 1.2205 2.2125, -1.0129 1.2205 2.2097, -1.0117 1.2205 2.2084, -1.1272 1.1208 2.2209, -1.1275 1.1212 2.2242, -1.0188 1.2205 2.22, -1.0186 1.2205 2.2183, -1.0183 1.2205 2.2172, -1.0166 1.2205 2.2137, -1.0183 1.2205 2.2251, -1.0187 1.2205 2.2233, -1.1275 1.1211 2.2275, -1.0189 1.2205 2.2223, -1.019 1.2205 2.2211, -1.0178 1.2205 2.2263, -1.1246 1.1183 2.2373, -1.0151 1.2205 2.2304, -1.0159 1.2205 2.2294, -1.0082 1.2205 2.2358, -1.1228 1.1164 2.2401, -1.0113 1.2205 2.2339, -1.0123 1.2205 2.2329, -1.5061 0.4642 2.265, -1.5418 0.3506 2.267, -1.5362 0.3502 2.2684, -1.5364 0.3493 2.2684, -1.5677 0.1762 2.2735, -1.5668 0.1934 2.273, -1.5712 0.1765 2.2721, -1.5603 0.235 2.2718, -1.5512 0.2934 2.2701, -1.4088 0.7113 2.2574, -1.4252 0.6836 2.257, -1.4205 0.6837 2.2583, -1.4213 0.6818 2.2583, -1.364 0.7869 2.2549, -1.3401 0.8384 2.2519, -1.3352 0.8354 2.2533, -1.3037 0.8883 2.2515, -1.2972 0.8993 2.2512, -1.2336 0.979 2.2482, -1.2384 0.9829 2.2469, -1.2316 0.9814 2.2481, -1.1609 1.0699 2.2449, -1.4947 0.5073 2.2637, -1.4897 0.5192 2.2634, -1.4928 0.5203 2.262, -1.4663 0.5749 2.2616, -1.5783 0.1773 2.2475, -1.5893 0.0002 2.2562, -1.5796 0.1775 2.2512, -1.5898 0.0002 2.2595, -1.5801 0.1775 2.2544, -1.5897 0.0002 2.2628, -1.58 0.1775 2.2577, -1.589 0.0002 2.266, -1.5793 0.1774 2.261, -1.5877 0.0002 2.2694, -1.578 0.1773 2.2643, -1.5856 0.0002 2.2726, -1.576 0.1771 2.2676, -1.583 0.0002 2.2754, -1.5734 0.1768 2.2704, -1.5808 0.0002 2.2771, -1.5708 0.1177 2.2751, -1.5469 0.3518 2.2391, -1.5487 0.3522 2.2425, -1.55 0.3525 2.2461, -1.5505 0.3526 2.2494, -1.5504 0.3526 2.2527, -1.5497 0.3524 2.2559, -1.5484 0.3521 2.2593, -1.5464 0.3517 2.2625, -1.5439 0.3511 2.2653, -1.4957 0.5213 2.2316, -1.4977 0.522 2.2341, -1.4995 0.5227 2.2374, -1.5007 0.5231 2.2411, -1.5012 0.5232 2.2443, -1.5011 0.5232 2.2476, -1.5005 0.523 2.2509, -1.4992 0.5225 2.2542, -1.4973 0.5219 2.2575, -1.4949 0.521 2.2603, -1.428 0.6849 2.2265, -1.4299 0.6858 2.229, -1.4317 0.6867 2.2324, -1.4328 0.6872 2.236, -1.4333 0.6874 2.2393, -1.4332 0.6874 2.2426, -1.4326 0.6871 2.2459, -1.4314 0.6865 2.2492, -1.4296 0.6857 2.2524, -1.4272 0.6845 2.2552, -1.5814 0.0002 2.2445, -1.5717 0.1766 2.2394, -1.5423 0.3507 2.2344, -1.2389 0.9832 2.2142, -1.2409 0.9848 2.2164, -1.2425 0.9861 2.219, -1.244 0.9873 2.2223, -1.2451 0.9881 2.2259, -1.2455 0.9884 2.2292, -1.2454 0.9884 2.2325, -1.2448 0.988 2.2358, -1.2438 0.9871 2.2391, -1.2422 0.9859 2.2423, -1.2402 0.9842 2.2452, -1.4663 0.5749 2.2259, -1.4897 0.5192 2.2276, -1.4933 0.5205 2.2293, -1.4947 0.5073 2.228, -1.5061 0.4642 2.2293, -1.5362 0.3502 2.2326, -1.5448 0.3513 2.2366, -1.5764 0.1771 2.2442, -1.588 0.0002 2.2525, -1.5364 0.3493 2.2327, -1.5512 0.2934 2.2343, -1.5603 0.235 2.236, -1.5668 0.1934 2.2372, -1.3037 0.8883 2.2158, -1.3352 0.8354 2.2175, -1.3406 0.8387 2.2193, -1.364 0.7869 2.2191, -1.4088 0.7113 2.2217, -1.342 0.8396 2.2502, -1.3442 0.841 2.2474, -1.3459 0.8421 2.2442, -1.347 0.8428 2.2408, -1.3476 0.8431 2.2375, -1.3477 0.8432 2.2342, -1.3473 0.8429 2.231, -1.3462 0.8422 2.2273, -1.3446 0.8412 2.224, -1.3428 0.8401 2.2215, -1.2316 0.9814 2.2124, -1.2336 0.979 2.2125, -1.2972 0.8993 2.2154, -1.2318 -0.9819 2.3089, -1.2339 -0.9791 2.3088, -1.2383 -0.9824 2.3074, -1.3024 -0.8874 2.3055, -1.1168 -1.1104 2.3138, -1.1553 -1.0713 2.3122, -1.1964 -1.0293 2.3106, -1.4212 -0.684 2.2987, -1.4223 -0.6819 2.2987, -1.4257 -0.6836 2.2973, -1.4328 -0.6628 2.298, -1.4661 -0.5753 2.2954, -1.493 -0.5203 2.2923, -1.4877 -0.5184 2.2936, -1.508 -0.4651 2.292, -1.5104 -0.4589 2.2918, -1.535 -0.3504 2.2886, -1.5415 -0.3505 2.2872, -1.5353 -0.3491 2.2886, -1.5595 -0.2427 2.2855, -1.3276 -0.8537 2.3043, -1.3372 -0.8363 2.3037, -1.3404 -0.8382 2.3024, -1.3642 -0.7873 2.3021, -1.2424 -0.9857 2.2795, -1.2439 -0.9869 2.2828, -1.2449 -0.9877 2.2865, -1.2453 -0.988 2.2897, -1.2452 -0.9879 2.293, -1.2447 -0.9875 2.2963, -1.2437 -0.9867 2.2996, -1.2421 -0.9854 2.3029, -1.24 -0.9838 2.3057, -1.343 -0.8398 2.2719, -1.3448 -0.841 2.2744, -1.3464 -0.842 2.2778, -1.3475 -0.8427 2.2814, -1.348 -0.8429 2.2847, -1.3479 -0.8429 2.288, -1.3473 -0.8425 2.2912, -1.3462 -0.8418 2.2946, -1.3444 -0.8407 2.2978, -1.3422 -0.8394 2.3006, -1.4262 -0.6838 2.2647, -1.4285 -0.6849 2.2669, -1.4304 -0.6858 2.2694, -1.4322 -0.6867 2.2727, -1.4333 -0.6872 2.2764, -1.4338 -0.6875 2.2796, -1.4337 -0.6874 2.2829, -1.4331 -0.6871 2.2862, -1.4319 -0.6865 2.2895, -1.4301 -0.6857 2.2928, -1.4277 -0.6845 2.2956, -1.4951 -0.5211 2.2906, -1.4975 -0.5219 2.2877, -1.4995 -0.5226 2.2845, -1.5007 -0.523 2.2812, -1.5014 -0.5233 2.2779, -1.5015 -0.5233 2.2746, -1.501 -0.5231 2.2713, -1.4998 -0.5227 2.2677, -1.4979 -0.5221 2.2643, -1.4959 -0.5214 2.2618, -1.3642 -0.7873 2.2664, -1.3372 -0.8363 2.268, -1.3408 -0.8385 2.2697, -1.3276 -0.8537 2.2685, -1.2407 -0.9844 2.277, -1.1247 -1.1182 2.2845, -1.0152 -1.2205 2.2908, -1.2318 -0.9819 2.2731, -1.1964 -1.0293 2.2748, -1.1553 -1.0713 2.2765, -1.5702 -0.1176 2.2461, -1.5652 -0.1757 2.2478, -1.5713 -0.1763 2.2495, -1.5601 -0.2352 2.2495, -1.5595 -0.2427 2.2497, -1.542 -0.3506 2.2546, -1.5445 -0.3512 2.2568, -1.5739 -0.1766 2.2517, -1.5466 -0.3516 2.2593, -1.576 -0.1768 2.2543, -1.5484 -0.3521 2.2626, -1.5779 -0.177 2.2576, -1.5497 -0.3524 2.2663, -1.5792 -0.1772 2.2612, -1.5502 -0.3525 2.2695, -1.5797 -0.1772 2.2645, -1.5501 -0.3525 2.2728, -1.5796 -0.1772 2.2678, -1.5494 -0.3523 2.2761, -1.5789 -0.1772 2.2711, -1.5481 -0.352 2.2795, -1.5776 -0.177 2.2744, -1.5461 -0.3516 2.2827, -1.5756 -0.1768 2.2776, -1.5436 -0.351 2.2855, -1.573 -0.1765 2.2805, -1.5708 -0.1762 2.2822, -1.5601 -0.2352 2.2852, -1.5353 -0.3491 2.2528, -1.535 -0.3504 2.2529, -1.5104 -0.4589 2.2561, -1.4661 -0.5753 2.2596, -1.4328 -0.6628 2.2623, -1.4223 -0.6819 2.2629, -1.4212 -0.684 2.263, -1.5652 -0.1757 2.2835, -1.5702 -0.1176 2.2819, -1.5782 -0.0238 2.2792, -1.5769 -0.0001 2.2785, -1.5769 0.0001 2.2785, -1.5769 -0.0001 2.2428, -1.5782 -0.0238 2.2434, -1.5677 0.1762 2.2377, -1.5708 0.1177 2.2394, -1.5769 0.0001 2.2428, -0.8308 1.2205 1.9982, -0.7002 1.1177 2.0692, -0.7069 1.2205 2.0246, -0.6596 1.1408 2.0676, -0.6589 1.2205 2.0348, -0.6047 1.1721 2.0654, -0.5898 1.2205 2.0464, -0.5725 1.187 2.0642, -0.4999 1.2205 2.0615, -0.877 0.9851 2.0769, -0.8222 1.0299 2.0744, -0.9754 1.2204 1.9617, -0.791 1.0554 2.073, -0.8332 1.2205 1.9976, -0.7429 1.0883 2.071, -0.7121 1.1095 2.0697, -1.0014 1.2204 1.9552, -1.0481 1.1806 1.9569, -0.8969 0.9658 2.0778, -1.0728 1.1553 1.9579, -0.9007 0.9621 2.078, -1.1168 1.1105 1.9597, -0.9588 0.9057 2.0808, -1.1554 1.0711 1.9613, -0.9668 0.8964 2.0812, -1.0308 0.8227 2.0845, -1.2007 1.0248 1.9632, -1.0314 0.822 2.0845, -1.2322 0.9821 1.9647, -1.2341 0.9795 1.9648, -1.0597 0.7832 2.0861, -1.3021 0.8871 1.9681, -1.0896 0.7424 2.0878, -1.0959 0.7338 2.0882, -1.3322 0.8463 1.9695, -1.3374 0.8367 1.9698, -1.1417 0.6587 2.0912, -1.3642 0.7872 1.9714, -1.1538 0.639 2.0919, -1.1839 0.5786 2.0943, -1.4204 0.6834 1.9748, -1.1875 0.5714 2.0946, -1.4215 0.6815 1.9749, -1.2046 0.537 2.0959, -1.4369 0.6529 1.9758, -1.2268 0.4811 2.098, -1.4662 0.575 1.9782, -1.2451 0.4349 2.0997, -1.4875 0.5183 1.9799, -1.2593 0.3881 2.1014, -1.5076 0.4646 1.9815, -1.2693 0.3551 2.1026, -1.5134 0.4492 1.982, -1.2771 0.3295 2.1036, -1.5386 0.3509 1.9849, -1.2849 0.2931 2.1048, -1.5572 0.2346 1.9883, -1.3034 0.1963 2.1082, -1.3003 0.2208 2.1073, -1.5433 0.3324 1.9855, -1.5388 0.3499 1.9849, -1.313 0.1197 2.1108, -1.5655 0.1758 1.99, -1.3145 0.1078 2.1112, -1.5737 0.1178 1.9917, -1.3149 0.0985 2.1115, -1.5743 0.1133 1.9918, -1.3188 -0.0 2.1148, -1.5732 -0.1179 1.9984, -1.3147 -0.0986 2.1181, -1.5745 -0.108 1.9981, -1.3189 -0.002 2.1149, -1.5744 -0.0001 1.995, -1.5744 0.0001 1.995, -1.5377 -0.3496 2.0051, -1.5373 -0.3508 2.0052, -1.2847 -0.2933 2.125, -1.5448 -0.3245 2.0044, -1.3 -0.2223 2.1225, -1.5571 -0.2348 2.0018, -1.3033 -0.1965 2.1216, -1.5652 -0.1756 2.0001, -1.3132 -0.1197 2.1189, -1.3141 -0.1121 2.1186, -1.0714 -1.1541 2.0321, -0.9007 -0.9621 2.1518, -1.1173 -1.1108 2.0303, -0.9558 -0.9088 2.1491, -1.1571 -1.0731 2.0288, -0.9666 -0.8965 2.1486, -1.1604 -1.0699 2.0286, -1.0283 -0.8259 2.1453, -1.2312 -0.9814 2.0254, -1.0312 -0.822 2.1451, -1.2334 -0.9786 2.0253, -1.0597 -0.7832 2.1435, -1.2975 -0.8985 2.0224, -1.0897 -0.7425 2.1418, -1.3036 -0.8883 2.022, -1.0935 -0.7374 2.1415, -1.3352 -0.8351 2.0203, -1.1417 -0.6588 2.1384, -1.3639 -0.7869 2.0186, -1.1531 -0.6403 2.1377, -1.4108 -0.7081 2.016, -1.1839 -0.5787 2.1354, -1.4211 -0.6841 2.0153, -1.1875 -0.5716 2.1351, -1.4221 -0.6819 2.0152, -1.2028 -0.541 2.134, -1.4677 -0.5757 2.0119, -1.2268 -0.4813 2.1318, -1.4855 -0.5346 2.0106, -1.2438 -0.4387 2.1303, -1.4898 -0.5193 2.0102, -1.2592 -0.3884 2.1284, -1.5053 -0.4643 2.0085, -1.2694 -0.3551 2.1272, -1.276 -0.3337 2.1264, -0.6968 -1.1198 2.1607, -0.7121 -1.1094 2.16, -0.8334 -1.2205 2.0852, -0.7428 -1.0885 2.1588, -0.847 -1.2205 2.0815, -0.7875 -1.0579 2.157, -0.975 -1.2205 2.0429, -0.8219 -1.03 2.1554, -1.0014 -1.2205 2.0349, -0.8759 -0.986 2.153, -0.8967 -0.9659 2.152, -0.6595 -1.1409 2.1621, -0.7065 -1.2205 2.1194, -0.6009 -1.1741 2.1643, -0.6744 -1.2205 2.1281, -0.5724 -1.1871 2.1655, -0.59 -1.2204 2.1475, -0.4999 -1.2203 2.1683, 1.4657 -0.5751 1.8007, 1.4881 -0.5186 1.8024, 1.4931 -0.5205 1.8042, 1.3151 -0.8734 1.7911, 1.3363 -0.836 1.7923, 1.341 -0.8388 1.7941, 1.4223 -0.6847 1.7973, 1.4228 -0.6838 1.7973, 1.426 -0.684 1.7991, 1.0179 1.2205 1.879, 1.0172 1.2205 1.8803, 1.1268 1.1204 1.8761, 1.0715 1.1538 1.8547, 1.0013 1.2203 1.8574, 1.0053 1.2204 1.8592, 1.2336 0.9788 1.8478, 1.2316 0.9814 1.8479, 1.239 0.9831 1.8495, 1.1623 1.068 1.8511, 1.1572 1.0728 1.8513, 1.1214 1.115 1.8546, 1.1172 1.1107 1.8529, 1.0013 -1.2203 1.7777, 1.0325 -1.1936 1.7789, 1.0024 -1.2205 1.7783, 1.0051 -1.2205 1.7797, 1.1213 -1.1149 1.784, 1.1231 -1.1167 1.7862, 1.0095 -1.2205 1.7819, 1.1246 -1.1182 1.7887, 1.126 -1.1196 1.792, 1.0157 -1.2205 1.7878, 1.0153 -1.2205 1.7872, 1.0125 -1.2205 1.7845, 1.0111 -1.2205 1.7831, 1.1269 -1.1205 1.7957, 1.1273 -1.1208 1.799, 1.0185 -1.2205 1.7948, 1.0182 -1.2205 1.7929, 1.0179 -1.2205 1.7919, 1.0161 -1.2205 1.7884, 1.1272 -1.1208 1.8023, 1.0185 -1.2205 1.797, 1.0186 -1.2205 1.7958, 1.0173 -1.2205 1.8013, 1.0175 -1.2205 1.801, 1.0179 -1.2205 1.7998, 1.0183 -1.2205 1.7981, 1.1267 -1.1203 1.8055, 1.1258 -1.1193 1.8089, 1.0156 -1.2205 1.8041, 1.0148 -1.2205 1.8051, 1.1243 -1.1179 1.8121, 1.012 -1.2205 1.8077, 1.011 -1.2205 1.8086, 1.1225 -1.1161 1.8149, 1.008 -1.2205 1.8105, 1.1209 -1.1145 1.8166, 1.0045 -1.2204 1.812, 1.0325 -1.1936 1.8146, 1.0013 -1.2203 1.8134, 1.0715 1.1538 1.8904, 1.1172 1.1107 1.8886, 1.121 1.1146 1.8872, 1.1572 1.0728 1.887, 1.1623 1.068 1.8868, 1.0013 1.2203 1.8932, 1.0024 1.2205 1.8926, 1.0043 1.2205 1.8916, 1.1226 1.1162 1.8855, 1.0078 1.2205 1.8898, 1.0119 1.2205 1.887, 1.0111 1.2205 1.8878, 1.0095 1.2205 1.889, 1.1244 1.118 1.8827, 1.1258 1.1194 1.8795, 1.0153 1.2205 1.8837, 1.0161 1.2205 1.8825, 1.1273 1.1208 1.8729, 1.1273 1.1209 1.8696, 1.0185 1.2205 1.8739, 1.0186 1.2205 1.875, 1.0183 1.2205 1.8771, 1.0182 1.2205 1.8779, 1.1261 1.1196 1.8627, 1.0175 1.2205 1.8699, 1.127 1.1206 1.8663, 1.0177 1.2205 1.8705, 1.0179 1.2205 1.8711, 1.1247 1.1183 1.8593, 1.0148 1.2205 1.8658, 1.0156 1.2205 1.8667, 1.008 1.2205 1.8604, 1.1232 1.1168 1.8568, 1.011 1.2205 1.8623, 1.0126 1.2205 1.8637, 1.5355 -0.349 1.8432, 1.5352 -0.3502 1.8432, 1.5414 -0.3504 1.8418, 1.5074 -0.4648 1.8398, 1.5043 -0.4776 1.8394, 1.5709 -0.1175 1.8499, 1.565 -0.1756 1.8483, 1.5711 -0.1763 1.8469, 1.559 -0.2349 1.8466, 1.5561 -0.2639 1.8457, 1.4228 -0.6838 1.8331, 1.4223 -0.6847 1.8331, 1.4255 -0.6837 1.8318, 1.3641 -0.7872 1.8297, 1.156 -1.0717 1.8196, 1.1168 -1.1104 1.818, 1.072 -1.1546 1.8162, 1.3405 -0.8385 1.8267, 1.3363 -0.836 1.8281, 1.3151 -0.8734 1.8269, 1.3037 -0.8882 1.8263, 1.2337 -0.9789 1.823, 1.2385 -0.9826 1.8217, 1.2317 -0.9816 1.8229, 1.182 -1.046 1.8206, 1.4927 -0.5203 1.8368, 1.4881 -0.5186 1.8382, 1.4658 -0.5751 1.8364, 1.5799 -0.1773 1.8325, 1.5893 0.0 1.8408, 1.5792 -0.1772 1.8358, 1.588 0.0 1.8442, 1.5778 -0.177 1.8391, 1.586 0.0 1.8474, 1.5758 -0.1768 1.8424, 1.5834 0.0 1.8502, 1.5732 -0.1765 1.8452, 1.5812 0.0 1.8519, 1.578 -0.0474 1.8519, 1.5501 -0.3524 1.8242, 1.55 -0.3524 1.8275, 1.5493 -0.3523 1.8307, 1.548 -0.352 1.8341, 1.546 -0.3515 1.8373, 1.5435 -0.3509 1.8401, 1.5006 -0.5231 1.8159, 1.5011 -0.5233 1.8191, 1.501 -0.5232 1.8224, 1.5004 -0.523 1.8257, 1.4991 -0.5226 1.829, 1.4972 -0.5219 1.8323, 1.4947 -0.521 1.8351, 1.432 -0.6868 1.8072, 1.4331 -0.6874 1.8108, 1.4336 -0.6876 1.8141, 1.4335 -0.6876 1.8174, 1.4329 -0.6873 1.8207, 1.4317 -0.6867 1.824, 1.4298 -0.6858 1.8272, 1.4275 -0.6847 1.83, 1.345 -0.8413 1.7988, 1.3466 -0.8423 1.8021, 1.3477 -0.843 1.8058, 1.3481 -0.8433 1.809, 1.348 -0.8432 1.8123, 1.3475 -0.8428 1.8156, 1.3463 -0.8421 1.819, 1.3446 -0.8411 1.8222, 1.3424 -0.8397 1.825, 1.2409 -0.9846 1.7912, 1.2426 -0.9859 1.7938, 1.2441 -0.9871 1.7971, 1.2451 -0.9879 1.8007, 1.2455 -0.9882 1.804, 1.2454 -0.9881 1.8073, 1.2449 -0.9877 1.8106, 1.2438 -0.9869 1.8139, 1.2423 -0.9856 1.8171, 1.2402 -0.984 1.82, 1.5419 -0.3506 1.8092, 1.5716 -0.1763 1.8142, 1.5741 -0.1766 1.8165, 1.5843 0.0 1.8215, 1.5864 0.0 1.824, 1.565 -0.1756 1.8125, 1.5709 -0.1175 1.8142, 1.578 -0.0474 1.8162, 1.5817 0.0 1.8193, 1.5074 -0.4648 1.8041, 1.5352 -0.3502 1.8074, 1.5043 -0.4776 1.8037, 1.5444 -0.3511 1.8114, 1.5762 -0.1768 1.819, 1.5883 0.0 1.8273, 1.5355 -0.349 1.8075, 1.5561 -0.2639 1.81, 1.559 -0.2349 1.8108, 1.3641 -0.7872 1.7939, 1.4283 -0.6851 1.8013, 1.4956 -0.5213 1.8064, 1.4976 -0.522 1.8089, 1.5465 -0.3516 1.8139, 1.5483 -0.352 1.8173, 1.5782 -0.1771 1.8223, 1.5794 -0.1772 1.826, 1.5896 0.0 1.831, 1.5901 0.0 1.8343, 1.072 -1.1546 1.7805, 1.1168 -1.1104 1.7823, 1.156 -1.0717 1.7838, 1.182 -1.046 1.7849, 1.2389 -0.983 1.789, 1.3432 -0.8402 1.7963, 1.4302 -0.686 1.8038, 1.4994 -0.5227 1.8122, 1.5496 -0.3523 1.8209, 1.5799 -0.1773 1.8292, 1.59 0.0 1.8376, 1.2317 -0.9816 1.7872, 1.2337 -0.9789 1.7873, 1.3037 -0.8882 1.7906, 1.2316 0.9814 1.8837, 1.2336 0.9788 1.8836, 1.2386 0.9828 1.8822, 1.2998 0.8961 1.8805, 1.3404 0.8386 1.8772, 1.3042 0.8886 1.8803, 1.5059 0.4643 1.8668, 1.5359 0.3502 1.8634, 1.5414 0.3505 1.862, 1.5362 0.3492 1.8634, 1.5511 0.2922 1.8617, 1.4662 0.5751 1.8702, 1.4895 0.5191 1.8684, 1.4926 0.5203 1.8671, 1.4948 0.5062 1.868, 1.3355 0.8356 1.8785, 1.3641 0.7871 1.8769, 1.4108 0.708 1.8743, 1.4208 0.684 1.8735, 1.4254 0.6837 1.8721, 1.4216 0.682 1.8735, 1.241 0.9847 1.8518, 1.2426 0.986 1.8543, 1.2442 0.9872 1.8576, 1.2452 0.988 1.8613, 1.2456 0.9883 1.8645, 1.2455 0.9883 1.8678, 1.245 0.9878 1.8711, 1.2439 0.987 1.8744, 1.2423 0.9858 1.8777, 1.2403 0.9841 1.8805, 1.4947 0.521 1.8654, 1.4274 0.6847 1.8704, 1.4971 0.5219 1.8625, 1.4297 0.6858 1.8676, 1.4991 0.5225 1.8593, 1.4315 0.6867 1.8643, 1.5003 0.523 1.856, 1.4327 0.6872 1.861, 1.501 0.5232 1.8527, 1.4334 0.6875 1.8577, 1.5011 0.5232 1.8494, 1.4334 0.6876 1.8544, 1.5006 0.5231 1.8461, 1.433 0.6874 1.8512, 1.4994 0.5227 1.8425, 1.4318 0.6868 1.8475, 1.4975 0.522 1.8392, 1.4301 0.686 1.8442, 1.4955 0.5213 1.8366, 1.4282 0.6851 1.8417, 1.4931 0.5205 1.8344, 1.4258 0.6839 1.8395, 1.3641 0.7871 1.8412, 1.3355 0.8356 1.8428, 1.3409 0.8388 1.8445, 1.3042 0.8886 1.8445, 1.2998 0.8961 1.8448, 1.3423 0.8397 1.8754, 1.3445 0.8411 1.8726, 1.3462 0.8422 1.8694, 1.3474 0.8429 1.8661, 1.348 0.8433 1.8628, 1.348 0.8433 1.8595, 1.3476 0.843 1.8562, 1.3465 0.8424 1.8526, 1.3449 0.8413 1.8492, 1.3431 0.8402 1.8467, 1.5511 0.2922 1.826, 1.5419 0.3506 1.8294, 1.5717 0.1764 1.8243, 1.5445 0.3512 1.8316, 1.5743 0.1767 1.8265, 1.5465 0.3516 1.8341, 1.5764 0.1769 1.8291, 1.5484 0.352 1.8374, 1.5783 0.1771 1.8324, 1.5497 0.3523 1.8411, 1.5796 0.1773 1.836, 1.5502 0.3524 1.8443, 1.5801 0.1773 1.8393, 1.5501 0.3524 1.8476, 1.58 0.1773 1.8426, 1.5494 0.3523 1.8509, 1.5793 0.1772 1.8459, 1.5481 0.352 1.8543, 1.578 0.1771 1.8492, 1.5461 0.3515 1.8575, 1.576 0.1769 1.8524, 1.5436 0.351 1.8603, 1.5734 0.1766 1.8553, 1.5712 0.1763 1.857, 1.5579 0.2347 1.86, 1.5362 0.3492 1.8276, 1.5359 0.3502 1.8277, 1.5059 0.4643 1.831, 1.4948 0.5062 1.8323, 1.4208 0.684 1.8378, 1.4108 0.708 1.8385, 1.4895 0.5191 1.8327, 1.4662 0.5751 1.8344, 1.4216 0.682 1.8377, 1.5771 0.0724 1.8554, 1.5776 0.0 1.8533, 1.5776 -0.0 1.8533, 1.5649 0.1756 1.8583, 1.5717 0.1176 1.8567, 1.5776 -0.0 1.8176, 1.5776 0.0 1.8176, 1.5771 0.0724 1.8196, 1.5717 0.1176 1.8209, 1.5649 0.1756 1.8226, 1.5579 0.2347 1.8243
            ]
        }
        coordIndex [
            0,1,2,-1,2,1,3,-1,2,3,4,-1,4,3,5,-1,4,5,6,-1,6,5,7,-1,6,7,8,-1,8,7,9,-1,8,9,10,-1,10,9,11,-1,10,11,12,-1,12,11,13,-1,12,13,14,-1,14,13,15,-1,14,15,16,-1,16,15,17,-1,16,17,18,-1,18,17,19,-1,18,19,20,-1,20,19,21,-1,20,21,22,-1,22,21,23,-1,22,23,24,-1,24,23,25,-1,24,25,26,-1,26,25,27,-1,26,27,28,-1,28,27,29,-1,28,29,30,-1,30,29,31,-1,30,31,32,-1,32,31,33,-1,32,33,34,-1,34,33,35,-1,34,35,36,-1,36,35,37,-1,36,37,38,-1,38,37,39,-1,38,39,40,-1,40,39,41,-1,40,41,42,-1,42,41,43,-1,42,43,44,-1,44,43,45,-1,44,45,46,-1,46,45,47,-1,46,47,48,-1,48,47,49,-1,48,49,50,-1,50,49,51,-1,50,51,52,-1,52,51,53,-1,52,53,54,-1,54,53,55,-1,54,55,56,-1,56,55,57,-1,56,57,58,-1,58,57,59,-1,58,59,60,-1,60,59,61,-1,60,61,62,-1,62,61,63,-1,62,63,64,-1,64,63,65,-1,64,65,66,-1,66,65,67,-1,66,67,68,-1,68,67,69,-1,68,69,70,-1,70,69,71,-1,70,71,72,-1,72,71,73,-1,72,73,74,-1,74,73,75,-1,74,75,76,-1,76,75,77,-1,76,77,78,-1,78,77,79,-1,78,79,80,-1,80,79,81,-1,80,81,82,-1,82,81,83,-1,82,83,84,-1,84,83,85,-1,84,85,86,-1,86,85,87,-1,86,87,88,-1,88,87,89,-1,88,89,90,-1,90,89,91,-1,90,91,92,-1,92,91,93,-1,92,93,94,-1,94,93,95,-1,94,95,96,-1,96,95,97,-1,96,97,98,-1,98,97,99,-1,98,99,100,-1,100,99,101,-1,100,101,102,-1,102,101,103,-1,102,103,104,-1,104,103,105,-1,104,105,106,-1,106,105,107,-1,106,107,108,-1,108,107,109,-1,108,109,110,-1,110,109,111,-1,110,111,112,-1,112,111,113,-1,112,113,114,-1,114,113,115,-1,114,115,116,-1,116,115,117,-1,116,117,118,-1,118,117,119,-1,118,119,120,-1,120,119,121,-1,120,121,122,-1,122,121,123,-1,122,123,124,-1,124,123,125,-1,124,125,126,-1,126,125,127,-1,126,127,128,-1,128,127,129,-1,128,129,130,-1,130,129,131,-1,130,131,132,-1,132,131,133,-1,132,133,134,-1,134,133,135,-1,134,135,136,-1,136,135,137,-1,136,137,138,-1,138,137,139,-1,138,139,140,-1,140,139,141,-1,140,141,142,-1,142,141,143,-1,144,145,146,-1,147,148,149,-1,150,151,152,-1,153,154,155,-1,156,157,158,-1,159,160,161,-1,162,163,164,-1,165,166,167,-1,168,169,170,-1,170,169,165,-1,171,172,173,-1,173,172,174,-1,172,175,176,-1,172,176,174,-1,174,176,177,-1,174,177,178,-1,179,180,177,-1,177,180,181,-1,177,181,178,-1,177,182,179,-1,179,182,183,-1,179,183,184,-1,164,163,183,-1,183,163,185,-1,183,185,184,-1,161,160,164,-1,164,160,186,-1,164,186,162,-1,159,161,187,-1,187,161,188,-1,187,188,189,-1,189,188,190,-1,190,188,191,-1,190,191,192,-1,192,191,193,-1,192,193,194,-1,195,196,197,-1,197,196,198,-1,199,200,201,-1,201,200,202,-1,201,202,203,-1,203,202,204,-1,205,206,207,-1,207,206,208,-1,207,208,209,-1,210,211,205,-1,210,205,212,-1,205,207,212,-1,212,207,213,-1,212,213,214,-1,215,216,217,-1,217,218,215,-1,215,218,219,-1,215,219,213,-1,213,219,220,-1,213,220,214,-1,221,222,223,-1,223,224,221,-1,221,224,225,-1,221,225,216,-1,216,225,226,-1,216,226,217,-1,227,228,229,-1,229,228,230,-1,229,230,222,-1,222,230,231,-1,222,231,223,-1,157,156,229,-1,229,156,232,-1,229,232,227,-1,233,234,158,-1,158,234,235,-1,158,235,156,-1,165,167,170,-1,170,167,236,-1,170,236,237,-1,237,236,238,-1,237,238,233,-1,233,238,239,-1,233,239,234,-1,240,241,242,-1,242,241,243,-1,244,245,246,-1,246,245,247,-1,246,247,248,-1,249,250,251,-1,251,250,252,-1,249,253,254,-1,253,255,254,-1,254,255,256,-1,254,256,257,-1,257,258,259,-1,259,258,260,-1,259,260,261,-1,262,263,264,-1,264,263,265,-1,266,267,268,-1,268,267,269,-1,268,269,270,-1,270,269,271,-1,270,271,272,-1,272,271,273,-1,272,273,274,-1,274,273,275,-1,274,275,276,-1,276,275,277,-1,276,277,278,-1,278,277,279,-1,278,279,280,-1,280,279,281,-1,280,281,246,-1,246,281,282,-1,246,282,244,-1,283,266,284,-1,284,266,268,-1,284,268,285,-1,285,268,270,-1,285,270,286,-1,286,270,272,-1,286,272,287,-1,287,272,274,-1,287,274,288,-1,288,274,276,-1,288,276,289,-1,289,276,278,-1,289,278,290,-1,290,278,280,-1,290,280,291,-1,291,280,246,-1,291,246,241,-1,241,246,248,-1,241,248,243,-1,292,283,293,-1,293,283,284,-1,293,284,294,-1,294,284,285,-1,294,285,295,-1,295,285,286,-1,295,286,296,-1,296,286,287,-1,296,287,297,-1,297,287,288,-1,297,288,298,-1,298,288,289,-1,298,289,299,-1,299,289,290,-1,299,290,300,-1,300,290,291,-1,300,291,301,-1,301,291,241,-1,301,241,264,-1,264,241,240,-1,264,240,262,-1,152,292,302,-1,302,292,293,-1,302,293,303,-1,303,293,294,-1,303,294,304,-1,304,294,295,-1,304,295,305,-1,305,295,296,-1,305,296,306,-1,306,296,297,-1,306,297,307,-1,307,297,298,-1,307,298,308,-1,308,298,299,-1,308,299,309,-1,309,299,300,-1,309,300,310,-1,310,300,301,-1,310,301,311,-1,311,301,264,-1,311,264,250,-1,250,264,265,-1,250,265,252,-1,312,154,313,-1,313,154,153,-1,313,153,314,-1,209,315,207,-1,207,315,316,-1,207,316,213,-1,213,316,317,-1,213,317,215,-1,215,317,318,-1,215,318,216,-1,216,318,319,-1,216,319,221,-1,221,319,320,-1,221,320,222,-1,222,320,321,-1,222,321,229,-1,229,321,322,-1,229,322,157,-1,157,322,323,-1,157,323,158,-1,158,323,324,-1,158,324,233,-1,233,324,325,-1,233,325,237,-1,237,325,259,-1,237,259,170,-1,170,259,261,-1,170,261,168,-1,326,327,328,-1,328,327,329,-1,330,331,314,-1,329,330,328,-1,328,330,314,-1,328,314,332,-1,332,314,153,-1,332,153,333,-1,333,153,155,-1,333,155,334,-1,331,335,314,-1,314,335,336,-1,314,336,313,-1,313,336,337,-1,313,337,338,-1,339,340,341,-1,341,340,342,-1,341,342,343,-1,249,254,250,-1,250,254,344,-1,250,344,311,-1,311,344,345,-1,311,345,310,-1,310,345,346,-1,310,346,309,-1,309,346,347,-1,309,347,308,-1,308,347,348,-1,308,348,307,-1,307,348,349,-1,307,349,306,-1,306,349,350,-1,306,350,305,-1,305,350,351,-1,305,351,304,-1,304,351,352,-1,304,352,303,-1,303,352,353,-1,303,353,302,-1,302,353,341,-1,302,341,152,-1,152,341,343,-1,152,343,150,-1,209,354,315,-1,315,354,355,-1,315,355,356,-1,257,259,254,-1,254,259,325,-1,254,325,344,-1,344,325,324,-1,344,324,345,-1,345,324,323,-1,345,323,346,-1,346,323,322,-1,346,322,347,-1,347,322,321,-1,347,321,348,-1,348,321,320,-1,348,320,349,-1,349,320,319,-1,349,319,350,-1,350,319,318,-1,350,318,351,-1,351,318,317,-1,351,317,352,-1,352,317,316,-1,352,316,353,-1,353,316,315,-1,353,315,341,-1,341,315,356,-1,341,356,339,-1,151,326,152,-1,152,326,328,-1,152,328,292,-1,292,328,332,-1,292,332,283,-1,283,332,333,-1,283,333,266,-1,266,333,334,-1,266,334,267,-1,357,358,359,-1,359,358,360,-1,175,361,176,-1,176,361,362,-1,176,362,363,-1,364,365,366,-1,366,365,367,-1,367,368,369,-1,368,370,369,-1,369,370,371,-1,369,371,372,-1,372,373,374,-1,374,373,375,-1,374,375,376,-1,377,378,379,-1,379,378,380,-1,381,193,382,-1,382,193,191,-1,382,191,383,-1,383,191,188,-1,383,188,384,-1,384,188,161,-1,384,161,385,-1,385,161,164,-1,385,164,386,-1,386,164,183,-1,386,183,387,-1,387,183,182,-1,387,182,388,-1,388,182,177,-1,388,177,389,-1,389,177,176,-1,389,176,359,-1,359,176,363,-1,359,363,357,-1,390,381,391,-1,391,381,382,-1,391,382,392,-1,392,382,383,-1,392,383,393,-1,393,383,384,-1,393,384,394,-1,394,384,385,-1,394,385,395,-1,395,385,386,-1,395,386,396,-1,396,386,387,-1,396,387,397,-1,397,387,388,-1,397,388,398,-1,398,388,389,-1,398,389,399,-1,399,389,359,-1,399,359,379,-1,379,359,360,-1,379,360,377,-1,400,390,401,-1,401,390,391,-1,401,391,402,-1,402,391,392,-1,402,392,403,-1,403,392,393,-1,403,393,404,-1,404,393,394,-1,404,394,405,-1,405,394,395,-1,405,395,406,-1,406,395,396,-1,406,396,407,-1,407,396,397,-1,407,397,408,-1,408,397,398,-1,408,398,409,-1,409,398,399,-1,409,399,410,-1,410,399,379,-1,410,379,366,-1,366,379,380,-1,366,380,364,-1,203,195,201,-1,201,195,197,-1,201,197,149,-1,367,369,366,-1,366,369,411,-1,366,411,410,-1,410,411,412,-1,410,412,409,-1,409,412,413,-1,409,413,408,-1,408,413,414,-1,408,414,407,-1,407,414,415,-1,407,415,406,-1,406,415,416,-1,406,416,405,-1,405,416,417,-1,405,417,404,-1,404,417,418,-1,404,418,403,-1,403,418,419,-1,403,419,402,-1,402,419,420,-1,402,420,401,-1,401,420,146,-1,401,146,400,-1,421,422,423,-1,423,422,424,-1,424,147,423,-1,423,147,149,-1,423,149,425,-1,425,149,197,-1,425,197,426,-1,426,197,198,-1,426,198,427,-1,148,428,149,-1,149,428,429,-1,149,429,201,-1,201,429,430,-1,201,430,199,-1,431,432,433,-1,433,432,434,-1,433,434,435,-1,435,436,433,-1,433,436,437,-1,433,437,438,-1,438,437,439,-1,438,439,440,-1,440,439,441,-1,440,441,442,-1,442,441,443,-1,442,443,444,-1,444,443,445,-1,444,445,446,-1,446,445,447,-1,446,447,448,-1,448,447,449,-1,448,449,450,-1,450,449,451,-1,450,451,452,-1,452,451,453,-1,452,453,454,-1,454,453,455,-1,454,455,456,-1,456,455,374,-1,456,374,457,-1,457,374,376,-1,457,376,458,-1,435,459,436,-1,436,459,460,-1,436,460,461,-1,372,374,369,-1,369,374,455,-1,369,455,411,-1,411,455,453,-1,411,453,412,-1,412,453,451,-1,412,451,413,-1,413,451,449,-1,413,449,414,-1,414,449,447,-1,414,447,415,-1,415,447,445,-1,415,445,416,-1,416,445,443,-1,416,443,417,-1,417,443,441,-1,417,441,418,-1,418,441,439,-1,418,439,419,-1,419,439,437,-1,419,437,420,-1,420,437,436,-1,420,436,146,-1,146,436,461,-1,146,461,144,-1,145,462,146,-1,146,462,463,-1,146,463,400,-1,400,463,464,-1,400,464,465,-1,465,421,400,-1,400,421,423,-1,400,423,390,-1,390,423,425,-1,390,425,381,-1,381,425,426,-1,381,426,193,-1,193,426,427,-1,193,427,194,-1,458,466,457,-1,457,466,467,-1,457,467,468,-1,468,469,281,-1,281,469,470,-1,281,470,282,-1,471,472,312,-1,338,473,313,-1,313,473,474,-1,313,474,312,-1,312,474,475,-1,312,475,471,-1,468,281,457,-1,457,281,279,-1,457,279,456,-1,456,279,277,-1,456,277,454,-1,454,277,275,-1,454,275,452,-1,452,275,273,-1,452,273,450,-1,450,273,271,-1,450,271,448,-1,448,271,269,-1,448,269,446,-1,446,269,267,-1,446,267,444,-1,444,267,334,-1,444,334,442,-1,442,334,155,-1,442,155,440,-1,440,155,154,-1,440,154,438,-1,438,154,312,-1,438,312,433,-1,433,312,472,-1,433,472,431,-1,476,477,478,-1,478,477,479,-1,478,479,480,-1,480,479,481,-1,480,481,482,-1,482,481,483,-1,482,483,484,-1,485,486,487,-1,487,486,488,-1,487,488,489,-1,489,488,490,-1,489,490,476,-1,476,490,491,-1,476,491,477,-1,487,492,485,-1,485,492,493,-1,485,493,494,-1,494,493,495,-1,494,495,496,-1,496,495,497,-1,496,497,498,-1,498,497,499,-1,498,499,500,-1,500,499,501,-1,501,499,502,-1,501,502,503,-1,502,504,503,-1,503,504,505,-1,503,505,506,-1,506,505,507,-1,506,507,508,-1,508,507,509,-1,507,510,509,-1,509,510,511,-1,509,511,512,-1,512,511,513,-1,512,513,514,-1,514,513,515,-1,515,513,516,-1,515,516,517,-1,517,516,518,-1,517,518,519,-1,519,518,520,-1,519,520,521,-1,521,520,522,-1,521,522,523,-1,523,522,524,-1,523,524,525,-1,525,524,526,-1,525,526,527,-1,527,526,528,-1,527,528,529,-1,529,528,530,-1,529,530,531,-1,532,533,534,-1,532,534,535,-1,531,530,534,-1,534,530,536,-1,534,536,535,-1,533,532,537,-1,537,532,538,-1,537,538,539,-1,539,538,540,-1,539,540,541,-1,541,540,542,-1,541,542,543,-1,544,545,546,-1,546,545,547,-1,546,547,548,-1,548,547,543,-1,548,543,549,-1,549,543,542,-1,550,551,552,-1,550,552,553,-1,553,552,554,-1,553,554,555,-1,555,554,556,-1,555,556,557,-1,557,556,558,-1,557,558,544,-1,544,558,559,-1,544,559,545,-1,560,561,562,-1,562,561,563,-1,562,563,564,-1,564,563,565,-1,564,565,566,-1,566,565,567,-1,566,567,568,-1,568,567,569,-1,568,569,570,-1,570,569,571,-1,570,571,572,-1,572,571,573,-1,572,573,574,-1,574,573,575,-1,574,575,576,-1,576,575,577,-1,576,577,578,-1,578,577,579,-1,578,579,580,-1,580,579,581,-1,580,581,582,-1,582,581,583,-1,582,583,584,-1,584,583,585,-1,584,585,586,-1,586,585,587,-1,586,587,588,-1,588,587,589,-1,588,589,590,-1,590,589,591,-1,590,591,592,-1,592,591,593,-1,592,593,551,-1,551,593,594,-1,551,594,552,-1,595,596,597,-1,597,596,598,-1,597,598,599,-1,599,598,600,-1,599,600,601,-1,601,600,602,-1,601,602,603,-1,603,602,604,-1,603,604,560,-1,560,604,605,-1,560,605,561,-1,595,597,606,-1,606,597,607,-1,606,607,608,-1,608,607,609,-1,608,609,610,-1,610,609,611,-1,610,611,612,-1,613,614,615,-1,616,617,618,-1,619,620,621,-1,622,623,624,-1,625,626,627,-1,628,629,630,-1,630,629,631,-1,631,632,633,-1,633,632,634,-1,633,634,625,-1,635,636,637,-1,637,636,638,-1,636,639,638,-1,638,639,640,-1,638,640,641,-1,642,643,644,-1,644,645,642,-1,642,645,646,-1,642,646,640,-1,640,646,647,-1,640,647,641,-1,648,649,650,-1,650,651,648,-1,648,651,652,-1,648,652,643,-1,643,652,653,-1,643,653,644,-1,654,655,649,-1,649,655,656,-1,649,656,650,-1,657,658,654,-1,658,659,654,-1,654,659,660,-1,654,660,655,-1,654,661,657,-1,657,661,662,-1,657,662,663,-1,663,662,664,-1,664,662,665,-1,664,665,666,-1,666,665,667,-1,667,665,668,-1,667,668,669,-1,669,668,670,-1,669,670,671,-1,671,670,672,-1,671,672,673,-1,674,675,676,-1,676,675,677,-1,676,677,678,-1,679,674,680,-1,680,674,681,-1,674,676,681,-1,681,676,682,-1,681,682,683,-1,684,685,682,-1,682,685,686,-1,682,686,683,-1,682,687,684,-1,684,687,688,-1,684,688,689,-1,624,623,688,-1,688,623,690,-1,688,690,689,-1,691,692,693,-1,693,694,691,-1,691,694,695,-1,691,695,624,-1,624,695,696,-1,624,696,622,-1,697,698,699,-1,699,698,700,-1,699,700,692,-1,692,700,701,-1,692,701,693,-1,702,703,697,-1,697,703,704,-1,697,704,698,-1,625,627,633,-1,633,627,705,-1,633,705,706,-1,706,705,707,-1,706,707,702,-1,702,707,708,-1,702,708,703,-1,709,710,711,-1,711,710,712,-1,711,712,713,-1,714,715,716,-1,716,715,717,-1,716,717,718,-1,719,720,721,-1,721,720,722,-1,723,724,670,-1,670,724,725,-1,670,725,672,-1,726,727,728,-1,729,730,731,-1,731,730,732,-1,731,732,733,-1,734,735,736,-1,737,738,739,-1,739,738,740,-1,739,740,741,-1,741,740,742,-1,741,742,743,-1,743,742,744,-1,743,744,745,-1,745,744,746,-1,745,746,716,-1,716,746,747,-1,716,747,714,-1,748,737,749,-1,749,737,739,-1,749,739,750,-1,750,739,741,-1,750,741,751,-1,751,741,743,-1,751,743,752,-1,752,743,745,-1,752,745,753,-1,753,745,716,-1,753,716,711,-1,711,716,718,-1,711,718,709,-1,754,748,755,-1,755,748,749,-1,755,749,756,-1,756,749,750,-1,756,750,757,-1,757,750,751,-1,757,751,758,-1,758,751,752,-1,758,752,759,-1,759,752,753,-1,759,753,760,-1,760,753,711,-1,760,711,734,-1,734,711,713,-1,734,713,735,-1,761,754,762,-1,762,754,755,-1,762,755,763,-1,763,755,756,-1,763,756,764,-1,764,756,757,-1,764,757,765,-1,765,757,758,-1,765,758,766,-1,766,758,759,-1,766,759,767,-1,767,759,760,-1,767,760,768,-1,768,760,734,-1,768,734,721,-1,721,734,736,-1,721,736,719,-1,769,761,770,-1,770,761,762,-1,770,762,771,-1,771,762,763,-1,771,763,772,-1,772,763,764,-1,772,764,773,-1,773,764,765,-1,773,765,774,-1,774,765,766,-1,774,766,775,-1,775,766,767,-1,775,767,776,-1,776,767,768,-1,776,768,777,-1,777,768,721,-1,777,721,726,-1,726,721,722,-1,726,722,727,-1,778,769,779,-1,779,769,770,-1,779,770,780,-1,780,770,771,-1,780,771,781,-1,781,771,772,-1,781,772,782,-1,782,772,773,-1,782,773,783,-1,783,773,774,-1,783,774,784,-1,784,774,775,-1,784,775,785,-1,785,775,776,-1,785,776,786,-1,786,776,777,-1,786,777,787,-1,787,777,726,-1,787,726,731,-1,731,726,728,-1,731,728,729,-1,788,789,790,-1,790,789,791,-1,790,791,792,-1,639,778,640,-1,640,778,779,-1,640,779,642,-1,642,779,780,-1,642,780,643,-1,643,780,781,-1,643,781,648,-1,648,781,782,-1,648,782,649,-1,649,782,783,-1,649,783,654,-1,654,783,784,-1,654,784,661,-1,661,784,785,-1,661,785,662,-1,662,785,786,-1,662,786,665,-1,665,786,787,-1,665,787,668,-1,668,787,731,-1,668,731,670,-1,670,731,733,-1,670,733,723,-1,789,793,794,-1,794,795,789,-1,789,795,796,-1,789,796,791,-1,797,798,788,-1,797,788,799,-1,614,799,615,-1,615,799,788,-1,615,788,800,-1,800,788,790,-1,800,790,801,-1,801,790,792,-1,801,792,802,-1,798,803,788,-1,788,803,804,-1,788,804,789,-1,789,804,805,-1,789,805,793,-1,619,621,806,-1,617,806,618,-1,618,806,621,-1,618,621,807,-1,807,621,808,-1,807,808,809,-1,809,808,810,-1,809,810,811,-1,811,810,812,-1,811,812,813,-1,813,812,814,-1,813,814,815,-1,636,816,639,-1,639,816,817,-1,639,817,818,-1,818,819,639,-1,639,819,820,-1,639,820,778,-1,778,820,821,-1,778,821,769,-1,769,821,822,-1,769,822,761,-1,761,822,823,-1,761,823,754,-1,754,823,824,-1,754,824,748,-1,748,824,825,-1,748,825,737,-1,737,825,826,-1,737,826,738,-1,819,827,820,-1,820,827,828,-1,820,828,829,-1,829,616,820,-1,820,616,618,-1,820,618,821,-1,821,618,807,-1,821,807,822,-1,822,807,809,-1,822,809,823,-1,823,809,811,-1,823,811,824,-1,824,811,813,-1,824,813,825,-1,825,813,815,-1,825,815,826,-1,620,613,621,-1,621,613,615,-1,621,615,808,-1,808,615,800,-1,808,800,810,-1,810,800,801,-1,810,801,812,-1,812,801,802,-1,812,802,814,-1,830,831,832,-1,832,831,833,-1,834,833,835,-1,836,837,838,-1,838,837,839,-1,838,839,840,-1,841,842,843,-1,843,842,844,-1,843,844,836,-1,835,845,834,-1,834,845,846,-1,834,846,847,-1,847,848,849,-1,849,848,850,-1,849,850,841,-1,631,633,630,-1,630,633,706,-1,630,706,851,-1,851,706,702,-1,851,702,852,-1,852,702,697,-1,852,697,853,-1,853,697,699,-1,853,699,854,-1,854,699,692,-1,854,692,855,-1,855,692,691,-1,855,691,856,-1,856,691,624,-1,856,624,857,-1,857,624,688,-1,857,688,858,-1,858,688,687,-1,858,687,859,-1,859,687,682,-1,859,682,860,-1,860,682,676,-1,860,676,832,-1,832,676,678,-1,832,678,830,-1,841,843,849,-1,849,843,861,-1,849,861,862,-1,862,861,863,-1,862,863,864,-1,864,863,865,-1,864,865,866,-1,866,865,867,-1,866,867,868,-1,868,867,869,-1,868,869,870,-1,870,869,871,-1,870,871,872,-1,872,871,873,-1,872,873,874,-1,874,873,875,-1,874,875,876,-1,876,875,877,-1,876,877,878,-1,878,877,879,-1,878,879,880,-1,880,879,881,-1,880,881,882,-1,883,884,885,-1,885,884,886,-1,885,886,887,-1,833,834,832,-1,832,834,888,-1,832,888,860,-1,860,888,889,-1,860,889,859,-1,859,889,890,-1,859,890,858,-1,858,890,891,-1,858,891,857,-1,857,891,892,-1,857,892,856,-1,856,892,893,-1,856,893,855,-1,855,893,894,-1,855,894,854,-1,854,894,895,-1,854,895,853,-1,853,895,896,-1,853,896,852,-1,852,896,897,-1,852,897,851,-1,851,897,885,-1,851,885,630,-1,630,885,887,-1,630,887,628,-1,898,899,900,-1,900,899,901,-1,900,901,902,-1,902,901,903,-1,902,903,904,-1,904,903,905,-1,904,905,906,-1,906,905,907,-1,906,907,908,-1,908,907,909,-1,908,909,910,-1,910,909,911,-1,910,911,912,-1,912,911,913,-1,912,913,914,-1,914,913,915,-1,914,915,916,-1,916,915,917,-1,916,917,918,-1,918,917,919,-1,918,919,920,-1,920,919,838,-1,920,838,921,-1,921,838,840,-1,921,840,922,-1,898,923,899,-1,899,923,924,-1,899,924,925,-1,836,838,843,-1,843,838,919,-1,843,919,861,-1,861,919,917,-1,861,917,863,-1,863,917,915,-1,863,915,865,-1,865,915,913,-1,865,913,867,-1,867,913,911,-1,867,911,869,-1,869,911,909,-1,869,909,871,-1,871,909,907,-1,871,907,873,-1,873,907,905,-1,873,905,875,-1,875,905,903,-1,875,903,877,-1,877,903,901,-1,877,901,879,-1,879,901,899,-1,879,899,881,-1,881,899,925,-1,881,925,926,-1,927,928,882,-1,926,929,881,-1,881,929,930,-1,881,930,882,-1,882,930,931,-1,882,931,927,-1,847,849,834,-1,834,849,862,-1,834,862,888,-1,888,862,864,-1,888,864,889,-1,889,864,866,-1,889,866,890,-1,890,866,868,-1,890,868,891,-1,891,868,870,-1,891,870,892,-1,892,870,872,-1,892,872,893,-1,893,872,874,-1,893,874,894,-1,894,874,876,-1,894,876,895,-1,895,876,878,-1,895,878,896,-1,896,878,880,-1,896,880,897,-1,897,880,882,-1,897,882,885,-1,885,882,928,-1,885,928,883,-1,932,933,746,-1,746,933,934,-1,746,934,747,-1,922,935,921,-1,921,935,936,-1,921,936,932,-1,795,937,796,-1,796,937,938,-1,796,938,939,-1,940,941,900,-1,900,941,942,-1,900,942,898,-1,932,746,921,-1,921,746,744,-1,921,744,920,-1,920,744,742,-1,920,742,918,-1,918,742,740,-1,918,740,916,-1,916,740,738,-1,916,738,914,-1,914,738,826,-1,914,826,912,-1,912,826,815,-1,912,815,910,-1,910,815,814,-1,910,814,908,-1,908,814,802,-1,908,802,906,-1,906,802,792,-1,906,792,904,-1,904,792,791,-1,904,791,902,-1,902,791,796,-1,902,796,900,-1,900,796,939,-1,900,939,940,-1,
        ]
    }
}
Shape{
    appearance Appearance {
        material  Material 	{
            diffuseColor 1.0 1.0 1.0
            specularColor 0.5019607843137255 0.5019607843137255 0.5019607843137255
            ambientIntensity 1.0
            transparency 0.0
            shininess 0.5
        }
    }
    geometry IndexedFaceSet {
        ccw TRUE
        solid FALSE
        coord DEF co Coordinate {
            point [
                0.3877 -0.0684 3.6779, 0.3803 -0.1019 3.2842, 0.3937 -0.0 3.2842, 0.3779 -0.1012 3.6779, 0.3615 -0.1559 3.6779, 0.341 -0.1969 3.2842, 0.3386 -0.1955 3.6779, 0.3158 -0.2351 3.6779, 0.2784 -0.2784 3.2842, 0.2766 -0.2767 3.6779, 0.2531 -0.3016 3.6779, 0.1969 -0.341 3.2842, 0.1958 -0.3393 3.6779, 0.1767 -0.3518 3.6779, 0.1019 -0.3803 3.2842, 0.1015 -0.3792 3.6779, 0.0908 -0.3831 3.6779, 0.0 -0.3937 3.2842, 0.0 -0.3937 3.6779, -0.0908 -0.3831 3.6779, -0.1019 -0.3803 3.2842, -0.1015 -0.3792 3.6779, -0.1767 -0.3518 3.6779, -0.1969 -0.341 3.2842, -0.1958 -0.3393 3.6779, -0.2531 -0.3016 3.6779, -0.2784 -0.2784 3.2842, -0.2766 -0.2767 3.6779, -0.3158 -0.2351 3.6779, -0.341 -0.1969 3.2842, -0.3386 -0.1955 3.6779, -0.3615 -0.1559 3.6779, -0.3803 -0.1019 3.2842, -0.3779 -0.1012 3.6779, -0.3877 -0.0684 3.6779, -0.3937 0.0 3.2842, -0.3917 0.0001 3.6779, -0.393 0.0229 3.6779, -0.3803 0.1019 3.2842, -0.3791 0.1017 3.6779, -0.3772 0.1129 3.6779, -0.341 0.1969 3.2842, -0.341 0.1969 3.6779, -0.2864 0.2702 3.6779, -0.2784 0.2784 3.2842, -0.2776 0.2775 3.6779, -0.2163 0.3289 3.6779, -0.1969 0.341 3.2842, -0.196 0.3392 3.6779, -0.1347 0.37 3.6779, -0.1019 0.3803 3.2842, -0.1013 0.3779 3.6779, -0.0457 0.391 3.6779, 0.0 0.3937 3.2842, 0.0 0.391 3.6779, 0.0457 0.391 3.6779, 0.1019 0.3803 3.2842, 0.1013 0.3779 3.6779, 0.1347 0.37 3.6779, 0.1969 0.341 3.2842, 0.196 0.3392 3.6779, 0.2163 0.3289 3.6779, 0.2784 0.2784 3.2842, 0.2776 0.2775 3.6779, 0.2864 0.2702 3.6779, 0.341 0.1969 3.2842, 0.341 0.1969 3.6779, 0.3772 0.1129 3.6779, 0.3803 0.1019 3.2842, 0.3791 0.1017 3.6779, 0.393 0.0229 3.6779, 0.3937 0.0 3.6779
            ]
        }
        coordIndex [
            0,1,2,-1,0,3,1,-1,1,3,4,-1,1,4,5,-1,4,6,5,-1,5,6,7,-1,5,7,8,-1,7,9,8,-1,8,9,10,-1,8,10,11,-1,10,12,11,-1,11,12,13,-1,11,13,14,-1,13,15,14,-1,14,15,16,-1,14,16,17,-1,16,18,17,-1,17,18,19,-1,17,19,20,-1,19,21,20,-1,20,21,22,-1,20,22,23,-1,22,24,23,-1,23,24,25,-1,23,25,26,-1,25,27,26,-1,26,27,28,-1,26,28,29,-1,28,30,29,-1,29,30,31,-1,29,31,32,-1,31,33,32,-1,32,33,34,-1,32,34,35,-1,34,36,35,-1,35,36,37,-1,35,37,38,-1,37,39,38,-1,38,39,40,-1,38,40,41,-1,40,42,41,-1,41,42,43,-1,41,43,44,-1,43,45,44,-1,44,45,46,-1,44,46,47,-1,46,48,47,-1,47,48,49,-1,47,49,50,-1,49,51,50,-1,50,51,52,-1,50,52,53,-1,52,54,53,-1,53,54,55,-1,53,55,56,-1,55,57,56,-1,56,57,58,-1,56,58,59,-1,58,60,59,-1,59,60,61,-1,59,61,62,-1,61,63,62,-1,62,63,64,-1,62,64,65,-1,64,66,65,-1,65,66,67,-1,65,67,68,-1,67,69,68,-1,68,69,70,-1,68,70,2,-1,2,70,71,-1,2,71,0,-1,
        ]
    }
}
Shape{
    appearance Appearance {
        material  Material 	{
            diffuseColor 0.29411764705882354 0.29411764705882354 0.29411764705882354
            specularColor 0.14901960784313725 0.14901960784313725 0.14901960784313725
            ambientIntensity 0.2941
            transparency 0.0
            shininess 0.5
        }
    }
    geometry IndexedFaceSet {
        ccw TRUE
        solid FALSE
        coord DEF co Coordinate {
            point [
                0.4999 1.2205 2.318, 0.5898 1.2205 2.3331, 0.5725 1.187 2.3153, 0.6047 1.1721 2.3141, 0.6589 1.2205 2.3447, 0.6595 1.1409 2.312, 0.7069 1.2205 2.3549, 0.6978 1.1191 2.3105, 0.8307 1.2205 2.3813, 0.7001 1.1177 2.3104, 0.7429 1.0884 2.3086, 0.8332 1.2205 2.382, 0.791 1.0554 2.3066, 0.9754 1.2203 2.4178, 0.8222 1.0299 2.3052, 0.877 0.9851 2.3027, 1.0732 1.1554 2.4216, 0.8893 0.9731 2.3021, 0.8969 0.9657 2.3017, 1.0013 1.2203 2.4244, 1.1554 1.0712 2.4182, 0.9588 0.9057 2.2987, 1.1191 1.1128 2.4198, 1.1146 1.1179 2.42, 1.0314 0.8219 2.2949, 1.0308 0.8228 2.295, 0.9669 0.8963 2.2983, 1.233 0.9824 2.4148, 1.235 0.98 2.4147, 1.0512 0.7948 2.2938, 1.2579 0.9539 2.4138, 1.0896 0.7424 2.2916, 1.3015 0.8868 2.4115, 1.0959 0.7338 2.2913, 1.3351 0.8352 2.4097, 1.1417 0.6587 2.2883, 1.3658 0.788 2.4081, 1.1537 0.639 2.2876, 1.3788 0.768 2.4074, 1.1781 0.5902 2.2857, 1.4188 0.6828 2.4047, 1.1875 0.5714 2.285, 1.2046 0.5371 2.2837, 1.4196 0.681 2.4047, 1.2268 0.4811 2.2816, 1.4688 0.576 2.4013, 1.4724 0.5684 2.4011, 1.2451 0.4349 2.2799, 1.4878 0.5187 2.3996, 1.2593 0.3881 2.2782, 1.5048 0.4637 2.398, 1.266 0.3661 2.2774, 1.537 0.3601 2.3949, 1.2771 0.3295 2.276, 1.2849 0.293 2.2747, 1.5385 0.3508 2.3946, 1.3003 0.2209 2.2722, 1.5386 0.3499 2.3946, 1.5574 0.2345 2.3912, 1.3034 0.1963 2.2713, 1.3117 0.1297 2.269, 1.567 0.176 2.3895, 1.572 0.145 2.3886, 1.3145 0.1078 2.2683, 1.5725 0.1178 2.3879, 1.3149 0.0985 2.268, 1.3188 -0.0 2.2647, 1.5749 0.0001 2.3845, 1.5749 -0.0001 2.3845, 1.3189 -0.002 2.2646, 1.5765 -0.0766 2.3823, 1.3147 -0.0985 2.2614, 1.5716 -0.1177 2.3811, 1.3142 -0.1112 2.2609, 1.3141 -0.1121 2.2609, 1.5647 -0.1755 2.3794, 1.3033 -0.1965 2.258, 1.5576 -0.2349 2.3777, 1.3 -0.2222 2.2571, 1.5503 -0.2958 2.376, 1.2847 -0.2932 2.2546, 1.5363 -0.3492 2.3744, 1.536 -0.3505 2.3744, 1.3039 -0.8885 2.3575, 1.0897 -0.7425 2.2377, 1.0935 -0.7374 2.2379, 1.3354 -0.8352 2.3593, 1.1417 -0.6588 2.241, 1.364 -0.787 2.3609, 1.1531 -0.6402 2.2417, 1.4124 -0.7053 2.3636, 1.1865 -0.5735 2.2443, 1.4212 -0.6842 2.3642, 1.1875 -0.5716 2.2443, 1.4221 -0.682 2.3643, 1.2029 -0.541 2.2455, 1.4665 -0.5753 2.3676, 1.2267 -0.4813 2.2477, 1.4898 -0.5192 2.3694, 1.2438 -0.4387 2.2493, 1.495 -0.5067 2.3697, 1.2592 -0.3884 2.2512, 1.5061 -0.4646 2.371, 1.2715 -0.3482 2.2526, 1.276 -0.3336 2.2532, 1.0623 -0.7797 2.2361, 1.2995 -0.8959 2.3573, 1.0312 -0.8219 2.2344, 1.2334 -0.9785 2.3542, 1.2312 -0.9813 2.3541, 1.0283 -0.8259 2.2342, 1.1615 -1.0686 2.3509, 0.9666 -0.8964 2.231, 1.157 -1.0729 2.3508, 0.9558 -0.9088 2.2305, 1.1171 -1.1106 2.3492, 0.9028 -0.9601 2.2279, 1.0713 -1.154 2.3474, 0.6968 -1.1198 2.2188, 0.7132 -1.1086 2.2195, 0.8334 -1.2205 2.2943, 0.7427 -1.0885 2.2207, 0.8469 -1.2205 2.298, 0.7876 -1.0579 2.2226, 0.9749 -1.2204 2.3366, 0.8219 -1.03 2.2242, 1.0013 -1.2204 2.3446, 0.876 -0.986 2.2266, 0.8967 -0.9659 2.2276, 0.6594 -1.1409 2.2174, 0.7064 -1.2205 2.26, 0.6009 -1.1741 2.2151, 0.6744 -1.2205 2.2513, 0.5725 -1.1871 2.214, 0.59 -1.2204 2.2319, 0.4999 -1.2203 2.2112, -1.3276 -0.8537 2.3043, -1.3024 -0.8874 2.3055, -1.0935 -0.7374 2.425, -0.4999 1.2205 2.345, -0.5898 1.2205 2.3299, -0.5725 1.187 2.3477, -0.6047 1.1721 2.3489, -0.6589 1.2205 2.3183, -0.6595 1.1409 2.351, -0.7069 1.2205 2.308, -0.7002 1.1177 2.3526, -0.8307 1.2205 2.2816, -0.7121 1.1095 2.3531, -0.7429 1.0884 2.3544, -0.8332 1.2205 2.281, -0.791 1.0554 2.3564, -0.9754 1.2203 2.2452, -0.8222 1.0299 2.3578, -0.877 0.9851 2.3603, -1.0013 1.2203 2.2386, -1.0718 1.1539 2.2414, -1.1575 1.0731 2.2448, -0.9669 0.8964 2.3647, -0.9588 0.9057 2.3643, -1.1174 1.1109 2.2432, -0.9007 0.9621 2.3615, -0.8969 0.9657 2.3613, -1.0308 0.8227 2.368, -1.1609 1.0699 2.2449, -1.0314 0.8219 2.368, -1.2316 0.9814 2.2481, -1.2336 0.979 2.2482, -1.0597 0.7832 2.3696, -1.2972 0.8993 2.2512, -1.0896 0.7424 2.3713, -1.3037 0.8883 2.2515, -1.0959 0.7338 2.3717, -1.3352 0.8354 2.2533, -1.1417 0.6587 2.3746, -1.364 0.7869 2.2549, -1.1537 0.639 2.3754, -1.4088 0.7113 2.2574, -1.1839 0.5786 2.3777, -1.4205 0.6837 2.2583, -1.1875 0.5714 2.378, -1.2046 0.537 2.3793, -1.4213 0.6818 2.2583, -1.2268 0.4811 2.3814, -1.4663 0.5749 2.2616, -1.2451 0.4349 2.3831, -1.4897 0.5192 2.2634, -1.4947 0.5073 2.2637, -1.2593 0.3881 2.3848, -1.5061 0.4642 2.265, -1.2693 0.3551 2.386, -1.5362 0.3502 2.2684, -1.2771 0.3295 2.387, -1.2849 0.293 2.3883, -1.5364 0.3493 2.2684, -1.5512 0.2934 2.2701, -1.3003 0.2209 2.3908, -1.5603 0.235 2.2718, -1.3034 0.1963 2.3917, -1.5668 0.1934 2.273, -1.313 0.1197 2.3943, -1.5677 0.1762 2.2735, -1.3145 0.1078 2.3947, -1.5708 0.1177 2.2751, -1.3149 0.0985 2.395, -1.5769 0.0001 2.2785, -1.3188 -0.0 2.3983, -1.5769 -0.0001 2.2785, -1.3189 -0.002 2.3984, -1.5782 -0.0238 2.2792, -1.3147 -0.0986 2.4016, -1.5702 -0.1176 2.2819, -1.3141 -0.1121 2.4021, -1.3 -0.2223 2.4059, -1.5353 -0.3491 2.2886, -1.2847 -0.2933 2.4084, -1.535 -0.3504 2.2886, -1.276 -0.3336 2.4098, -1.3132 -0.1197 2.4023, -1.5652 -0.1757 2.2835, -1.3033 -0.1965 2.405, -1.5601 -0.2352 2.2852, -1.5595 -0.2427 2.2855, -1.2694 -0.3551 2.4106, -1.5104 -0.4589 2.2918, -1.2592 -0.3884 2.4118, -1.508 -0.4651 2.292, -1.2438 -0.4387 2.4137, -1.4877 -0.5184 2.2936, -1.2267 -0.4813 2.4153, -1.4661 -0.5753 2.2954, -1.2028 -0.541 2.4175, -1.4328 -0.6628 2.298, -1.4223 -0.6819 2.2987, -1.1875 -0.5716 2.4186, -1.4212 -0.684 2.2987, -1.1839 -0.5787 2.4189, -1.3642 -0.7873 2.3021, -1.1531 -0.6403 2.4212, -1.1417 -0.6588 2.422, -1.3372 -0.8363 2.3037, -0.8759 -0.986 2.4364, -0.8967 -0.9659 2.4354, -1.0726 -1.1555 2.3156, -0.9007 -0.9621 2.4352, -1.1168 -1.1104 2.3138, -0.9558 -0.9088 2.4325, -1.1553 -1.0713 2.3122, -0.9666 -0.8964 2.432, -1.1964 -1.0293 2.3106, -1.0283 -0.8259 2.4288, -1.2318 -0.9819 2.3089, -1.0312 -0.8219 2.4286, -1.2339 -0.9791 2.3088, -1.0597 -0.7832 2.427, -1.0897 -0.7425 2.4253, -1.0498 -1.1787 2.3165, -1.0013 -1.2204 2.3184, -0.8219 -1.03 2.4388, -0.9749 -1.2204 2.3264, -0.7876 -1.0579 2.4404, -0.8469 -1.2205 2.365, -0.7427 -1.0885 2.4423, -0.8334 -1.2205 2.3687, -0.7121 -1.1094 2.4435, -0.6968 -1.1198 2.4442, -0.6594 -1.1409 2.4456, -0.7064 -1.2205 2.403, -0.6009 -1.1741 2.4479, -0.6744 -1.2205 2.4116, -0.5725 -1.1871 2.449, -0.59 -1.2204 2.431, -0.4999 -1.2203 2.4517, -1.1784 0.5918 2.3853, -1.4105 0.7084 2.5052, -1.153 0.6403 2.3836, -1.3411 0.8256 2.5013, -1.1221 0.6907 2.3815, -1.3259 0.8513 2.5005, -1.0935 0.7374 2.3796, -1.2979 0.8986 2.4989, -1.0597 0.7832 2.3776, -1.2617 0.9439 2.4972, -1.0551 0.7895 2.3773, -1.0283 0.8259 2.3758, -1.2286 0.9852 2.4957, -0.9794 0.8818 2.3733, -1.0702 1.1552 2.4891, -0.9007 0.9621 2.3695, -1.119 1.1092 2.491, -0.9558 0.9089 2.372, -1.1619 1.0687 2.4927, -1.1724 1.0556 2.4931, -0.7769 1.2205 2.421, -0.7121 1.1094 2.3614, -0.8468 1.2205 2.4399, -0.7875 1.058 2.3645, -0.9419 1.2203 2.4685, -0.8045 1.0441 2.3652, -1.0012 1.2202 2.4864, -0.8759 0.986 2.3683, -0.8957 0.9669 2.3692, -0.4999 1.2205 2.353, -0.6008 1.1741 2.3569, -0.6291 1.2205 2.3828, -0.6033 1.1727 2.357, -0.6743 1.2205 2.3932, -0.6967 1.1198 2.3607, -0.7068 1.113 2.3611, -1.5732 -0.1179 1.9627, -1.5652 -0.1756 1.9643, -1.5714 -0.1764 1.9661, -1.5053 -0.4643 1.9728, -1.4898 -0.5193 1.9744, -1.4936 -0.5205 1.9761, -1.4261 -0.6837 1.9812, -1.4284 -0.6849 1.9834, -1.5572 0.2346 1.9525, -1.5655 0.1758 1.9542, -1.5716 0.1765 1.956, -1.5812 0.0001 1.961, -1.5838 0.0001 1.9632, -1.0179 1.2205 1.9431, -1.127 1.1206 1.9473, -1.1261 1.1197 1.9506, -1.0193 -1.2205 2.0166, -1.019 -1.2205 2.0188, -1.1273 -1.1209 2.0146, -1.0186 -1.2205 2.0205, -1.0179 -1.2205 2.0221, -1.1269 -1.1204 2.0179, -1.0034 -1.2205 2.0342, -1.0014 -1.2205 2.0349, -1.0714 -1.1541 2.0321, -1.0481 1.1806 1.9569, -1.0014 1.2204 1.9552, -1.005 1.2204 1.9537, -1.0051 -1.2205 2.0333, -1.1211 -1.1147 2.029, -1.1226 -1.1162 2.0273, -1.0085 -1.2205 2.0315, -1.0126 -1.2205 2.0287, -1.0121 -1.2205 2.0293, -1.0104 -1.2205 2.0305, -1.1245 -1.1181 2.0244, -1.1259 -1.1195 2.0212, -1.0161 -1.2205 2.0252, -1.0169 -1.2205 2.024, -1.0189 -1.2205 2.0194, -1.0192 -1.2205 2.0154, -1.1274 -1.121 2.0113, -1.0186 -1.2205 2.0126, -1.0184 -1.2205 2.0122, -1.127 -1.1206 2.008, -1.0181 -1.2205 2.0114, -1.1261 -1.1197 2.0044, -1.0161 -1.2205 2.0082, -1.0153 -1.2205 2.0073, -1.1248 -1.1184 2.0011, -1.0133 -1.2205 2.0054, -1.1233 -1.1169 1.9985, -1.0114 -1.2205 2.0038, -1.1571 -1.0731 1.993, -1.1173 -1.1108 1.9946, -1.1214 -1.115 1.9963, -1.0714 -1.1541 1.9964, -1.0083 -1.2205 2.0019, -1.0059 -1.2205 2.0009, -1.0014 -1.2205 1.9992, -1.0014 1.2204 1.9194, -1.0481 1.1806 1.9212, -1.0033 1.2205 1.9201, -1.0057 1.2205 1.9214, -1.1216 1.1152 1.9257, -1.1234 1.1171 1.9279, -1.0103 1.2205 1.9238, -1.1249 1.1186 1.9305, -1.1263 1.1199 1.9338, -1.0163 1.2205 1.9295, -1.016 1.2205 1.9291, -1.0132 1.2205 1.9262, -1.012 1.2205 1.925, -1.1272 1.1208 1.9374, -1.1276 1.1212 1.9407, -1.0191 1.2205 1.9365, -1.0189 1.2205 1.9349, -1.0186 1.2205 1.9338, -1.0169 1.2205 1.9303, -1.0185 1.2205 1.9417, -1.0189 1.2205 1.9398, -1.1275 1.1211 1.944, -1.0192 1.2205 1.9389, -1.0192 1.2205 1.9377, -1.018 1.2205 1.9429, -1.1246 1.1183 1.9538, -1.0153 1.2205 1.947, -1.0161 1.2205 1.946, -1.1212 1.1149 1.9584, -1.0083 1.2205 1.9524, -1.1228 1.1164 1.9567, -1.0114 1.2205 1.9505, -1.0125 1.2205 1.9495, -1.5134 0.4492 1.982, -1.5418 0.3506 1.9836, -1.5386 0.3509 1.9849, -1.5388 0.3499 1.9849, -1.5737 0.1178 1.9917, -1.5655 0.1758 1.99, -1.5711 0.1765 1.9886, -1.5572 0.2346 1.9883, -1.5433 0.3324 1.9855, -1.4369 0.6529 1.9758, -1.4215 0.6815 1.9749, -1.4253 0.6835 1.9735, -1.4204 0.6834 1.9748, -1.3642 0.7872 1.9714, -1.3021 0.8871 1.9681, -1.2341 0.9795 1.9648, -1.2384 0.9827 1.9634, -1.2322 0.9821 1.9647, -1.2007 1.0248 1.9632, -1.1554 1.0711 1.9613, -1.1168 1.1105 1.9597, -1.0728 1.1553 1.9579, -1.3374 0.8367 1.9698, -1.3322 0.8463 1.9695, -1.3401 0.8383 1.9685, -1.5076 0.4646 1.9815, -1.4875 0.5183 1.9799, -1.4929 0.5203 1.9785, -1.4662 0.575 1.9782, -1.5763 0.1771 1.9607, -1.5879 0.0001 1.9691, -1.5782 0.1773 1.964, -1.5892 0.0001 1.9727, -1.5795 0.1774 1.9677, -1.5897 0.0001 1.976, -1.58 0.1775 1.9709, -1.5896 0.0001 1.9793, -1.5799 0.1775 1.9742, -1.5889 0.0001 1.9826, -1.5792 0.1774 1.9775, -1.5875 0.0001 1.9859, -1.5779 0.1773 1.9809, -1.5855 0.0001 1.9891, -1.5759 0.177 1.9841, -1.5829 0.0001 1.992, -1.5733 0.1767 1.9869, -1.5807 0.0001 1.9937, -1.5743 0.1133 1.9918, -1.5448 0.3513 1.9531, -1.5469 0.3518 1.9557, -1.5488 0.3522 1.959, -1.55 0.3525 1.9626, -1.5505 0.3526 1.9659, -1.5504 0.3526 1.9692, -1.5498 0.3524 1.9725, -1.5485 0.3521 1.9758, -1.5465 0.3517 1.9791, -1.544 0.3511 1.9819, -1.4934 0.5205 1.9459, -1.4959 0.5213 1.9481, -1.4979 0.522 1.9506, -1.4997 0.5226 1.9539, -1.5009 0.5231 1.9576, -1.5014 0.5232 1.9609, -1.5013 0.5232 1.9642, -1.5007 0.523 1.9674, -1.4994 0.5225 1.9708, -1.4975 0.5219 1.974, -1.495 0.521 1.9768, -1.2408 0.9847 1.933, -1.2425 0.986 1.9355, -1.244 0.9872 1.9388, -1.245 0.988 1.9425, -1.2454 0.9883 1.9457, -1.2453 0.9882 1.949, -1.2448 0.9878 1.9523, -1.2437 0.987 1.9556, -1.2421 0.9857 1.9589, -1.2401 0.9841 1.9617, -1.5737 0.1178 1.9559, -1.5743 0.1133 1.9561, -1.4662 0.575 1.9424, -1.4875 0.5183 1.9442, -1.5076 0.4646 1.9458, -1.5134 0.4492 1.9463, -1.5423 0.3507 1.9509, -1.5742 0.1768 1.9582, -1.5859 0.0001 1.9658, -1.5386 0.3509 1.9492, -1.5388 0.3499 1.9492, -1.5433 0.3324 1.9497, -1.3322 0.8463 1.9338, -1.3374 0.8367 1.9341, -1.3405 0.8386 1.9358, -1.3642 0.7872 1.9357, -1.4258 0.6837 1.9408, -1.4281 0.6848 1.9431, -1.3427 0.8399 1.938, -1.43 0.6858 1.9456, -1.3445 0.8411 1.9405, -1.4318 0.6866 1.9489, -1.3462 0.8421 1.9439, -1.4329 0.6871 1.9526, -1.3473 0.8428 1.9475, -1.4334 0.6874 1.9558, -1.3477 0.843 1.9508, -1.4333 0.6873 1.9591, -1.3476 0.843 1.9541, -1.4327 0.687 1.9624, -1.347 0.8426 1.9574, -1.4315 0.6864 1.9657, -1.3459 0.8419 1.9607, -1.4297 0.6856 1.969, -1.3442 0.8408 1.9639, -1.4273 0.6844 1.9718, -1.342 0.8395 1.9667, -1.0728 1.1553 1.9222, -1.1168 1.1105 1.924, -1.1554 1.0711 1.9256, -1.2007 1.0248 1.9274, -1.2388 0.9831 1.9308, -1.2322 0.9821 1.9289, -1.2341 0.9795 1.929, -1.3021 0.8871 1.9323, -1.4204 0.6834 1.9391, -1.4215 0.6815 1.9391, -1.4369 0.6529 1.94, -1.1571 -1.0731 2.0288, -1.1604 -1.0699 2.0286, -1.1173 -1.1108 2.0303, -1.2312 -0.9814 2.0254, -1.2383 -0.9825 2.0239, -1.2334 -0.9786 2.0253, -1.2975 -0.8985 2.0224, -1.5373 -0.3508 2.0052, -1.5377 -0.3496 2.0051, -1.5416 -0.3506 2.0038, -1.5448 -0.3245 2.0044, -1.5571 -0.2348 2.0018, -1.5708 -0.1763 1.9987, -1.4855 -0.5346 2.0106, -1.4898 -0.5193 2.0102, -1.4931 -0.5204 2.0088, -1.5053 -0.4643 2.0085, -1.3036 -0.8883 2.022, -1.3352 -0.8351 2.0203, -1.3402 -0.8382 2.0189, -1.3639 -0.7869 2.0186, -1.4108 -0.7081 2.016, -1.4211 -0.6841 2.0153, -1.4256 -0.6835 2.0138, -1.4221 -0.6819 2.0152, -1.4677 -0.5757 2.0119, -1.496 -0.5214 1.9784, -1.4303 -0.6858 1.9859, -1.498 -0.5221 1.9809, -1.4321 -0.6866 1.9893, -1.4999 -0.5227 1.9842, -1.4332 -0.6872 1.9929, -1.5011 -0.5231 1.9879, -1.4337 -0.6874 1.9962, -1.5015 -0.5233 1.9911, -1.4336 -0.6873 1.9995, -1.5015 -0.5233 1.9944, -1.433 -0.687 2.0027, -1.5008 -0.523 1.9977, -1.4318 -0.6865 2.0061, -1.4995 -0.5226 2.001, -1.4299 -0.6856 2.0093, -1.4976 -0.5219 2.0043, -1.4276 -0.6845 2.0121, -1.4952 -0.5211 2.0071, -1.5421 -0.3507 1.9711, -1.5446 -0.3513 1.9733, -1.5467 -0.3517 1.9758, -1.5486 -0.3522 1.9792, -1.5498 -0.3524 1.9828, -1.5503 -0.3526 1.9861, -1.5502 -0.3525 1.9894, -1.5496 -0.3524 1.9927, -1.5483 -0.3521 1.996, -1.5463 -0.3516 1.9992, -1.5437 -0.3511 2.002, -1.573 -0.1766 1.997, -1.5756 -0.1769 1.9942, -1.5776 -0.1771 1.9909, -1.579 -0.1773 1.9876, -1.5797 -0.1773 1.9843, -1.5797 -0.1773 1.981, -1.5792 -0.1773 1.9778, -1.578 -0.1771 1.9741, -1.576 -0.1769 1.9708, -1.5739 -0.1767 1.9683, -1.3639 -0.7869 1.9829, -1.3352 -0.8351 1.9845, -1.3407 -0.8384 1.9862, -1.3036 -0.8883 1.9863, -1.2975 -0.8985 1.9866, -1.2387 -0.9828 1.9913, -1.2407 -0.9844 1.9935, -1.3429 -0.8398 1.9885, -1.2424 -0.9857 1.996, -1.3447 -0.8409 1.991, -1.2439 -0.9869 1.9993, -1.3463 -0.842 1.9943, -1.2449 -0.9877 2.003, -1.3474 -0.8426 1.998, -1.2453 -0.988 2.0063, -1.3478 -0.8429 2.0012, -1.2452 -0.988 2.0096, -1.3478 -0.8429 2.0045, -1.2447 -0.9876 2.0128, -1.3472 -0.8425 2.0078, -1.2436 -0.9867 2.0162, -1.346 -0.8418 2.0111, -1.242 -0.9855 2.0194, -1.3443 -0.8407 2.0144, -1.24 -0.9839 2.0222, -1.3421 -0.8393 2.0172, -1.2334 -0.9786 1.9895, -1.2312 -0.9814 1.9896, -1.1604 -1.0699 1.9929, -1.5571 -0.2348 1.966, -1.5448 -0.3245 1.9686, -1.5377 -0.3496 1.9694, -1.5373 -0.3508 1.9694, -1.4211 -0.6841 1.9795, -1.4108 -0.7081 1.9803, -1.4855 -0.5346 1.9749, -1.4677 -0.5757 1.9762, -1.4221 -0.6819 1.9795, -1.5652 -0.1756 2.0001, -1.5732 -0.1179 1.9984, -1.5745 -0.108 1.9981, -1.5744 -0.0001 1.995, -1.5744 0.0001 1.995, -1.5744 0.0001 1.9593, -1.5744 -0.0001 1.9593, -1.5745 -0.108 1.9624, 1.3151 -0.8734 1.7911, 1.3037 -0.8882 1.7906, 1.0935 -0.7374 1.6709, 0.4999 1.2205 1.751, 0.5898 1.2205 1.766, 0.5724 1.187 1.7483, 0.6047 1.1721 1.7471, 0.659 1.2205 1.7777, 0.6594 1.1409 1.745, 0.7067 1.2205 1.7879, 0.6978 1.1191 1.7435, 0.8307 1.2205 1.8144, 0.7001 1.1177 1.7434, 0.7428 1.0884 1.7416, 0.833 1.2205 1.815, 0.791 1.0554 1.7397, 0.9751 1.2203 1.8508, 0.8221 1.03 1.7383, 0.877 0.9851 1.7359, 1.0013 1.2203 1.8574, 1.0715 1.1538 1.8547, 1.1572 1.0728 1.8513, 0.9669 0.8964 1.7315, 0.9587 0.9057 1.7319, 1.1172 1.1107 1.8529, 0.8969 0.9658 1.7349, 0.8893 0.9731 1.7353, 1.0308 0.8228 1.7281, 1.1623 1.068 1.8511, 1.0314 0.8219 1.728, 1.2316 0.9814 1.8479, 1.2336 0.9788 1.8478, 1.0512 0.7948 1.7269, 1.2998 0.8961 1.8448, 1.0896 0.7424 1.7246, 1.3042 0.8886 1.8445, 1.0959 0.7339 1.7243, 1.3355 0.8356 1.8428, 1.1417 0.6588 1.7213, 1.3641 0.7871 1.8412, 1.1537 0.639 1.7205, 1.1781 0.5902 1.7187, 1.4108 0.708 1.8385, 1.1874 0.5715 1.718, 1.4208 0.684 1.8378, 1.2046 0.5371 1.7167, 1.4216 0.682 1.8377, 1.2268 0.4812 1.7147, 1.4662 0.5751 1.8344, 1.2451 0.4349 1.713, 1.4895 0.5191 1.8327, 1.4948 0.5062 1.8323, 1.2593 0.3882 1.7113, 1.5059 0.4643 1.831, 1.266 0.3661 1.7105, 1.5359 0.3502 1.8277, 1.2771 0.3295 1.7092, 1.2849 0.2931 1.7079, 1.5498 0.2924 1.8254, 1.3003 0.2209 1.7053, 1.5579 0.2347 1.8243, 1.3034 0.1963 1.7045, 1.5362 0.3492 1.8276, 1.5511 0.2922 1.826, 1.3117 0.1297 1.7021, 1.5649 0.1756 1.8226, 1.3145 0.1078 1.7013, 1.5717 0.1176 1.8209, 1.3149 0.0984 1.701, 1.5771 0.0724 1.8196, 1.3188 0.0 1.6976, 1.5776 0.0 1.8176, 1.5776 -0.0 1.8176, 1.3189 -0.002 1.6976, 1.578 -0.0474 1.8162, 1.3147 -0.0984 1.6943, 1.5709 -0.1175 1.8142, 1.3142 -0.1112 1.6939, 1.5352 -0.3502 1.8074, 1.2847 -0.2931 1.6877, 1.5355 -0.349 1.8075, 1.3 -0.2222 1.6901, 1.3141 -0.1121 1.6939, 1.565 -0.1756 1.8125, 1.3034 -0.1963 1.691, 1.559 -0.2349 1.8108, 1.5561 -0.2639 1.81, 1.1417 -0.6588 1.674, 1.1531 -0.6402 1.6748, 1.3641 -0.7872 1.7939, 1.1865 -0.5735 1.6774, 1.4223 -0.6847 1.7973, 1.1875 -0.5716 1.6775, 1.4228 -0.6838 1.7973, 1.2028 -0.541 1.6787, 1.4657 -0.5751 1.8007, 1.2267 -0.4813 1.6809, 1.4881 -0.5186 1.8024, 1.2438 -0.4387 1.6825, 1.5043 -0.4776 1.8037, 1.2593 -0.3883 1.6843, 1.5074 -0.4648 1.8041, 1.2715 -0.3482 1.6858, 1.276 -0.3336 1.6863, 1.3363 -0.836 1.7923, 0.8759 -0.986 1.6597, 0.8968 -0.9658 1.6607, 1.072 -1.1546 1.7805, 0.9028 -0.9601 1.661, 1.1168 -1.1104 1.7823, 0.9558 -0.9088 1.6635, 1.156 -1.0717 1.7838, 0.9667 -0.8963 1.6641, 1.182 -1.046 1.7849, 1.0283 -0.8259 1.6672, 1.2317 -0.9816 1.7872, 1.0313 -0.8218 1.6674, 1.2337 -0.9789 1.7873, 1.0623 -0.7797 1.6691, 1.0898 -0.7425 1.6707, 1.0325 -1.1936 1.7789, 1.0013 -1.2203 1.7777, 0.822 -1.0299 1.6573, 0.9749 -1.2203 1.7698, 0.7876 -1.0579 1.6558, 0.8468 -1.2205 1.7312, 0.7428 -1.0885 1.6539, 0.8334 -1.2205 1.7275, 0.7132 -1.1086 1.6527, 0.6968 -1.1198 1.652, 0.6594 -1.1409 1.6505, 0.7064 -1.2205 1.6931, 0.6009 -1.1741 1.6481, 0.6744 -1.2205 1.6844, 0.5725 -1.1871 1.647, 0.5901 -1.2205 1.665, 0.4999 -1.2204 1.6443, 0.341 -0.1969 3.2842, 1.2115 -0.4693 3.2842, 0.3803 -0.1019 3.2842, 1.2771 -0.2387 3.2842, 0.3937 -0.0 3.2842, 1.2992 0.0 3.2842, 0.3803 0.1019 3.2842, -0.2784 -0.2784 3.2842, -0.783 -1.0368 3.2842, -0.1969 -0.341 3.2842, -0.5791 -1.163 3.2842, -0.1019 -0.3803 3.2842, -0.3555 -1.2496 3.2842, 0.0 -0.3937 3.2842, -0.3803 -0.1019 3.2842, -1.2115 -0.4693 3.2842, -0.341 -0.1969 3.2842, -1.1046 -0.6839 3.2842, -0.9601 -0.8753 3.2842, -0.1199 -1.2937 3.2842, 0.1199 -1.2937 3.2842, 0.1019 -0.3803 3.2842, 0.3555 -1.2496 3.2842, 0.1969 -0.341 3.2842, 0.5791 -1.163 3.2842, 0.783 -1.0368 3.2842, 0.2784 -0.2784 3.2842, 0.9601 -0.8753 3.2842, 1.1046 -0.6839 3.2842, -0.341 0.1969 3.2842, -1.2115 0.4693 3.2842, -0.3803 0.1019 3.2842, -1.2771 0.2387 3.2842, -0.3937 0.0 3.2842, -1.2992 0.0 3.2842, -1.2771 -0.2387 3.2842, -0.1969 0.341 3.2842, -0.783 1.0368 3.2842, -0.2784 0.2784 3.2842, -0.9601 0.8753 3.2842, -1.1046 0.6839 3.2842, 0.0 0.3937 3.2842, -0.1199 1.2937 3.2842, -0.1019 0.3803 3.2842, -0.3555 1.2496 3.2842, -0.5791 1.163 3.2842, 0.2784 0.2784 3.2842, 0.783 1.0368 3.2842, 0.1969 0.341 3.2842, 0.5791 1.163 3.2842, 0.1019 0.3803 3.2842, 0.3555 1.2496 3.2842, 0.1199 1.2937 3.2842, 1.2771 0.2387 3.2842, 1.2115 0.4693 3.2842, 0.341 0.1969 3.2842, 1.1046 0.6839 3.2842, 0.9601 0.8753 3.2842, 1.3406 0.8388 2.4114, 1.4932 0.5205 2.4013, 1.4257 0.6838 2.4064, 1.428 0.685 2.4086, 1.4262 -0.6838 2.366, 1.0029 -1.2205 2.3453, 1.1215 1.1152 2.4215, 1.1213 -1.1149 2.3509, 1.0055 -1.2205 2.3466, 1.1232 -1.1167 2.3531, 1.01 -1.2205 2.3489, 1.1247 -1.1182 2.3557, 1.126 -1.1196 2.359, 1.0161 -1.2205 2.3547, 1.0157 -1.2205 2.3542, 1.0129 -1.2205 2.3514, 1.0116 -1.2205 2.3501, 1.1269 -1.1205 2.3626, 1.1273 -1.1208 2.3659, 1.0188 -1.2205 2.3617, 1.0186 -1.2205 2.36, 1.0183 -1.2205 2.3589, 1.0166 -1.2205 2.3554, 1.1272 -1.1208 2.3692, 1.0189 -1.2205 2.364, 1.019 -1.2205 2.3629, 1.0177 -1.2205 2.3683, 1.0178 -1.2205 2.368, 1.0183 -1.2205 2.3668, 1.0187 -1.2205 2.365, 1.1267 -1.1203 2.3725, 1.1258 -1.1193 2.3758, 1.0159 -1.2205 2.3712, 1.0151 -1.2205 2.3722, 1.1244 -1.1179 2.379, 1.0123 -1.2205 2.3747, 1.1569 -1.0729 2.3865, 1.1171 -1.1106 2.3849, 1.1209 -1.1145 2.3836, 1.0713 -1.154 2.3831, 1.0112 -1.2205 2.3756, 1.1225 -1.1161 2.3819, 1.0082 -1.2205 2.3776, 1.0048 -1.2204 2.3789, 1.0013 -1.2204 2.3804, 1.0013 1.2203 2.4601, 1.0732 1.1554 2.4573, 1.0028 1.2205 2.4595, 1.0046 1.2205 2.4585, 1.1212 1.1149 2.4542, 1.1227 1.1164 2.4525, 1.0081 1.2205 2.4568, 1.0122 1.2205 2.4539, 1.0116 1.2205 2.4546, 1.0099 1.2205 2.4558, 1.1246 1.1182 2.4496, 1.126 1.1197 2.4464, 1.0156 1.2205 2.4505, 1.0185 1.2205 2.4447, 1.0182 1.2205 2.4458, 1.127 1.1206 2.4431, 1.0175 1.2205 2.4473, 1.0165 1.2205 2.4493, 1.1275 1.1212 2.4365, 1.0188 1.2205 2.4407, 1.1274 1.1211 2.4398, 1.0189 1.2205 2.4419, 1.0186 1.2205 2.444, 1.1262 1.1199 2.4296, 1.0177 1.2205 2.4367, 1.1271 1.1208 2.4332, 1.018 1.2205 2.4374, 1.0182 1.2205 2.4379, 1.1249 1.1185 2.4263, 1.0151 1.2205 2.4326, 1.0158 1.2205 2.4336, 1.1234 1.1171 2.4237, 1.0112 1.2205 2.4291, 1.0128 1.2205 2.4306, 1.0081 1.2205 2.4272, 1.0055 1.2204 2.4261, 1.5725 0.1178 2.4236, 1.5749 0.0001 2.4202, 1.5809 0.0002 2.4189, 1.5749 -0.0001 2.4202, 1.5765 -0.0766 2.418, 1.5363 -0.3492 2.4101, 1.536 -0.3505 2.4101, 1.5414 -0.3505 2.4088, 1.5061 -0.4646 2.4067, 1.5716 -0.1177 2.4169, 1.5647 -0.1755 2.4152, 1.5708 -0.1762 2.4138, 1.5576 -0.2349 2.4135, 1.5503 -0.2958 2.4117, 1.4124 -0.7053 2.3993, 1.4257 -0.6836 2.3987, 1.4212 -0.6842 2.4, 1.4221 -0.682 2.4001, 1.364 -0.787 2.3966, 1.3404 -0.8382 2.3937, 1.3354 -0.8352 2.395, 1.3039 -0.8885 2.3932, 1.2995 -0.8959 2.393, 1.2334 -0.9785 2.39, 1.2383 -0.9824 2.3886, 1.2312 -0.9813 2.3899, 1.1615 -1.0686 2.3867, 1.495 -0.5067 2.4055, 1.4898 -0.5192 2.4051, 1.4929 -0.5203 2.4037, 1.4665 -0.5753 2.4034, 1.5779 -0.177 2.3892, 1.5893 0.0002 2.3979, 1.5792 -0.1772 2.3929, 1.5898 0.0002 2.4012, 1.5797 -0.1772 2.3961, 1.5898 0.0002 2.4045, 1.5796 -0.1772 2.3994, 1.5891 0.0002 2.4078, 1.579 -0.1771 2.4027, 1.5877 0.0002 2.4111, 1.5776 -0.177 2.4061, 1.5857 0.0002 2.4143, 1.5756 -0.1768 2.4093, 1.5831 0.0002 2.4172, 1.573 -0.1765 2.4121, 1.5465 -0.3516 2.3809, 1.5484 -0.3521 2.3842, 1.5496 -0.3523 2.3878, 1.5501 -0.3524 2.3911, 1.5501 -0.3524 2.3944, 1.5494 -0.3523 2.3977, 1.5481 -0.352 2.401, 1.5461 -0.3515 2.4043, 1.5436 -0.351 2.4071, 1.4959 -0.5214 2.3733, 1.4979 -0.5221 2.3758, 1.4997 -0.5227 2.3791, 1.5009 -0.5231 2.3828, 1.5014 -0.5233 2.3861, 1.5013 -0.5233 2.3894, 1.5007 -0.523 2.3926, 1.4994 -0.5226 2.396, 1.4975 -0.5219 2.3992, 1.495 -0.5211 2.402, 1.4286 -0.685 2.3683, 1.4305 -0.6859 2.3708, 1.4322 -0.6867 2.3741, 1.4334 -0.6873 2.3778, 1.4338 -0.6875 2.381, 1.4337 -0.6875 2.3843, 1.4331 -0.6872 2.3876, 1.4319 -0.6866 2.3909, 1.4301 -0.6857 2.3942, 1.4277 -0.6846 2.397, 1.5419 -0.3506 2.3761, 1.5714 -0.1763 2.3812, 1.5739 -0.1766 2.3834, 1.584 0.0002 2.3884, 1.5861 0.0002 2.391, 1.2387 -0.9828 2.356, 1.2408 -0.9844 2.3582, 1.2424 -0.9857 2.3607, 1.2439 -0.9869 2.364, 1.2449 -0.9877 2.3677, 1.2453 -0.988 2.3709, 1.2453 -0.9879 2.3742, 1.2447 -0.9875 2.3775, 1.2437 -0.9867 2.3808, 1.2421 -0.9854 2.3841, 1.2401 -0.9838 2.3869, 1.5814 0.0002 2.3862, 1.4934 -0.5205 2.3711, 1.5445 -0.3512 2.3783, 1.576 -0.1768 2.3859, 1.588 0.0002 2.3943, 1.3409 -0.8385 2.361, 1.3423 -0.8394 2.3919, 1.3445 -0.8408 2.3891, 1.3462 -0.8419 2.3859, 1.3474 -0.8426 2.3826, 1.3479 -0.8429 2.3793, 1.348 -0.843 2.376, 1.3476 -0.8427 2.3727, 1.3465 -0.842 2.3691, 1.3449 -0.841 2.3657, 1.3431 -0.8399 2.3632, 1.233 0.9824 2.4506, 1.235 0.98 2.4505, 1.2385 0.9829 2.4491, 1.2579 0.9539 2.4495, 1.1146 1.1179 2.4557, 1.1191 1.1128 2.4555, 1.1554 1.0712 2.454, 1.4927 0.5203 2.434, 1.4878 0.5187 2.4354, 1.5048 0.4637 2.4337, 1.5417 0.3506 2.429, 1.537 0.3601 2.4306, 1.5385 0.3508 2.4303, 1.3015 0.8868 2.4472, 1.3351 0.8352 2.4455, 1.3401 0.8385 2.4441, 1.3658 0.788 2.4438, 1.3788 0.768 2.4432, 1.4188 0.6828 2.4405, 1.4196 0.681 2.4404, 1.4252 0.6836 2.439, 1.4688 0.576 2.4371, 1.4724 0.5684 2.4369, 1.2454 0.9884 2.4348, 1.2449 0.988 2.438, 1.2438 0.9872 2.4414, 1.2422 0.9859 2.4446, 1.2402 0.9843 2.4474, 1.3477 0.8432 2.4264, 1.3477 0.8432 2.4297, 1.3471 0.8428 2.433, 1.3459 0.8421 2.4363, 1.3442 0.841 2.4396, 1.342 0.8397 2.4424, 1.4328 0.6873 2.4181, 1.4333 0.6875 2.4214, 1.4332 0.6874 2.4247, 1.4326 0.6871 2.4279, 1.4314 0.6866 2.4313, 1.4295 0.6857 2.4345, 1.4272 0.6846 2.4373, 1.4995 0.5227 2.4094, 1.5007 0.5231 2.4131, 1.5012 0.5233 2.4163, 1.5011 0.5232 2.4196, 1.5004 0.523 2.4229, 1.4992 0.5226 2.4262, 1.4972 0.5219 2.4295, 1.4948 0.521 2.4323, 1.5468 0.3518 2.401, 1.5487 0.3522 2.4044, 1.5499 0.3525 2.408, 1.5504 0.3526 2.4113, 1.5504 0.3526 2.4146, 1.5497 0.3524 2.4179, 1.5484 0.3521 2.4212, 1.5464 0.3517 2.4244, 1.5439 0.3511 2.4272, 1.2389 0.9832 2.4165, 1.2409 0.9848 2.4187, 1.2426 0.9862 2.4212, 1.2441 0.9874 2.4245, 1.2451 0.9882 2.4282, 1.2455 0.9885 2.4315, 1.5744 0.1769 2.3935, 1.5765 0.1771 2.396, 1.5784 0.1773 2.3993, 1.5797 0.1775 2.403, 1.5802 0.1775 2.4062, 1.5801 0.1775 2.4095, 1.5794 0.1774 2.4128, 1.5781 0.1773 2.4161, 1.576 0.1771 2.4194, 1.5735 0.1768 2.4222, 1.5713 0.1765 2.4239, 1.5718 0.1766 2.3913, 1.5422 0.3507 2.3963, 1.5447 0.3513 2.3985, 1.4957 0.5213 2.4036, 1.4976 0.522 2.4061, 1.4299 0.6859 2.4111, 1.4317 0.6867 2.4145, 1.3473 0.843 2.4232, 1.3462 0.8423 2.4195, 1.3446 0.8413 2.4162, 1.3428 0.8401 2.4137, 1.5386 0.3499 2.4303, 1.5574 0.2345 2.427, 1.567 0.176 2.4253, 1.572 0.145 2.4244, -1.1843 0.5789 2.3858, -1.2242 0.4907 2.3892, -1.2287 0.4781 2.3896, -1.2609 0.3868 2.3929, -1.2692 0.3551 2.394, -1.2712 0.3476 2.3943, -1.2887 0.2805 2.3966, -1.3003 0.2136 2.399, -1.3081 0.1682 2.4006, -1.3123 0.1197 2.4023, -1.316 0.0772 2.4038, -1.3176 0.0575 2.4045, -1.3178 -0.0527 2.4083, -1.3124 -0.1197 2.4106, -1.3172 -0.0602 2.4085, -1.2623 -0.3821 2.4196, -1.2344 -0.4622 2.4225, -1.226 -0.4861 2.4234, -1.1846 -0.579 2.4269, -1.3089 -0.1622 2.412, -1.3031 -0.1968 2.4132, -1.29 -0.2746 2.4158, -1.2754 -0.3312 2.4178, -1.2693 -0.3551 2.4186, -1.1813 -0.5865 2.4272, -1.1803 -0.5883 2.4273, -1.1263 -0.6863 2.4311, -1.1121 -0.7075 2.432, -1.0321 -0.8192 2.4367, -1.0605 -0.7837 2.4352, -1.0645 -0.7786 2.435, -0.9958 -0.8648 2.4387, -0.9415 -0.9223 2.4413, -0.9204 -0.9446 2.4424, -0.9008 -0.9621 2.4432, -0.7118 -1.109 2.4515, -0.7305 -1.0973 2.4507, -0.7468 -1.0871 2.4501, -0.8354 -1.0206 2.4462, -0.8409 -1.0157 2.446, -0.4999 -1.2205 2.4598, -0.5558 -1.1961 2.4577, -0.6122 -1.1669 2.4555, -0.6535 -1.1456 2.4539, -0.7875 -1.058 1.8735, -0.808 -1.0413 1.8726, -0.9485 -1.2205 1.7674, -1.0014 -1.2205 1.7514, -1.0578 -0.7875 1.8604, -1.266 -0.9425 1.7404, -1.0278 -0.8265 1.8619, -1.1422 -1.0897 1.7459, -0.9553 -0.9094 1.8658, -1.1413 -1.0905 1.746, -0.9429 -0.9213 1.8664, -1.1284 -1.1025 1.7465, -0.9007 -0.9621 1.8684, -0.8759 -0.9861 1.8696, -0.7121 -1.1094 1.8765, -0.847 -1.2205 1.798, -0.6967 -1.1198 1.8771, -0.6579 -1.1418 1.8786, -0.7042 -1.2205 1.8365, -0.6008 -1.1741 1.8808, -0.6743 -1.2205 1.8446, -0.4999 -1.2205 1.8846, -0.8759 0.9861 1.8013, -0.8969 0.9658 1.8023, -0.9007 0.9621 1.8025, -0.9557 0.9089 1.8051, -0.9667 0.8963 1.8057, -1.0283 0.8259 1.8089, -1.0313 0.8219 1.8091, -1.0597 0.7832 1.8108, -1.1418 0.6587 1.8159, -1.0934 0.7375 1.8128, -1.0898 0.7425 1.8125, -1.153 0.6403 1.8167, -1.1839 0.5787 1.819, -1.1876 0.5714 1.8193, -1.2028 0.5411 1.8204, -1.2268 0.4811 1.8226, -1.2438 0.4388 1.8241, -1.2593 0.3881 1.8259, -1.2694 0.3551 1.8271, -1.276 0.3337 1.8278, -1.2848 0.293 1.8293, -1.3 0.2223 1.8318, -1.3033 0.1963 1.8327, -1.3132 0.1197 1.8354, -1.3141 0.1122 1.8356, -1.3147 0.0985 1.8361, -1.3189 0.0021 1.8395, -1.3188 -0.0 1.8395, -1.3149 -0.0986 1.8429, -1.3145 -0.1077 1.8432, -1.313 -0.1197 1.8436, -1.3033 -0.1965 1.8463, -1.3003 -0.2208 1.8471, -1.2848 -0.2933 1.8496, -1.2771 -0.3294 1.8508, -1.2693 -0.3551 1.8517, -1.2592 -0.3884 1.8529, -1.2452 -0.4348 1.8545, -1.2267 -0.4813 1.8563, -1.2046 -0.537 1.8583, -1.1874 -0.5715 1.8597, -1.1839 -0.5786 1.86, -1.1538 -0.639 1.8623, -1.1417 -0.6588 1.8631, -1.0959 -0.7338 1.8662, -1.0896 -0.7425 1.8665, -1.0597 -0.7832 1.8683, -1.0313 -0.8221 1.8699, -1.0309 -0.8227 1.8699, -0.9667 -0.8965 1.8732, -0.9588 -0.9056 1.8736, -0.9007 -0.9621 1.8763, -0.8967 -0.9659 1.8765, -0.8771 -0.985 1.8775, -0.9751 -1.2205 1.9925, -0.822 -1.03 1.8799, -0.7911 -1.0553 1.8812, -0.833 -1.2205 1.9565, -0.7428 -1.0885 1.8832, -0.8308 -1.2205 1.956, -0.7121 -1.1095 1.8845, -0.7002 -1.1177 1.885, -0.7068 -1.2205 1.9296, -0.6595 -1.1409 1.8867, -0.6589 -1.2205 1.9195, -0.6048 -1.1721 1.8889, -0.5897 -1.2204 1.9078, -0.5724 -1.187 1.8901, -0.4999 -1.2203 1.8927, -0.8221 1.0298 1.799, -0.9753 1.2204 1.9116, -0.7875 1.058 1.7975, -0.847 1.2205 1.8729, -0.7429 1.0883 1.7956, -0.8337 1.2205 1.8693, -0.7121 1.1094 1.7944, -0.6967 1.1198 1.7938, -0.6596 1.1409 1.7923, -0.7066 1.2205 1.835, -0.6008 1.1741 1.79, -0.6743 1.2205 1.8263, -0.5726 1.1871 1.789, -0.5901 1.2205 1.8069, -0.4999 1.2205 1.7862, 0.4999 1.2205 1.743, 0.5725 1.1871 1.7402, 0.6008 1.1741 1.7391, 0.6595 1.1409 1.7368, 0.6967 1.1198 1.7353, 0.6978 1.1191 1.7353, 0.7429 1.0884 1.7334, 0.7875 1.058 1.7316, 0.8221 1.0298 1.7301, 0.8759 0.9861 1.7278, 0.8893 0.9731 1.7271, 0.8969 0.9657 1.7268, 0.9557 0.9089 1.724, 0.9668 0.8963 1.7235, 1.0283 0.8259 1.7203, 1.0313 0.8218 1.7201, 1.0512 0.7948 1.7189, 1.0898 0.7425 1.7167, 1.0935 0.7375 1.7164, 1.1417 0.6587 1.7132, 1.153 0.6403 1.7125, 1.1781 0.5902 1.7105, 1.1875 0.5715 1.7098, 1.2028 0.541 1.7086, 1.2268 0.4811 1.7065, 1.2438 0.4388 1.7049, 1.2593 0.3881 1.7031, 1.2661 0.3661 1.7024, 1.276 0.3337 1.7012, 1.2848 0.293 1.6998, 1.3 0.2223 1.6974, 1.3034 0.1963 1.6965, 1.3119 0.1297 1.6942, 1.3141 0.1121 1.6936, 1.3147 0.0985 1.6931, 1.3189 0.0021 1.6897, 1.3188 -0.0 1.6897, 1.3149 -0.0985 1.6862, 1.3145 -0.1077 1.6859, 1.3141 -0.1111 1.6858, 1.3033 -0.1965 1.6828, 1.3003 -0.2208 1.682, 1.2848 -0.2933 1.6795, 1.2771 -0.3294 1.6782, 1.2714 -0.3482 1.6776, 1.2592 -0.3884 1.6762, 1.2451 -0.4348 1.6746, 1.2267 -0.4813 1.6729, 1.2046 -0.537 1.6708, 1.1874 -0.5716 1.6695, 1.1864 -0.5735 1.6694, 1.1538 -0.639 1.6669, 1.1417 -0.6588 1.6661, 1.0959 -0.7338 1.663, 1.0896 -0.7424 1.6626, 1.0623 -0.7797 1.661, 1.0314 -0.822 1.6592, 1.0309 -0.8227 1.6592, 0.9667 -0.8965 1.6559, 0.9588 -0.9056 1.6554, 0.9028 -0.9601 1.6528, 0.8967 -0.9659 1.6525, 0.877 -0.985 1.6516, 0.822 -1.03 1.6492, 0.791 -1.0553 1.6479, 0.7427 -1.0885 1.6459, 0.7133 -1.1087 1.6447, 0.7002 -1.1177 1.6441, 0.6594 -1.1409 1.6425, 0.6047 -1.1721 1.6403, 0.5724 -1.187 1.6391, 0.4999 -1.2203 1.6364, 1.2992 -0.0 3.4417, 1.2771 0.2387 3.4417, 1.2115 0.4693 3.4417, 1.1046 0.6839 3.4417, 0.9601 0.8753 3.4417, 0.783 1.0368 3.4417, 0.5791 1.163 3.4417, 0.3555 1.2496 3.4417, 0.1199 1.2937 3.4417, -0.1199 1.2937 3.4417, -0.3555 1.2496 3.4417, -0.5791 1.163 3.4417, -0.783 1.0368 3.4417, -0.9601 0.8753 3.4417, -1.1046 0.6839 3.4417, -1.2115 0.4693 3.4417, -1.2771 0.2387 3.4417, -1.2992 0.0 3.4417, -1.2771 -0.2387 3.4417, -1.2115 -0.4693 3.4417, -1.1046 -0.6839 3.4417, -0.9601 -0.8753 3.4417, -0.783 -1.0368 3.4417, -0.5791 -1.163 3.4417, -0.3555 -1.2496 3.4417, -0.1199 -1.2937 3.4417, 0.1199 -1.2937 3.4417, 0.3555 -1.2496 3.4417, 0.5791 -1.163 3.4417, 0.783 -1.0368 3.4417, 0.9601 -0.8753 3.4417, 1.1046 -0.6839 3.4417, 1.2115 -0.4693 3.4417, 1.2771 -0.2387 3.4417, 1.0313 0.8218 2.5705, 0.9007 0.9621 2.577, 0.9557 0.9089 2.5744, 0.9668 0.8963 2.5739, 1.0283 0.8259 2.5707, 1.0597 0.7832 2.5688, 1.0898 0.7425 2.567, 1.0935 0.7375 2.5668, 1.1417 0.6587 2.5636, 1.153 0.6403 2.5629, 1.1839 0.5787 2.5605, 1.1876 0.5715 2.5602, 1.2028 0.541 2.559, 1.2268 0.4811 2.5568, 1.2438 0.4388 2.5553, 1.2593 0.3881 2.5535, 1.2694 0.3551 2.5524, 1.276 0.3337 2.5516, 1.2848 0.293 2.5502, 1.3 0.2223 2.5478, 1.3034 0.1963 2.5469, 1.3132 0.1197 2.5442, 1.3141 0.1121 2.544, 1.3147 0.0985 2.5435, 1.3189 0.0021 2.5401, 1.3188 -0.0 2.54, 1.3149 -0.0985 2.5366, 1.3145 -0.1077 2.5363, 1.313 -0.1197 2.5359, 1.3033 -0.1965 2.5332, 1.2848 -0.2933 2.5299, 1.5497 -0.2925 2.4124, 1.3003 -0.2208 2.5324, 1.2771 -0.3294 2.5286, 1.2693 -0.3551 2.5277, 1.2592 -0.3884 2.5266, 1.2451 -0.4348 2.5249, 1.2267 -0.4813 2.5233, 1.2046 -0.537 2.5212, 1.1874 -0.5716 2.5199, 1.1839 -0.5786 2.5196, 1.1538 -0.639 2.5173, 1.1417 -0.6588 2.5165, 1.0959 -0.7338 2.5134, 1.0896 -0.7424 2.513, 1.0597 -0.7832 2.5113, 1.0314 -0.822 2.5096, 1.0309 -0.8227 2.5096, 0.9667 -0.8965 2.5062, 0.9588 -0.9056 2.5058, 0.9007 -0.9621 2.5031, 0.8967 -0.9659 2.5029, 0.877 -0.985 2.502, 0.975 -1.2204 2.387, 0.822 -1.0301 2.4996, 0.791 -1.0553 2.4983, 0.8329 -1.2205 2.423, 0.7427 -1.0885 2.4963, 0.8308 -1.2205 2.4236, 0.7121 -1.1095 2.495, 0.7002 -1.1177 2.4945, 0.7068 -1.2205 2.45, 0.6594 -1.1409 2.4929, 0.659 -1.2205 2.4601, 0.6047 -1.1721 2.4907, 0.5897 -1.2204 2.4718, 0.5724 -1.187 2.4895, 0.4999 -1.2203 2.4868, 0.8969 0.9657 2.5772, 0.8759 0.9861 2.5782, 0.8221 1.0298 2.5805, 0.9752 1.2203 2.4679, 0.7875 1.058 2.582, 0.8468 1.2205 2.5066, 0.7429 1.0884 2.5838, 0.8337 1.2205 2.5101, 0.7121 1.1094 2.5851, 0.6967 1.1198 2.5857, 0.6595 1.1409 2.5872, 0.7066 1.2205 2.5445, 0.6008 1.1741 2.5895, 0.6743 1.2205 2.5532, 0.5725 1.1871 2.5906, 0.5901 1.2205 2.5726, 0.4999 1.2205 2.5934, -1.4097 -0.7028 2.5471, -0.6408 -1.2205 2.4834, -0.8132 -1.2205 2.5192, -0.6586 -1.2205 2.4863, -0.8306 -1.2205 2.5229, -1.0014 -1.2204 2.5661, -1.0065 -1.2158 2.5659, -1.0912 -1.1392 2.5626, -1.112 -1.1204 2.5618, -1.1266 -1.1038 2.5612, -1.1818 -1.0409 2.5588, -1.2351 -0.9802 2.5565, -1.2565 -0.9558 2.5556, -1.2677 -0.9387 2.555, -1.3775 -0.7711 2.5492, -1.4061 -0.7103 2.5473, -1.3288 -0.8454 2.5518, -1.3411 -0.8267 2.5511, -1.4632 -0.5891 2.5435, -1.4715 -0.5715 2.5429, -1.4772 -0.5531 2.5424, -1.5054 -0.4624 2.5397, -1.526 -0.3962 2.5377, -1.5366 -0.3623 2.5367, -1.5412 -0.3337 2.5358, -1.5573 -0.2352 2.533, -1.5628 -0.2016 2.532, -1.5719 -0.1462 2.5304, -1.5735 -0.0719 2.5283, -1.5736 -0.0686 2.5282, -1.5766 0.0652 2.5244, -1.5768 0.0746 2.5241, -1.5747 0.0923 2.5236, -1.5623 0.1982 2.5205, -1.5556 0.2556 2.5189, -1.5514 0.2922 2.5178, -1.5415 0.33 2.5167, -1.5191 0.4155 2.5142, -1.5077 0.4595 2.5129, -1.4958 0.505 2.5115, -1.468 0.5712 2.5095, -1.4623 0.585 2.509, -0.4999 1.2205 1.7781, -0.561 1.1936 1.7803, -0.6238 1.1608 1.7827, -0.6587 1.1426 1.784, -0.7118 1.1089 1.7862, -0.8423 1.0149 1.7918, -0.7549 1.0815 1.7879, -0.7538 1.0822 1.7879, -0.9999 0.86 1.7994, -0.9805 0.8808 1.7985, -0.924 0.9411 1.7956, -0.9008 0.9621 1.7945, -0.8726 0.9876 1.7932, -1.1309 0.6787 1.807, -1.1555 0.6335 1.8087, -1.1836 0.5819 1.8107, -1.1848 0.5791 1.8108, -1.0756 0.7626 1.8036, -1.0705 0.7705 1.8033, -1.0602 0.7835 1.8027, -1.2652 0.3725 1.8185, -1.2283 0.4803 1.8145, -1.2212 0.4965 1.8139, -1.3124 0.1197 1.8274, -1.3095 0.1571 1.8261, -1.3018 0.2044 1.8245, -1.2918 0.2659 1.8223, -1.2701 0.3528 1.8192, -1.2695 0.3552 1.8191, -1.3143 -0.0984 1.8347, -1.3172 -0.0676 1.8337, -1.3181 0.0464 1.8298, -1.3175 0.0534 1.8296, -1.2691 -0.355 1.8437, -1.2876 -0.2855 1.8412, -1.2941 -0.2489 1.8399, -1.307 -0.177 1.8374, -1.3123 -0.1196 1.8354, -1.2591 -0.3928 1.845, -1.2578 -0.3964 1.8452, -1.2205 -0.5 1.849, -1.203 -0.5379 1.8504, -1.1842 -0.5788 1.852, -1.1746 -0.5998 1.8528, -1.1334 -0.6727 1.8556, -1.1204 -0.6958 1.8565, -1.0603 -0.7837 1.8602, 1.0717 1.1539 1.6069, 1.1174 1.1109 1.6051, 1.1576 1.0731 1.6036, 1.1607 1.0701 1.6034, 1.2316 0.9814 1.6002, 1.2336 0.979 1.6001, 1.2969 0.8997 1.5972, 1.3037 0.8883 1.5968, 1.3352 0.8354 1.5951, 1.364 0.7869 1.5934, 1.4089 0.7113 1.5909, 1.4205 0.6837 1.5901, 1.4214 0.6818 1.59, 1.4663 0.5749 1.5867, 1.4898 0.5192 1.585, 1.4948 0.5072 1.5846, 1.5062 0.4643 1.5833, 1.5362 0.3502 1.58, 1.5365 0.3493 1.5799, 1.5512 0.2936 1.5783, 1.5581 0.2347 1.5766, 1.565 0.1758 1.5749, 1.5718 0.1176 1.5732, 1.5766 0.0768 1.572, 1.5749 0.0002 1.5698, 1.5749 0.0001 1.5698, 1.5723 -0.1179 1.5665, 1.5717 -0.1444 1.5657, 1.5666 -0.1757 1.5648, 1.557 -0.2346 1.5631, 1.5384 -0.3499 1.5598, 1.5382 -0.3511 1.5597, 1.5362 -0.363 1.5594, 1.5048 -0.4641 1.5563, 1.4879 -0.5187 1.5547, 1.4707 -0.574 1.5531, 1.4695 -0.5766 1.553, 1.42 -0.6809 1.5497, 1.419 -0.6831 1.5496, 1.3772 -0.7712 1.5468, 1.3661 -0.7882 1.5462, 1.3353 -0.835 1.5446, 1.3014 -0.8868 1.5429, 1.257 -0.9545 1.5405, 1.2349 -0.9797 1.5396, 1.1549 -1.0711 1.5361, 1.2326 -0.9823 1.5395, 1.1188 -1.1125 1.5345, 1.1112 -1.1211 1.5342, 1.073 -1.1557 1.5327, 1.0013 -1.2204 1.53, 0.975 -1.2204 1.5366, 0.8329 -1.2205 1.5726, 0.8307 -1.2205 1.5732, 0.7068 -1.2205 1.5996, 0.6588 -1.2205 1.6098, 0.5897 -1.2204 1.6214, 0.8336 1.2205 1.6597, 0.847 1.2205 1.6561, 0.9752 1.2203 1.6175, 1.0013 1.2203 1.6097, 0.7066 1.2205 1.6941, 0.6744 1.2205 1.7028, 0.5901 1.2205 1.7223, -0.6586 -0.7314 3.4417, -0.7963 -0.5785 3.4417, -0.8992 -0.4003 3.4417, -0.9627 -0.2046 3.4417, -0.9843 -0.0 3.4417, -0.9627 0.2046 3.4417, -0.8992 0.4003 3.4417, -0.7963 0.5785 3.4417, 0.7963 -0.5785 3.4417, 0.6586 -0.7314 3.4417, 0.4921 -0.8524 3.4417, 0.3042 -0.9361 3.4417, 0.1029 -0.9789 3.4417, -0.1029 -0.9789 3.4417, -0.3042 -0.9361 3.4417, -0.4921 -0.8524 3.4417, 0.6586 0.7314 3.4417, 0.7963 0.5785 3.4417, 0.8992 0.4003 3.4417, 0.9627 0.2046 3.4417, 0.9843 0.0 3.4417, 0.9627 -0.2046 3.4417, 0.8992 -0.4003 3.4417, -0.6586 0.7314 3.4417, -0.4921 0.8524 3.4417, -0.3042 0.9361 3.4417, -0.1029 0.9789 3.4417, 0.1029 0.9789 3.4417, 0.3042 0.9361 3.4417, 0.4921 0.8524 3.4417, 0.5 1.2204 2.6014, 0.5724 1.187 2.5986, 0.6047 1.1721 2.5974, 0.6594 1.1409 2.5953, 0.7001 1.1177 2.5937, 0.7121 1.1095 2.5932, 0.7428 1.0885 2.592, 0.791 1.0554 2.59, 0.822 1.03 2.5887, 0.877 0.9851 2.5863, 0.8968 0.9658 2.5853, 0.9007 0.9621 2.5851, 0.9587 0.9057 2.5823, 0.9668 0.8964 2.5819, 1.0308 0.8228 2.5785, 1.0314 0.8219 2.5785, 1.0597 0.7832 2.5768, 1.0896 0.7424 2.575, 1.0959 0.7339 2.5747, 1.1417 0.6588 2.5717, 1.1537 0.639 2.5709, 1.1839 0.5786 2.5686, 1.1874 0.5716 2.5683, 1.2046 0.5371 2.567, 1.2267 0.4813 2.565, 1.2451 0.4349 2.5633, 1.2593 0.3883 2.5617, 1.2693 0.3551 2.5605, 1.2771 0.3295 2.5596, 1.2848 0.2931 2.5583, 1.3003 0.2209 2.5557, 1.3034 0.1963 2.5549, 1.313 0.1197 2.5522, 1.3145 0.1078 2.5518, 1.3149 0.0985 2.5514, 1.3188 -0.0 2.548, 1.3189 -0.002 2.548, 1.3147 -0.0984 2.5447, 1.3141 -0.1121 2.5442, 1.3131 -0.1197 2.544, 1.3034 -0.1963 2.5414, 1.3 -0.2222 2.5405, 1.2848 -0.2931 2.5381, 1.276 -0.3336 2.5367, 1.2694 -0.3551 2.5359, 1.2593 -0.3882 2.5347, 1.2438 -0.4387 2.5329, 1.2268 -0.4813 2.5313, 1.2028 -0.541 2.5291, 1.1875 -0.5716 2.5279, 1.1839 -0.5787 2.5276, 1.1531 -0.6402 2.5252, 1.1417 -0.6588 2.5244, 1.0935 -0.7374 2.5213, 1.0898 -0.7425 2.5211, 1.0597 -0.7832 2.5193, 1.0313 -0.8218 2.5177, 1.0283 -0.8259 2.5176, 0.9667 -0.8963 2.5144, 0.9558 -0.9088 2.5139, 0.9007 -0.9621 2.5113, 0.8968 -0.9658 2.5111, 0.8759 -0.986 2.5101, 0.822 -1.0299 2.5077, 0.7876 -1.0579 2.5062, 0.7428 -1.0885 2.5043, 0.7121 -1.1094 2.503, 0.6968 -1.1198 2.5024, 0.6594 -1.1409 2.5009, 0.6009 -1.1741 2.4985, 0.5725 -1.1871 2.4974, 0.5 -1.2205 2.4947, -1.4125 0.7095 2.5395, -1.4126 0.7096 2.5394, -1.468 0.5873 2.5434, -1.5114 -0.4642 2.541, -1.4113 -0.7128 2.5487, -1.3459 -0.8298 2.5525, -1.2708 -0.9408 2.5563, -1.3288 -0.8455 2.5875, -1.3411 -0.8267 2.5869, -1.3459 -0.8298 2.5855, -1.4096 -0.7029 2.5828, -1.4632 -0.5891 2.5792, -1.4665 -0.5906 2.5779, -1.2565 -0.9558 2.5913, -1.2677 -0.9387 2.5907, -1.2708 -0.9408 2.5894, -1.4205 0.7135 2.5231, -1.4204 0.7135 2.5203, -1.4761 0.5906 2.5242, -1.4197 0.7132 2.5178, -1.0936 -1.1418 2.564, -1.0049 -1.2205 2.5675, -1.0184 -1.2205 2.5875, -1.0177 -1.2205 2.589, -1.0992 -1.1477 2.586, -1.0065 -1.2158 2.6016, -1.0912 -1.1392 2.5984, -1.0936 -1.1418 2.597, -1.0951 -1.1434 2.5953, -1.0083 -1.2205 2.5985, -1.0048 -1.2205 2.6003, -1.0167 -1.2205 2.591, -1.0159 -1.2205 2.5922, -1.0985 -1.147 2.5886, -1.0139 -1.2205 2.5941, -1.0998 -1.1483 2.5805, -1.0191 -1.2205 2.5836, -1.0187 -1.2205 2.5863, -1.019 -1.2205 2.5824, -1.0996 -1.1481 2.5777, -1.0187 -1.2205 2.5808, -1.0184 -1.2205 2.5796, -1.0992 -1.1477 2.575, -1.0179 -1.2205 2.5784, -1.0985 -1.147 2.5724, -1.0162 -1.2205 2.5756, -1.016 -1.2205 2.5752, -1.0976 -1.146 2.57, -1.0152 -1.2205 2.5743, -1.0964 -1.1448 2.5677, -1.0115 -1.2205 2.571, -1.0113 -1.2205 2.5708, -1.0951 -1.1434 2.5657, -1.0082 -1.2205 2.5689, -1.5453 -0.3345 2.5372, -1.5681 -0.2024 2.5334, -1.5796 -0.0688 2.5295, -1.5796 0.0653 2.5257, -1.5684 0.1989 2.5219, -1.546 0.3311 2.5181, -1.5125 0.4609 2.5142, -1.468 0.5873 2.5104, -1.4125 0.7095 2.5067, -1.4127 0.7096 2.5068, -1.4162 0.7114 2.5104, -1.4138 0.7102 2.5076, -1.47 0.5881 2.5121, -1.4163 0.7115 2.5105, -1.5146 0.4615 2.516, -1.5482 0.3315 2.5198, -1.5706 0.1992 2.5236, -1.5818 0.0654 2.5274, -1.5818 -0.0689 2.5313, -1.5703 -0.2027 2.5351, -1.5475 -0.335 2.5389, -1.4734 0.5895 2.5164, -1.4718 0.5888 2.5141, -1.5181 0.4626 2.5202, -1.5165 0.4621 2.518, -1.5517 0.3323 2.524, -1.5501 0.332 2.5218, -1.5742 0.1996 2.5279, -1.5726 0.1994 2.5256, -1.5855 0.0655 2.5317, -1.5838 0.0654 2.5294, -1.5854 -0.0691 2.5355, -1.5837 -0.069 2.5333, -1.5739 -0.2032 2.5394, -1.5723 -0.2029 2.5371, -1.551 -0.3357 2.5432, -1.5494 -0.3354 2.5409, -1.5524 -0.336 2.5456, -1.5753 -0.2033 2.5418, -1.5867 -0.0691 2.538, -1.5868 0.0656 2.5342, -1.5756 0.1998 2.5303, -1.5531 0.3326 2.5265, -1.5194 0.463 2.5227, -1.4746 0.59 2.5189, -1.4189 0.7128 2.515, -1.419 0.7128 2.5152, -1.4191 0.7128 2.5153, -1.4756 0.5903 2.5215, -1.5203 0.4632 2.5253, -1.554 0.3328 2.5291, -1.5765 0.1999 2.5329, -1.5878 0.0656 2.5368, -1.5877 -0.0692 2.5406, -1.5762 -0.2035 2.5444, -1.5533 -0.3362 2.5482, -1.5539 -0.3364 2.551, -1.5769 -0.2035 2.5471, -1.5883 -0.0692 2.5433, -1.5884 0.0656 2.5395, -1.5772 0.2 2.5356, -1.5546 0.3329 2.5318, -1.5209 0.4634 2.528, -1.4197 0.7131 2.5177, -1.4167 0.7116 2.5109, -1.5366 -0.3622 2.5724, -1.5412 -0.3337 2.5716, -1.5453 -0.3345 2.5702, -1.5574 -0.2351 2.5687, -1.5681 -0.2024 2.5664, -1.5736 -0.0686 2.5639, -1.5766 0.0652 2.5601, -1.5796 -0.0688 2.5626, -1.5796 0.0653 2.5587, -1.5628 -0.2016 2.5678, -1.5719 -0.1462 2.5661, -1.5735 -0.072 2.564, -1.546 0.3311 2.5511, -1.5684 0.1989 2.5549, -1.5514 0.2922 2.5536, -1.5556 0.2556 2.5546, -1.4718 0.5888 2.5397, -1.4163 0.7114 2.5356, -1.4175 0.712 2.5341, -1.5125 0.4609 2.5473, -1.4958 0.505 2.5473, -1.4145 0.7105 2.538, -1.4146 0.7106 2.5378, -1.47 0.5881 2.5417, -1.4162 0.7114 2.5358, -1.5415 0.33 2.5524, -1.5191 0.4155 2.5499, -1.5077 0.4595 2.5486, -1.4178 0.7122 2.5336, -1.4178 0.7122 2.5335, -1.4734 0.5895 2.5374, -1.4178 0.7122 2.5335, -1.5768 0.0746 2.5598, -1.5747 0.0922 2.5593, -1.5623 0.1982 2.5563, -1.112 -1.1204 2.5976, -1.1266 -1.1038 2.5969, -1.1864 -1.0451 2.5932, -1.1818 -1.0409 2.5945, -1.2351 -0.9802 2.5922, -1.1881 -1.0465 2.5915, -1.2726 -0.9422 2.5876, -1.2741 -0.9433 2.5856, -1.3494 -0.832 2.5818, -1.3508 -0.8329 2.5795, -1.4165 -0.7154 2.5757, -1.4177 -0.716 2.5733, -1.4732 -0.5933 2.5694, -1.4741 -0.5936 2.5668, -1.5192 -0.4666 2.563, -1.5198 -0.4668 2.5603, -1.5539 -0.3364 2.5565, -1.5541 -0.3364 2.5537, -1.5769 -0.2035 2.5526, -1.5771 -0.2036 2.5499, -1.5883 -0.0692 2.5488, -1.5885 -0.0692 2.5461, -1.5884 0.0656 2.545, -1.5886 0.0656 2.5422, -1.5772 0.2 2.5412, -1.5774 0.2 2.5384, -1.5546 0.3329 2.5373, -1.5548 0.333 2.5346, -1.5209 0.4634 2.5335, -1.5211 0.4635 2.5307, -1.4761 0.5906 2.5297, -1.4763 0.5906 2.5269, -1.4205 0.7136 2.5247, -1.4205 0.7135 2.5231, -1.3478 -0.831 2.5838, -1.415 -0.7146 2.578, -1.4719 -0.5928 2.5719, -1.5182 -0.4663 2.5656, -1.5533 -0.3362 2.5592, -1.5762 -0.2035 2.5553, -1.5877 -0.0692 2.5515, -1.5878 0.0656 2.5477, -1.5765 0.1999 2.5439, -1.554 0.3328 2.54, -1.5203 0.4632 2.5362, -1.4756 0.5903 2.5324, -1.4198 0.7132 2.5285, -1.3775 -0.771 2.585, -1.4061 -0.7103 2.5831, -1.4113 -0.7128 2.5817, -1.4132 -0.7137 2.58, -1.4686 -0.5914 2.5762, -1.4704 -0.5921 2.5741, -1.5153 -0.4654 2.5703, -1.5169 -0.4659 2.5681, -1.551 -0.3357 2.5642, -1.5524 -0.336 2.5618, -1.5739 -0.2032 2.5604, -1.5753 -0.2033 2.558, -1.5854 -0.0691 2.5566, -1.5867 -0.0691 2.5541, -1.5855 0.0655 2.5528, -1.5868 0.0656 2.5503, -1.5742 0.1996 2.5489, -1.5756 0.1998 2.5465, -1.5517 0.3323 2.5451, -1.5531 0.3326 2.5426, -1.5181 0.4626 2.5413, -1.5194 0.463 2.5388, -1.4746 0.59 2.535, -1.4197 0.7131 2.5291, -1.5114 -0.4642 2.574, -1.5135 -0.4649 2.5723, -1.5475 -0.335 2.5685, -1.5494 -0.3354 2.5665, -1.5703 -0.2027 2.5647, -1.5723 -0.2029 2.5627, -1.5818 -0.0689 2.5609, -1.5837 -0.069 2.5588, -1.5818 0.0654 2.557, -1.5838 0.0654 2.555, -1.5706 0.1992 2.5532, -1.5726 0.1994 2.5512, -1.5482 0.3315 2.5494, -1.5501 0.332 2.5474, -1.5146 0.4615 2.5455, -1.5165 0.4621 2.5435, -1.1864 -1.0451 2.5602, -1.2726 -0.9422 2.558, -1.1881 -1.0465 2.5619, -1.2741 -0.9433 2.5601, -1.1896 -1.0478 2.5639, -1.2755 -0.9443 2.5623, -1.1908 -1.0489 2.5661, -1.2765 -0.9451 2.5648, -1.1918 -1.0498 2.5686, -1.2773 -0.9457 2.5674, -1.1926 -1.0505 2.5712, -1.2778 -0.9461 2.5701, -1.193 -1.0509 2.5739, -1.278 -0.9462 2.5728, -1.1932 -1.051 2.5767, -1.193 -1.0509 2.5794, -1.0996 -1.1481 2.5833, -1.0187 -1.2205 2.5864, -1.4665 -0.5906 2.5449, -1.4132 -0.7137 2.5504, -1.3478 -0.831 2.5542, -1.415 -0.7146 2.5524, -1.3494 -0.832 2.5562, -1.4165 -0.7154 2.5547, -1.3508 -0.8329 2.5585, -1.4177 -0.716 2.5571, -1.352 -0.8336 2.5609, -1.4185 -0.7164 2.5597, -1.3528 -0.8341 2.5636, -1.4191 -0.7167 2.5624, -1.3534 -0.8344 2.5663, -1.4193 -0.7168 2.5652, -1.3535 -0.8345 2.569, -1.3534 -0.8344 2.5718, -1.2778 -0.9461 2.5756, -1.2773 -0.9457 2.5783, -1.1926 -1.0505 2.5821, -1.1918 -1.0498 2.5847, -1.0976 -1.146 2.591, -1.0118 -1.2205 2.5963, -1.5135 -0.4649 2.5427, -1.4686 -0.5914 2.5466, -1.5153 -0.4654 2.5448, -1.4704 -0.5921 2.5486, -1.5169 -0.4659 2.547, -1.4719 -0.5928 2.5508, -1.5182 -0.4663 2.5495, -1.4732 -0.5933 2.5533, -1.5192 -0.4666 2.5521, -1.4741 -0.5936 2.5559, -1.5198 -0.4668 2.5548, -1.4747 -0.5939 2.5586, -1.52 -0.4668 2.5575, -1.4749 -0.5939 2.5614, -1.4747 -0.5939 2.5641, -1.4191 -0.7167 2.5679, -1.4185 -0.7164 2.5707, -1.3528 -0.8341 2.5745, -1.352 -0.8336 2.5771, -1.2765 -0.9451 2.5809, -1.2755 -0.9443 2.5834, -1.1908 -1.0489 2.5872, -1.1896 -1.0478 2.5895, -1.0964 -1.1448 2.5933, -1.0101 -1.2205 2.5975, -1.4112 0.7089 2.5405, -1.4105 0.7084 2.541, -1.4623 0.585 2.5448, -1.468 0.5712 2.5452, -1.4715 -0.5715 2.5787, -1.4772 -0.5532 2.5781, -1.5054 -0.4624 2.5754, -1.526 -0.3962 2.5734, -1.0031 -1.2205 2.6012, -1.0014 -1.2204 2.6018, -1.3339 0.8564 2.5056, -1.3323 0.8553 2.5035, -1.0044 1.2205 2.4879, -1.1228 1.1131 2.4923, -1.1243 1.1146 2.4941, -1.3304 0.8541 2.5018, -1.2335 0.9892 2.4971, -1.0026 1.2205 2.487, -1.0113 1.2205 2.4918, -1.0097 1.2205 2.4906, -1.0079 1.2205 2.4897, -1.1257 1.116 2.4961, -1.1269 1.1172 2.4983, -1.0136 1.2205 2.494, -1.1279 1.1181 2.5008, -1.1286 1.1188 2.5034, -1.0173 1.2205 2.4991, -1.0163 1.2205 2.4971, -1.0158 1.2205 2.4965, -1.0155 1.2205 2.4959, -1.0184 1.2205 2.5018, -1.0183 1.2205 2.5017, -1.018 1.2205 2.5006, -1.129 1.1193 2.5061, -1.1292 1.1194 2.5089, -1.0187 1.2205 2.5046, -1.0187 1.2205 2.5057, -1.129 1.1193 2.5116, -1.0183 1.2205 2.5073, -1.0181 1.2205 2.5085, -1.1286 1.1188 2.5143, -1.0176 1.2205 2.5097, -1.1279 1.1181 2.5169, -1.0158 1.2205 2.5126, -1.0157 1.2205 2.5128, -1.1269 1.1172 2.5194, -1.0149 1.2205 2.5138, -1.1257 1.116 2.5216, -1.0111 1.2205 2.5172, -1.1618 1.0689 2.5284, -1.119 1.1092 2.5267, -1.1228 1.1131 2.5254, -1.0701 1.1553 2.5248, -1.0111 1.2205 2.5173, -1.1243 1.1146 2.5236, -1.008 1.2205 2.5192, -1.0046 1.2204 2.5207, -1.0012 1.2202 2.5221, -1.2979 0.8987 2.5346, -1.2616 0.944 2.533, -1.2335 0.9892 2.5301, -1.2286 0.9852 2.5315, -1.1724 1.0556 2.5289, -1.2353 0.9906 2.5284, -1.2368 0.9918 2.5264, -1.2381 0.9928 2.5241, -1.2391 0.9937 2.5217, -1.2399 0.9943 2.5191, -1.2404 0.9947 2.5164, -1.2406 0.9948 2.5136, -1.2404 0.9947 2.5108, -1.2399 0.9943 2.5081, -1.2391 0.9937 2.5055, -1.2381 0.9928 2.5031, -1.2368 0.9918 2.5008, -1.2353 0.9906 2.4988, -1.3378 0.8589 2.5211, -1.338 0.859 2.5183, -1.3373 0.8585 2.5238, -1.3364 0.858 2.5264, -1.3353 0.8573 2.5289, -1.3339 0.8564 2.5311, -1.3411 0.8256 2.5371, -1.3259 0.8513 2.5362, -1.3304 0.8541 2.5349, -1.3323 0.8553 2.5331, -1.3353 0.8573 2.5078, -1.3364 0.858 2.5103, -1.3373 0.8585 2.5129, -1.3378 0.8589 2.5156, -0.6559 1.2205 1.7519, -1.3478 -0.8153 1.7361, -1.355 -0.8041 1.7357, -1.3855 -0.7567 1.7341, -1.4194 -0.6828 1.7318, -1.4377 -0.6428 1.7305, -1.5021 -0.4734 1.7253, -1.4808 -0.5449 1.7275, -1.4773 -0.5566 1.7278, -1.5239 -0.4001 1.7232, -1.5396 -0.3473 1.7216, -1.5472 -0.2977 1.7201, -1.5542 -0.2523 1.7188, -1.573 -0.1297 1.7153, -1.5731 -0.1178 1.7149, -1.5733 -0.1026 1.7145, -1.5754 0.0485 1.7102, -1.5756 0.064 1.7097, -1.5759 0.092 1.7089, -1.5629 0.1988 1.7059, -1.5573 0.2446 1.7045, -1.5516 0.291 1.7032, -1.5369 0.3472 1.7015, -1.5175 0.4215 1.6993, -1.4987 0.4935 1.6972, -1.2867 0.9122 1.6837, -1.2977 0.8985 1.6843, -1.2997 0.896 1.6843, -1.3748 0.7685 1.6886, -1.3814 0.7572 1.6889, -1.4121 0.7051 1.6907, -1.4418 0.6335 1.6929, -1.4586 0.5931 1.6941, -1.4964 0.502 1.697, -1.2035 1.0166 1.6799, -1.1734 1.0543 1.6785, -1.1622 1.0684 1.678, -1.1006 1.1266 1.6756, -1.0432 1.1807 1.6734, -1.0013 1.2203 1.6717, -0.8509 1.2204 1.7096, -0.8306 1.2205 1.7147, -0.6588 1.2205 1.7514, 1.0113 1.2205 1.5787, 1.0132 1.2205 1.5804, 1.125 1.1186 1.576, 1.0152 1.2205 1.5822, 1.016 1.2205 1.5831, 1.1263 1.12 1.5793, 1.0167 1.2205 1.5989, 1.0159 1.2205 1.6, 1.126 1.1197 1.5961, 1.0114 -1.2205 1.5254, 1.0125 -1.2205 1.5244, 1.1244 -1.118 1.5288, 1.3014 -0.8868 1.5071, 1.3355 -0.8351 1.5089, 1.3405 -0.8383 1.5104, 1.364 0.787 1.5577, 1.3353 0.8355 1.5593, 1.3404 0.8385 1.5608, 1.0013 1.2203 1.574, 1.0053 1.2204 1.5756, 1.0717 1.1539 1.5712, 1.1214 1.1151 1.5709, 1.1173 1.1109 1.5694, 1.2386 0.983 1.5659, 1.2316 0.9814 1.5644, 1.1614 1.0693 1.5677, 1.1575 1.073 1.5678, 1.3039 0.8885 1.5611, 1.2982 0.898 1.5614, 1.2336 0.979 1.5644, 1.4094 0.7103 1.5552, 1.4255 0.6837 1.5558, 1.4206 0.6837 1.5543, 1.4948 0.5067 1.5488, 1.4896 0.5191 1.5492, 1.4931 0.5204 1.5508, 1.4662 0.5749 1.551, 1.4214 0.6818 1.5543, 1.506 0.4642 1.5476, 1.542 0.3507 1.5457, 1.5361 0.3502 1.5442, 1.565 0.1758 1.5391, 1.5581 0.2347 1.5408, 1.5714 0.1765 1.5407, 1.5514 0.2924 1.5425, 1.5364 0.3493 1.5442, 1.581 0.0001 1.5356, 1.5768 0.0744 1.5362, 1.5718 0.1176 1.5375, 1.5722 -0.1179 1.5307, 1.5715 -0.1459 1.5299, 1.5711 -0.1763 1.5306, 1.575 0.0001 1.5341, 1.575 0.0002 1.5341, 1.5418 -0.3506 1.5255, 1.557 -0.2346 1.5273, 1.5666 -0.1757 1.529, 1.5359 -0.3637 1.5236, 1.5047 -0.4641 1.5206, 1.4933 -0.5204 1.5205, 1.5379 -0.3511 1.524, 1.5381 -0.3498 1.524, 1.42 -0.6809 1.5139, 1.4695 -0.5766 1.5172, 1.4259 -0.6837 1.5155, 1.4701 -0.5753 1.5173, 1.4877 -0.5186 1.519, 1.3663 -0.7884 1.5105, 1.3759 -0.7738 1.511, 1.419 -0.6831 1.5139, 1.2559 -0.956 1.5047, 1.2385 -0.9827 1.5054, 1.235 -0.9798 1.5038, 1.1104 -1.1217 1.4984, 1.1186 -1.1123 1.4988, 1.1212 -1.1149 1.5003, 1.1548 -1.0711 1.5004, 1.2327 -0.9824 1.5037, 1.0034 -1.2205 1.4949, 1.0013 -1.2204 1.4942, 1.0729 -1.1556 1.497, 1.0054 -1.2205 1.496, 1.0134 -1.2205 1.5011, 1.0121 -1.2205 1.4998, 1.1231 -1.1167 1.5025, 1.0105 -1.2205 1.4986, 1.0096 -1.2205 1.4982, 1.0165 -1.2205 1.5045, 1.0161 -1.2205 1.5039, 1.1248 -1.1185 1.5054, 1.0187 -1.2205 1.5086, 1.017 -1.2205 1.5051, 1.1262 -1.1198 1.5087, 1.0192 -1.2205 1.5115, 1.019 -1.2205 1.5097, 1.1271 -1.1207 1.5124, 1.0192 -1.2205 1.5138, 1.0193 -1.2205 1.5126, 1.1274 -1.121 1.5156, 1.0179 -1.2205 1.518, 1.0181 -1.2205 1.5178, 1.1273 -1.121 1.5189, 1.0186 -1.2205 1.5165, 1.019 -1.2205 1.5147, 1.0047 -1.2204 1.5287, 1.1209 -1.1145 1.5333, 1.2381 -0.9824 1.5384, 1.3401 -0.8381 1.5434, 1.4254 -0.6834 1.5485, 1.4929 -0.5203 1.5535, 1.5414 -0.3505 1.5585, 1.5706 -0.1763 1.5636, 1.5806 0.0001 1.5686, 1.5709 0.1765 1.5737, 1.5416 0.3506 1.5787, 1.4926 0.5202 1.5838, 1.4251 0.6835 1.5888, 1.3399 0.8383 1.5938, 1.2382 0.9827 1.5989, 1.121 1.1147 1.6039, 1.0031 1.2205 1.609, 1.0045 1.2205 1.6083, 1.0123 1.2205 1.6037, 1.0118 1.2205 1.6042, 1.1229 1.1166 1.6019, 1.0102 1.2205 1.6054, 1.0087 1.2205 1.6061, 1.0176 1.2205 1.597, 1.0187 1.2205 1.5943, 1.0184 1.2205 1.5954, 1.127 1.1206 1.5928, 1.0188 1.2205 1.5937, 1.019 1.2205 1.5903, 1.0191 1.2205 1.5914, 1.1275 1.1211 1.5895, 1.0183 1.2205 1.5872, 1.0184 1.2205 1.5875, 1.1276 1.1212 1.5862, 1.0083 -1.2205 1.5273, 1.1228 -1.1164 1.5312, 1.2402 -0.9841 1.5363, 1.3423 -0.8395 1.5413, 1.4278 -0.6846 1.5464, 1.4954 -0.5212 1.5514, 1.544 -0.3511 1.5565, 1.5733 -0.1766 1.5615, 1.5832 0.0001 1.5665, 1.5736 0.1768 1.5716, 1.5442 0.3512 1.5766, 1.4952 0.5211 1.5817, 1.4275 0.6846 1.5867, 1.3422 0.8397 1.5918, 1.2403 0.9844 1.5968, 1.242 -0.9855 1.5338, 1.3443 -0.8407 1.5388, 1.4299 -0.6856 1.5439, 1.4975 -0.5219 1.5489, 1.5462 -0.3516 1.554, 1.5756 -0.1768 1.559, 1.5855 0.0001 1.5641, 1.5758 0.177 1.5691, 1.5464 0.3517 1.5741, 1.4973 0.5219 1.5792, 1.4296 0.6856 1.5842, 1.3441 0.8409 1.5893, 1.2421 0.9858 1.5943, 1.1245 1.1182 1.5994, 1.0153 -1.2205 1.5219, 1.1259 -1.1195 1.5255, 1.2436 -0.9867 1.5306, 1.346 -0.8418 1.5356, 1.4317 -0.6865 1.5407, 1.4995 -0.5226 1.5457, 1.5482 -0.3521 1.5507, 1.5776 -0.1771 1.5558, 1.5876 0.0001 1.5608, 1.5779 0.1773 1.5659, 1.5484 0.3521 1.5709, 1.4993 0.5226 1.576, 1.4314 0.6865 1.581, 1.3459 0.842 1.5861, 1.2437 0.987 1.5911, 1.1268 -1.1205 1.5222, 1.2447 -0.9876 1.5272, 1.3472 -0.8425 1.5323, 1.433 -0.6871 1.5373, 1.5008 -0.523 1.5424, 1.5495 -0.3524 1.5474, 1.579 -0.1772 1.5525, 1.5889 0.0001 1.5575, 1.5792 0.1774 1.5625, 1.5497 0.3524 1.5676, 1.5006 0.523 1.5726, 1.4326 0.6871 1.5777, 1.347 0.8427 1.5827, 1.2448 0.9879 1.5878, 1.0161 -1.2205 1.5209, 1.2452 -0.988 1.524, 1.3478 -0.8429 1.529, 1.4336 -0.6874 1.534, 1.5014 -0.5233 1.5391, 1.5502 -0.3525 1.5441, 1.5797 -0.1773 1.5492, 1.5896 0.0001 1.5542, 1.5799 0.1775 1.5593, 1.5504 0.3526 1.5643, 1.5012 0.5232 1.5694, 1.4333 0.6874 1.5744, 1.3476 0.8431 1.5794, 1.2454 0.9883 1.5845, 1.2453 -0.9881 1.5207, 1.3479 -0.843 1.5257, 1.4337 -0.6874 1.5308, 1.5015 -0.5233 1.5358, 1.5503 -0.3525 1.5408, 1.5798 -0.1773 1.5459, 1.5898 0.0001 1.5509, 1.5801 0.1775 1.556, 1.5505 0.3526 1.561, 1.5013 0.5233 1.5661, 1.4334 0.6874 1.5711, 1.3477 0.8432 1.5761, 1.2454 0.9884 1.5812, 1.2449 -0.9878 1.5174, 1.3475 -0.8427 1.5225, 1.4333 -0.6872 1.5275, 1.5011 -0.5232 1.5325, 1.5499 -0.3524 1.5376, 1.5793 -0.1773 1.5426, 1.5893 0.0001 1.5477, 1.5796 0.1775 1.5527, 1.5501 0.3525 1.5578, 1.5009 0.5231 1.5628, 1.433 0.6872 1.5679, 1.3473 0.8429 1.5729, 1.2451 0.9881 1.5779, 1.1272 1.1209 1.583, 1.0179 1.2205 1.5863, 1.244 -0.987 1.5138, 1.3464 -0.842 1.5188, 1.4321 -0.6867 1.5238, 1.4999 -0.5227 1.5289, 1.5486 -0.3522 1.5339, 1.5781 -0.1771 1.539, 1.588 0.0001 1.544, 1.5783 0.1773 1.5491, 1.5488 0.3522 1.5541, 1.4997 0.5227 1.5591, 1.4318 0.6867 1.5642, 1.3463 0.8422 1.5692, 1.2441 0.9873 1.5743, 1.2425 -0.9858 1.5104, 1.3448 -0.841 1.5155, 1.4304 -0.6858 1.5205, 1.4981 -0.5221 1.5256, 1.5468 -0.3517 1.5306, 1.5762 -0.1769 1.5356, 1.5861 0.0001 1.5407, 1.5764 0.1771 1.5457, 1.547 0.3518 1.5508, 1.4979 0.5221 1.5558, 1.4301 0.6859 1.5609, 1.3446 0.8412 1.5659, 1.2426 0.9861 1.5709, 1.2405 -0.9843 1.5075, 1.3427 -0.8397 1.5126, 1.4282 -0.6848 1.5176, 1.4958 -0.5213 1.5227, 1.5444 -0.3512 1.5277, 1.5737 -0.1766 1.5327, 1.5837 0.0001 1.5378, 1.574 0.1768 1.5428, 1.5446 0.3513 1.5479, 1.4956 0.5213 1.5529, 1.4279 0.6848 1.558, 1.3426 0.8399 1.563, 1.2407 0.9846 1.568, 1.1232 1.1169 1.5731, 1.0082 1.2205 1.5768
            ]
        }
        coordIndex [
            0,1,2,-1,2,1,3,-1,3,1,4,-1,3,4,5,-1,5,4,6,-1,5,6,7,-1,7,6,8,-1,7,8,9,-1,9,8,10,-1,10,8,11,-1,10,11,12,-1,12,11,13,-1,12,13,14,-1,15,16,17,-1,17,16,18,-1,14,13,15,-1,15,13,19,-1,15,19,16,-1,20,21,22,-1,22,21,18,-1,22,18,23,-1,23,18,16,-1,24,25,20,-1,20,25,26,-1,20,26,21,-1,20,27,24,-1,24,27,28,-1,24,28,29,-1,29,28,30,-1,29,30,31,-1,31,30,32,-1,31,32,33,-1,33,32,34,-1,33,34,35,-1,35,34,36,-1,35,36,37,-1,37,36,38,-1,37,38,39,-1,39,38,40,-1,39,40,41,-1,41,40,42,-1,42,40,43,-1,42,43,44,-1,43,45,44,-1,44,45,46,-1,44,46,47,-1,47,46,48,-1,47,48,49,-1,49,48,50,-1,49,50,51,-1,51,50,52,-1,51,52,53,-1,53,52,54,-1,54,52,55,-1,54,55,56,-1,55,57,56,-1,56,57,58,-1,56,58,59,-1,59,58,60,-1,58,61,60,-1,60,61,62,-1,60,62,63,-1,63,62,64,-1,63,64,65,-1,65,64,66,-1,64,67,66,-1,66,67,68,-1,66,68,69,-1,69,68,70,-1,69,70,71,-1,71,70,72,-1,71,72,73,-1,73,72,74,-1,74,72,75,-1,74,75,76,-1,76,75,77,-1,76,77,78,-1,78,77,79,-1,78,79,80,-1,80,79,81,-1,80,81,82,-1,83,84,85,-1,83,85,86,-1,86,85,87,-1,86,87,88,-1,88,87,89,-1,88,89,90,-1,90,89,91,-1,90,91,92,-1,92,91,93,-1,92,93,94,-1,94,93,95,-1,94,95,96,-1,96,95,97,-1,96,97,98,-1,98,97,99,-1,98,99,100,-1,100,99,101,-1,100,101,102,-1,102,101,103,-1,102,103,82,-1,82,103,104,-1,82,104,80,-1,84,83,105,-1,105,83,106,-1,105,106,107,-1,106,108,107,-1,107,108,109,-1,107,109,110,-1,110,109,111,-1,110,111,112,-1,112,111,113,-1,112,113,114,-1,114,113,115,-1,114,115,116,-1,116,115,117,-1,118,119,120,-1,120,119,121,-1,120,121,122,-1,122,121,123,-1,122,123,124,-1,124,123,125,-1,124,125,126,-1,126,125,127,-1,126,127,117,-1,117,127,128,-1,117,128,116,-1,118,120,129,-1,129,120,130,-1,129,130,131,-1,131,130,132,-1,131,132,133,-1,133,132,134,-1,133,134,135,-1,136,137,138,-1,139,140,141,-1,141,140,142,-1,142,140,143,-1,142,143,144,-1,144,143,145,-1,144,145,146,-1,146,145,147,-1,146,147,148,-1,148,147,149,-1,149,147,150,-1,149,150,151,-1,151,150,152,-1,151,152,153,-1,153,152,154,-1,154,152,155,-1,154,155,156,-1,157,158,159,-1,157,159,160,-1,160,159,161,-1,160,161,156,-1,156,161,162,-1,156,162,154,-1,158,157,163,-1,163,157,164,-1,163,164,165,-1,164,166,165,-1,165,166,167,-1,165,167,168,-1,168,167,169,-1,168,169,170,-1,170,169,171,-1,170,171,172,-1,172,171,173,-1,172,173,174,-1,174,173,175,-1,174,175,176,-1,176,175,177,-1,176,177,178,-1,178,177,179,-1,178,179,180,-1,180,179,181,-1,181,179,182,-1,181,182,183,-1,183,182,184,-1,183,184,185,-1,184,186,185,-1,185,186,187,-1,185,187,188,-1,188,187,189,-1,188,189,190,-1,190,189,191,-1,190,191,192,-1,192,191,193,-1,191,194,193,-1,193,194,195,-1,193,195,196,-1,196,195,197,-1,196,197,198,-1,198,197,199,-1,198,199,200,-1,200,199,201,-1,200,201,202,-1,202,201,203,-1,202,203,204,-1,204,203,205,-1,204,205,206,-1,206,205,207,-1,206,207,208,-1,208,207,209,-1,208,209,210,-1,210,209,211,-1,210,211,212,-1,213,214,215,-1,215,214,216,-1,215,216,217,-1,212,211,218,-1,218,211,219,-1,218,219,220,-1,220,219,221,-1,220,221,213,-1,213,221,222,-1,213,222,214,-1,217,216,223,-1,223,216,224,-1,223,224,225,-1,225,224,226,-1,225,226,227,-1,227,226,228,-1,227,228,229,-1,229,228,230,-1,229,230,231,-1,230,232,231,-1,231,232,233,-1,231,233,234,-1,234,233,235,-1,234,235,236,-1,236,235,237,-1,236,237,238,-1,238,237,239,-1,239,237,138,-1,138,237,240,-1,138,240,136,-1,241,242,243,-1,243,242,244,-1,243,244,245,-1,245,244,246,-1,245,246,247,-1,247,246,248,-1,247,248,249,-1,249,248,250,-1,249,250,251,-1,251,250,252,-1,251,252,253,-1,253,252,254,-1,253,254,137,-1,137,254,255,-1,137,255,138,-1,243,256,241,-1,241,256,257,-1,241,257,258,-1,258,257,259,-1,258,259,260,-1,260,259,261,-1,260,261,262,-1,262,261,263,-1,262,263,264,-1,264,263,265,-1,265,263,266,-1,266,263,267,-1,266,267,268,-1,268,267,269,-1,268,269,270,-1,270,269,271,-1,270,271,272,-1,273,274,275,-1,275,274,276,-1,275,276,277,-1,277,276,278,-1,277,278,279,-1,279,278,280,-1,279,280,281,-1,281,280,282,-1,281,282,283,-1,283,282,284,-1,284,282,285,-1,284,285,286,-1,287,288,289,-1,289,288,290,-1,289,290,291,-1,291,290,286,-1,291,286,292,-1,292,286,285,-1,293,294,295,-1,295,294,296,-1,295,296,297,-1,297,296,298,-1,297,298,299,-1,299,298,300,-1,299,300,287,-1,287,300,301,-1,287,301,288,-1,302,303,304,-1,304,303,305,-1,304,305,306,-1,306,305,307,-1,306,307,293,-1,293,307,308,-1,293,308,294,-1,309,310,311,-1,312,313,314,-1,314,315,316,-1,317,318,319,-1,319,320,321,-1,322,323,324,-1,325,326,327,-1,328,329,330,-1,331,332,333,-1,334,335,336,-1,331,333,337,-1,338,339,337,-1,337,339,340,-1,341,342,339,-1,339,342,343,-1,339,343,340,-1,339,344,341,-1,341,344,345,-1,341,345,346,-1,330,329,345,-1,345,329,347,-1,345,347,346,-1,327,326,330,-1,330,326,348,-1,330,348,328,-1,325,327,349,-1,349,327,350,-1,349,350,351,-1,351,350,352,-1,352,350,353,-1,352,353,354,-1,354,353,355,-1,354,355,356,-1,356,355,357,-1,357,355,358,-1,357,358,359,-1,359,358,360,-1,359,360,361,-1,362,363,364,-1,364,363,365,-1,361,360,366,-1,366,360,364,-1,366,364,367,-1,367,364,365,-1,367,365,368,-1,369,370,371,-1,371,370,372,-1,370,373,372,-1,372,373,374,-1,372,374,375,-1,376,377,378,-1,378,379,376,-1,376,379,380,-1,376,380,374,-1,374,380,381,-1,374,381,375,-1,382,383,384,-1,384,385,382,-1,382,385,386,-1,382,386,377,-1,377,386,387,-1,377,387,378,-1,388,389,390,-1,390,389,391,-1,390,391,383,-1,383,391,392,-1,383,392,384,-1,323,322,390,-1,390,322,393,-1,390,393,388,-1,394,395,324,-1,324,395,396,-1,324,396,322,-1,334,336,397,-1,397,336,398,-1,397,398,399,-1,399,398,400,-1,399,400,394,-1,394,400,401,-1,394,401,395,-1,402,403,404,-1,404,403,405,-1,406,407,408,-1,408,407,409,-1,408,409,410,-1,411,412,413,-1,413,412,414,-1,413,414,415,-1,416,417,418,-1,418,417,419,-1,418,419,420,-1,421,422,397,-1,397,422,423,-1,397,423,334,-1,424,425,426,-1,426,425,416,-1,427,428,429,-1,429,428,430,-1,429,430,411,-1,431,432,433,-1,433,432,434,-1,433,434,435,-1,435,434,436,-1,435,436,437,-1,437,436,438,-1,437,438,439,-1,439,438,440,-1,439,440,441,-1,441,440,442,-1,441,442,443,-1,443,442,444,-1,443,444,445,-1,445,444,446,-1,445,446,447,-1,447,446,448,-1,447,448,408,-1,408,448,449,-1,408,449,406,-1,450,431,451,-1,451,431,433,-1,451,433,452,-1,452,433,435,-1,452,435,453,-1,453,435,437,-1,453,437,454,-1,454,437,439,-1,454,439,455,-1,455,439,441,-1,455,441,456,-1,456,441,443,-1,456,443,457,-1,457,443,445,-1,457,445,458,-1,458,445,447,-1,458,447,459,-1,459,447,408,-1,459,408,403,-1,403,408,410,-1,403,410,405,-1,460,450,461,-1,461,450,451,-1,461,451,462,-1,462,451,452,-1,462,452,463,-1,463,452,453,-1,463,453,464,-1,464,453,454,-1,464,454,465,-1,465,454,455,-1,465,455,466,-1,466,455,456,-1,466,456,467,-1,467,456,457,-1,467,457,468,-1,468,457,458,-1,468,458,469,-1,469,458,459,-1,469,459,470,-1,470,459,403,-1,470,403,429,-1,429,403,402,-1,429,402,427,-1,373,471,374,-1,374,471,472,-1,374,472,376,-1,376,472,473,-1,376,473,377,-1,377,473,474,-1,377,474,382,-1,382,474,475,-1,382,475,383,-1,383,475,476,-1,383,476,390,-1,390,476,477,-1,390,477,323,-1,323,477,478,-1,323,478,324,-1,324,478,479,-1,324,479,394,-1,394,479,480,-1,394,480,399,-1,399,480,418,-1,399,418,397,-1,397,418,420,-1,397,420,421,-1,318,481,319,-1,319,481,482,-1,319,482,320,-1,483,484,460,-1,460,484,485,-1,485,486,460,-1,460,486,487,-1,460,487,450,-1,450,487,488,-1,450,488,431,-1,431,488,489,-1,431,489,432,-1,486,490,487,-1,487,490,491,-1,487,491,492,-1,492,317,487,-1,487,317,319,-1,487,319,488,-1,488,319,321,-1,488,321,489,-1,493,494,495,-1,495,494,496,-1,496,497,495,-1,495,497,498,-1,495,498,499,-1,499,498,500,-1,499,500,501,-1,501,500,502,-1,501,502,503,-1,503,502,504,-1,503,504,505,-1,505,504,506,-1,505,506,507,-1,507,506,508,-1,507,508,509,-1,509,508,510,-1,509,510,511,-1,511,510,512,-1,511,512,513,-1,513,512,514,-1,513,514,515,-1,515,514,516,-1,515,516,517,-1,517,516,413,-1,517,413,426,-1,426,413,415,-1,426,415,424,-1,370,518,373,-1,373,518,519,-1,373,519,520,-1,520,521,373,-1,373,521,522,-1,373,522,471,-1,521,523,522,-1,522,523,524,-1,522,524,525,-1,416,418,426,-1,426,418,480,-1,426,480,517,-1,517,480,479,-1,517,479,515,-1,515,479,478,-1,515,478,513,-1,513,478,477,-1,513,477,511,-1,511,477,476,-1,511,476,509,-1,509,476,475,-1,509,475,507,-1,507,475,474,-1,507,474,505,-1,505,474,473,-1,505,473,503,-1,503,473,472,-1,503,472,501,-1,501,472,471,-1,501,471,499,-1,499,471,522,-1,499,522,495,-1,495,522,525,-1,495,525,493,-1,496,526,497,-1,497,526,527,-1,497,527,528,-1,411,413,429,-1,429,413,516,-1,429,516,470,-1,470,516,514,-1,470,514,469,-1,469,514,512,-1,469,512,468,-1,468,512,510,-1,468,510,467,-1,467,510,508,-1,467,508,466,-1,466,508,506,-1,466,506,465,-1,465,506,504,-1,465,504,464,-1,464,504,502,-1,464,502,463,-1,463,502,500,-1,463,500,462,-1,462,500,498,-1,462,498,461,-1,461,498,497,-1,461,497,460,-1,460,497,528,-1,460,528,483,-1,529,530,338,-1,337,333,338,-1,338,333,531,-1,338,531,529,-1,530,532,533,-1,533,532,534,-1,533,534,535,-1,536,537,538,-1,538,537,539,-1,539,540,541,-1,542,543,544,-1,544,543,545,-1,546,547,548,-1,548,547,549,-1,548,549,550,-1,550,551,552,-1,552,551,553,-1,552,553,554,-1,555,556,557,-1,557,556,558,-1,557,558,559,-1,559,558,560,-1,559,560,561,-1,561,560,562,-1,561,562,563,-1,563,562,564,-1,563,564,565,-1,565,564,566,-1,565,566,567,-1,567,566,568,-1,567,568,569,-1,569,568,570,-1,569,570,571,-1,571,570,572,-1,571,572,573,-1,573,572,552,-1,573,552,544,-1,544,552,554,-1,544,554,542,-1,574,555,575,-1,575,555,557,-1,575,557,576,-1,576,557,559,-1,576,559,577,-1,577,559,561,-1,577,561,578,-1,578,561,563,-1,578,563,579,-1,579,563,565,-1,579,565,580,-1,580,565,567,-1,580,567,581,-1,581,567,569,-1,581,569,582,-1,582,569,571,-1,582,571,583,-1,583,571,573,-1,583,573,584,-1,584,573,544,-1,584,544,538,-1,538,544,545,-1,538,545,536,-1,539,541,538,-1,538,541,585,-1,538,585,584,-1,584,585,586,-1,584,586,583,-1,583,586,587,-1,583,587,582,-1,582,587,588,-1,582,588,581,-1,581,588,589,-1,581,589,580,-1,580,589,590,-1,580,590,579,-1,579,590,591,-1,579,591,578,-1,578,591,592,-1,578,592,577,-1,577,592,593,-1,577,593,576,-1,576,593,594,-1,576,594,575,-1,575,594,311,-1,575,311,574,-1,595,596,597,-1,597,596,598,-1,597,598,599,-1,599,600,597,-1,597,600,601,-1,597,601,602,-1,602,601,603,-1,602,603,604,-1,604,603,605,-1,604,605,606,-1,606,605,607,-1,606,607,608,-1,608,607,609,-1,608,609,610,-1,610,609,611,-1,610,611,612,-1,612,611,613,-1,612,613,614,-1,614,613,615,-1,614,615,616,-1,616,615,617,-1,616,617,618,-1,618,617,619,-1,618,619,620,-1,620,619,533,-1,620,533,548,-1,548,533,535,-1,548,535,546,-1,599,621,600,-1,600,621,622,-1,600,622,623,-1,530,533,338,-1,338,533,619,-1,338,619,339,-1,339,619,617,-1,339,617,344,-1,344,617,615,-1,344,615,345,-1,345,615,613,-1,345,613,330,-1,330,613,611,-1,330,611,327,-1,327,611,609,-1,327,609,350,-1,350,609,607,-1,350,607,353,-1,353,607,605,-1,353,605,355,-1,355,605,603,-1,355,603,358,-1,358,603,601,-1,358,601,360,-1,360,601,600,-1,360,600,364,-1,364,600,623,-1,364,623,362,-1,310,624,311,-1,311,624,625,-1,311,625,574,-1,574,625,626,-1,574,626,627,-1,627,312,574,-1,574,312,314,-1,574,314,555,-1,555,314,316,-1,555,316,556,-1,628,629,315,-1,313,630,314,-1,314,630,631,-1,314,631,315,-1,315,631,632,-1,315,632,628,-1,550,552,548,-1,548,552,572,-1,548,572,620,-1,620,572,570,-1,620,570,618,-1,618,570,568,-1,618,568,616,-1,616,568,566,-1,616,566,614,-1,614,566,564,-1,614,564,612,-1,612,564,562,-1,612,562,610,-1,610,562,560,-1,610,560,608,-1,608,560,558,-1,608,558,606,-1,606,558,556,-1,606,556,604,-1,604,556,316,-1,604,316,602,-1,602,316,315,-1,602,315,597,-1,597,315,629,-1,597,629,595,-1,540,633,541,-1,541,633,634,-1,541,634,635,-1,635,636,448,-1,448,636,637,-1,448,637,449,-1,482,638,320,-1,320,638,639,-1,320,639,640,-1,635,448,541,-1,541,448,446,-1,541,446,585,-1,585,446,444,-1,585,444,586,-1,586,444,442,-1,586,442,587,-1,587,442,440,-1,587,440,588,-1,588,440,438,-1,588,438,589,-1,589,438,436,-1,589,436,590,-1,590,436,434,-1,590,434,591,-1,591,434,432,-1,591,432,592,-1,592,432,489,-1,592,489,593,-1,593,489,321,-1,593,321,594,-1,594,321,320,-1,594,320,311,-1,311,320,640,-1,311,640,309,-1,641,642,643,-1,644,645,646,-1,646,645,647,-1,647,645,648,-1,647,648,649,-1,649,648,650,-1,649,650,651,-1,651,650,652,-1,651,652,653,-1,653,652,654,-1,654,652,655,-1,654,655,656,-1,656,655,657,-1,656,657,658,-1,658,657,659,-1,659,657,660,-1,659,660,661,-1,662,663,664,-1,662,664,665,-1,665,664,666,-1,665,666,661,-1,661,666,667,-1,661,667,659,-1,663,662,668,-1,668,662,669,-1,668,669,670,-1,669,671,670,-1,670,671,672,-1,670,672,673,-1,673,672,674,-1,673,674,675,-1,675,674,676,-1,675,676,677,-1,677,676,678,-1,677,678,679,-1,679,678,680,-1,679,680,681,-1,681,680,682,-1,682,680,683,-1,682,683,684,-1,684,683,685,-1,684,685,686,-1,686,685,687,-1,686,687,688,-1,688,687,689,-1,688,689,690,-1,689,691,690,-1,690,691,692,-1,690,692,693,-1,693,692,694,-1,693,694,695,-1,695,694,696,-1,695,696,697,-1,698,699,700,-1,700,699,701,-1,700,701,702,-1,697,696,698,-1,698,696,703,-1,698,703,699,-1,699,703,704,-1,699,704,701,-1,702,701,705,-1,705,701,706,-1,705,706,707,-1,707,706,708,-1,707,708,709,-1,709,708,710,-1,709,710,711,-1,710,712,711,-1,711,712,713,-1,711,713,714,-1,714,713,715,-1,714,715,716,-1,716,715,717,-1,716,717,718,-1,719,720,721,-1,721,720,722,-1,718,717,723,-1,723,717,724,-1,723,724,725,-1,725,724,726,-1,725,726,722,-1,722,726,727,-1,722,727,721,-1,728,729,730,-1,730,729,731,-1,730,731,732,-1,732,731,733,-1,732,733,734,-1,734,733,735,-1,734,735,736,-1,736,735,737,-1,736,737,738,-1,738,737,739,-1,738,739,740,-1,740,739,741,-1,740,741,742,-1,742,741,743,-1,742,743,719,-1,719,743,744,-1,719,744,720,-1,728,730,643,-1,643,730,745,-1,643,745,641,-1,746,747,748,-1,748,747,749,-1,748,749,750,-1,750,749,751,-1,750,751,752,-1,752,751,753,-1,752,753,754,-1,754,753,755,-1,754,755,756,-1,756,755,757,-1,756,757,758,-1,758,757,759,-1,758,759,642,-1,642,759,760,-1,642,760,643,-1,748,761,746,-1,746,761,762,-1,746,762,763,-1,763,762,764,-1,763,764,765,-1,765,764,766,-1,765,766,767,-1,767,766,768,-1,767,768,769,-1,769,768,770,-1,770,768,771,-1,771,768,772,-1,771,772,773,-1,773,772,774,-1,773,774,775,-1,775,774,776,-1,775,776,777,-1,778,779,780,-1,780,779,781,-1,780,781,782,-1,782,781,783,-1,782,783,784,-1,785,786,787,-1,787,786,788,-1,787,788,789,-1,789,788,790,-1,789,790,791,-1,792,793,794,-1,794,793,795,-1,794,795,785,-1,785,795,796,-1,785,796,786,-1,790,797,791,-1,791,797,798,-1,791,798,799,-1,799,798,800,-1,799,800,801,-1,800,802,801,-1,801,802,803,-1,801,803,804,-1,804,803,805,-1,804,805,778,-1,778,805,806,-1,778,806,779,-1,807,808,809,-1,809,808,810,-1,809,810,811,-1,811,810,812,-1,811,812,792,-1,792,812,813,-1,792,813,793,-1,814,815,816,-1,816,815,817,-1,816,817,807,-1,807,817,818,-1,807,818,808,-1,819,820,821,-1,821,820,822,-1,821,822,814,-1,814,822,823,-1,814,823,815,-1,824,825,826,-1,826,825,827,-1,826,827,828,-1,828,827,829,-1,828,829,819,-1,819,829,830,-1,819,830,820,-1,783,831,784,-1,784,831,832,-1,784,832,833,-1,833,832,834,-1,833,834,824,-1,824,834,835,-1,824,835,825,-1,36,34,836,-1,837,838,839,-1,92,94,840,-1,841,126,117,-1,20,22,842,-1,842,22,23,-1,842,23,16,-1,117,115,843,-1,843,115,113,-1,843,113,111,-1,841,117,844,-1,117,843,844,-1,844,843,845,-1,844,845,846,-1,847,848,849,-1,849,850,847,-1,847,850,851,-1,847,851,845,-1,845,851,852,-1,845,852,846,-1,853,854,855,-1,855,856,853,-1,853,856,857,-1,853,857,848,-1,848,857,858,-1,848,858,849,-1,859,860,854,-1,854,860,861,-1,854,861,855,-1,862,863,859,-1,863,864,859,-1,859,864,865,-1,859,865,860,-1,859,866,862,-1,862,866,867,-1,862,867,868,-1,868,867,869,-1,869,867,870,-1,869,870,871,-1,872,873,874,-1,874,873,875,-1,871,870,876,-1,876,870,877,-1,876,877,878,-1,878,877,874,-1,878,874,879,-1,879,874,875,-1,879,875,880,-1,881,882,883,-1,883,882,884,-1,882,885,884,-1,884,885,886,-1,884,886,887,-1,888,889,886,-1,886,889,890,-1,886,890,887,-1,886,891,888,-1,888,891,892,-1,888,892,893,-1,894,895,896,-1,896,895,897,-1,896,897,892,-1,892,897,898,-1,892,898,893,-1,899,900,901,-1,901,900,902,-1,901,902,903,-1,904,905,906,-1,906,905,907,-1,906,907,899,-1,899,907,908,-1,899,908,900,-1,909,910,904,-1,904,910,911,-1,904,911,905,-1,912,913,909,-1,909,913,914,-1,909,914,910,-1,915,842,916,-1,916,842,16,-1,916,16,19,-1,917,918,919,-1,919,918,920,-1,919,920,921,-1,922,923,924,-1,924,923,925,-1,926,927,928,-1,928,927,929,-1,928,929,930,-1,931,932,933,-1,933,932,934,-1,931,935,936,-1,935,937,936,-1,936,937,938,-1,936,938,939,-1,939,940,941,-1,941,940,942,-1,941,942,943,-1,944,945,946,-1,946,945,947,-1,948,949,950,-1,950,949,951,-1,950,951,952,-1,952,951,953,-1,952,953,954,-1,954,953,955,-1,954,955,956,-1,956,955,957,-1,956,957,958,-1,958,957,959,-1,958,959,960,-1,960,959,961,-1,960,961,962,-1,962,961,919,-1,962,919,928,-1,928,919,921,-1,928,921,926,-1,963,948,964,-1,964,948,950,-1,964,950,965,-1,965,950,952,-1,965,952,966,-1,966,952,954,-1,966,954,967,-1,967,954,956,-1,967,956,968,-1,968,956,958,-1,968,958,969,-1,969,958,960,-1,969,960,970,-1,970,960,962,-1,970,962,971,-1,971,962,928,-1,971,928,924,-1,924,928,930,-1,924,930,922,-1,972,963,973,-1,973,963,964,-1,973,964,974,-1,974,964,965,-1,974,965,975,-1,975,965,966,-1,975,966,976,-1,976,966,967,-1,976,967,977,-1,977,967,968,-1,977,968,978,-1,978,968,969,-1,978,969,979,-1,979,969,970,-1,979,970,980,-1,980,970,971,-1,980,971,981,-1,981,971,924,-1,981,924,946,-1,946,924,925,-1,946,925,944,-1,840,972,982,-1,982,972,973,-1,982,973,983,-1,983,973,974,-1,983,974,984,-1,984,974,975,-1,984,975,985,-1,985,975,976,-1,985,976,986,-1,986,976,977,-1,986,977,987,-1,987,977,978,-1,987,978,988,-1,988,978,979,-1,988,979,989,-1,989,979,980,-1,989,980,990,-1,990,980,981,-1,990,981,991,-1,991,981,946,-1,991,946,932,-1,932,946,947,-1,932,947,934,-1,992,993,994,-1,994,993,995,-1,994,995,996,-1,111,997,843,-1,843,997,998,-1,843,998,845,-1,845,998,999,-1,845,999,847,-1,847,999,1000,-1,847,1000,848,-1,848,1000,1001,-1,848,1001,853,-1,853,1001,1002,-1,853,1002,854,-1,854,1002,1003,-1,854,1003,859,-1,859,1003,1004,-1,859,1004,866,-1,866,1004,1005,-1,866,1005,867,-1,867,1005,1006,-1,867,1006,870,-1,870,1006,1007,-1,870,1007,877,-1,877,1007,941,-1,877,941,874,-1,874,941,943,-1,874,943,872,-1,993,75,72,-1,72,70,993,-1,993,70,1008,-1,993,1008,995,-1,96,98,1009,-1,1009,98,100,-1,102,82,992,-1,100,102,1009,-1,1009,102,992,-1,1009,992,1010,-1,1010,992,994,-1,1010,994,1011,-1,1011,994,996,-1,1011,996,1012,-1,82,81,992,-1,992,81,79,-1,992,79,993,-1,993,79,77,-1,993,77,75,-1,83,86,1013,-1,1013,86,88,-1,1013,88,90,-1,931,936,932,-1,932,936,1014,-1,932,1014,991,-1,991,1014,1015,-1,991,1015,990,-1,990,1015,1016,-1,990,1016,989,-1,989,1016,1017,-1,989,1017,988,-1,988,1017,1018,-1,988,1018,987,-1,987,1018,1019,-1,987,1019,986,-1,986,1019,1020,-1,986,1020,985,-1,985,1020,1021,-1,985,1021,984,-1,984,1021,1022,-1,984,1022,983,-1,983,1022,1023,-1,983,1023,982,-1,982,1023,1013,-1,982,1013,840,-1,840,1013,90,-1,840,90,92,-1,111,109,997,-1,997,109,108,-1,997,108,106,-1,939,941,936,-1,936,941,1007,-1,936,1007,1014,-1,1014,1007,1006,-1,1014,1006,1015,-1,1015,1006,1005,-1,1015,1005,1016,-1,1016,1005,1004,-1,1016,1004,1017,-1,1017,1004,1003,-1,1017,1003,1018,-1,1018,1003,1002,-1,1018,1002,1019,-1,1019,1002,1001,-1,1019,1001,1020,-1,1020,1001,1000,-1,1020,1000,1021,-1,1021,1000,999,-1,1021,999,1022,-1,1022,999,998,-1,1022,998,1023,-1,1023,998,997,-1,1023,997,1013,-1,1013,997,106,-1,1013,106,83,-1,94,96,840,-1,840,96,1009,-1,840,1009,972,-1,972,1009,1010,-1,972,1010,963,-1,963,1010,1011,-1,963,1011,948,-1,948,1011,1012,-1,948,1012,949,-1,1024,1025,1026,-1,1026,1025,1027,-1,882,1028,885,-1,885,1028,1029,-1,885,1029,1030,-1,1031,1032,1033,-1,1034,1035,1036,-1,1037,1038,1039,-1,1039,1038,1040,-1,1039,1040,1041,-1,1042,1043,1044,-1,1044,1043,1045,-1,1044,1045,1046,-1,1047,896,1048,-1,1048,896,892,-1,1048,892,1049,-1,1049,892,891,-1,1049,891,1050,-1,1050,891,886,-1,1050,886,1051,-1,1051,886,885,-1,1051,885,1026,-1,1026,885,1030,-1,1026,1030,1024,-1,1052,1047,1053,-1,1053,1047,1048,-1,1053,1048,1054,-1,1054,1048,1049,-1,1054,1049,1055,-1,1055,1049,1050,-1,1055,1050,1056,-1,1056,1050,1051,-1,1056,1051,1057,-1,1057,1051,1026,-1,1057,1026,1039,-1,1039,1026,1027,-1,1039,1027,1037,-1,1058,1052,1059,-1,1059,1052,1053,-1,1059,1053,1060,-1,1060,1053,1054,-1,1060,1054,1061,-1,1061,1054,1055,-1,1061,1055,1062,-1,1062,1055,1056,-1,1062,1056,1063,-1,1063,1056,1057,-1,1063,1057,1064,-1,1064,1057,1039,-1,1064,1039,1044,-1,1044,1039,1041,-1,1044,1041,1042,-1,1065,1058,1066,-1,1066,1058,1059,-1,1066,1059,1067,-1,1067,1059,1060,-1,1067,1060,1068,-1,1068,1060,1061,-1,1068,1061,1069,-1,1069,1061,1062,-1,1069,1062,1070,-1,1070,1062,1063,-1,1070,1063,1071,-1,1071,1063,1064,-1,1071,1064,1072,-1,1072,1064,1044,-1,1072,1044,1031,-1,1031,1044,1046,-1,1031,1046,1032,-1,1073,1065,1074,-1,1074,1065,1066,-1,1074,1066,1075,-1,1075,1066,1067,-1,1075,1067,1076,-1,1076,1067,1068,-1,1076,1068,1077,-1,1077,1068,1069,-1,1077,1069,1078,-1,1078,1069,1070,-1,1078,1070,1079,-1,1079,1070,1071,-1,1079,1071,1080,-1,1080,1071,1072,-1,1080,1072,1081,-1,1081,1072,1031,-1,1081,1031,1034,-1,1034,1031,1033,-1,1034,1033,1035,-1,1082,912,1083,-1,1083,912,909,-1,1083,909,1084,-1,1084,909,904,-1,1084,904,1085,-1,1085,904,906,-1,1085,906,1086,-1,1086,906,899,-1,1086,899,1087,-1,1087,899,901,-1,1088,1073,1089,-1,1089,1073,1074,-1,1089,1074,1090,-1,1090,1074,1075,-1,1090,1075,1091,-1,1091,1075,1076,-1,1091,1076,1092,-1,1092,1076,1077,-1,1092,1077,1093,-1,1093,1077,1078,-1,1093,1078,1094,-1,1094,1078,1079,-1,1094,1079,1095,-1,1095,1079,1080,-1,1095,1080,1096,-1,1096,1080,1081,-1,1096,1081,1097,-1,1097,1081,1034,-1,1097,1034,1098,-1,1099,1100,1101,-1,1101,1100,1102,-1,1101,1102,1103,-1,1103,1102,1104,-1,1103,1104,1105,-1,1087,1106,1086,-1,1086,1106,1107,-1,1086,1107,1085,-1,1085,1107,1108,-1,1085,1108,1084,-1,1084,1108,1109,-1,1084,1109,1083,-1,1083,1109,836,-1,1083,836,1082,-1,34,32,836,-1,836,32,30,-1,836,30,1082,-1,1082,30,28,-1,1082,28,27,-1,27,20,1082,-1,1082,20,842,-1,1082,842,912,-1,912,842,915,-1,912,915,913,-1,45,838,46,-1,46,838,837,-1,46,837,48,-1,48,837,50,-1,55,52,1100,-1,62,61,1099,-1,1099,61,58,-1,1099,58,1100,-1,1100,58,57,-1,1100,57,55,-1,52,50,1100,-1,1100,50,837,-1,1100,837,1102,-1,1102,837,839,-1,1102,839,1104,-1,45,43,838,-1,838,43,40,-1,838,40,38,-1,1106,1105,1107,-1,1107,1105,1104,-1,1107,1104,1108,-1,1108,1104,839,-1,1108,839,1109,-1,1109,839,838,-1,1109,838,836,-1,836,838,38,-1,836,38,36,-1,1036,1110,1034,-1,1034,1110,1111,-1,1034,1111,1098,-1,1098,1111,1112,-1,1098,1112,1113,-1,1008,1088,995,-1,995,1088,1089,-1,995,1089,996,-1,996,1089,1090,-1,996,1090,1012,-1,1012,1090,1091,-1,1012,1091,949,-1,949,1091,1092,-1,949,1092,951,-1,951,1092,1093,-1,951,1093,953,-1,953,1093,1094,-1,953,1094,955,-1,955,1094,1095,-1,955,1095,957,-1,957,1095,1096,-1,957,1096,959,-1,959,1096,1097,-1,959,1097,961,-1,961,1097,1098,-1,961,1098,919,-1,919,1098,1113,-1,919,1113,917,-1,70,68,1008,-1,1008,68,67,-1,1008,67,64,-1,64,62,1008,-1,1008,62,1099,-1,1008,1099,1088,-1,1088,1099,1101,-1,1088,1101,1073,-1,1073,1101,1103,-1,1073,1103,1065,-1,1065,1103,1105,-1,1065,1105,1058,-1,1058,1105,1106,-1,1058,1106,1052,-1,1052,1106,1087,-1,1052,1087,1047,-1,1047,1087,901,-1,1047,901,896,-1,896,901,903,-1,896,903,894,-1,168,170,279,-1,279,170,172,-1,279,172,277,-1,277,172,174,-1,277,174,275,-1,275,174,176,-1,275,176,273,-1,273,176,178,-1,273,178,1114,-1,178,180,1114,-1,1114,180,181,-1,1114,181,1115,-1,1115,181,183,-1,1115,183,1116,-1,1116,183,185,-1,1116,185,1117,-1,1117,185,188,-1,1117,188,1118,-1,1118,188,190,-1,1118,190,1119,-1,1119,190,192,-1,1119,192,1120,-1,1120,192,193,-1,1120,193,1121,-1,193,196,1121,-1,1121,196,198,-1,1121,198,1122,-1,1122,198,200,-1,1122,200,1123,-1,1123,200,202,-1,1123,202,1124,-1,1124,202,204,-1,1124,204,1125,-1,1125,204,206,-1,1125,206,1126,-1,1127,1128,210,-1,210,1128,1126,-1,210,1126,208,-1,208,1126,206,-1,1129,227,1130,-1,1130,227,229,-1,1130,229,1131,-1,1131,229,231,-1,1131,231,1132,-1,210,212,1127,-1,1127,212,218,-1,1127,218,1133,-1,1133,218,220,-1,1133,220,1134,-1,1134,220,213,-1,1134,213,1135,-1,1135,213,215,-1,1135,215,1136,-1,1136,215,217,-1,1136,217,1137,-1,1137,217,223,-1,1137,223,1129,-1,1129,223,225,-1,1129,225,227,-1,231,234,1132,-1,1132,234,236,-1,1132,236,1138,-1,1138,236,1139,-1,1139,236,238,-1,1139,238,1140,-1,1140,238,239,-1,1140,239,1141,-1,1142,1143,254,-1,254,1143,1144,-1,254,1144,255,-1,255,1144,1141,-1,255,1141,138,-1,138,1141,239,-1,254,252,1142,-1,1142,252,250,-1,1142,250,1145,-1,1145,250,248,-1,1145,248,1146,-1,1146,248,246,-1,1146,246,1147,-1,1147,246,244,-1,1147,244,1148,-1,1149,1150,262,-1,262,1150,1151,-1,262,1151,260,-1,260,1151,1152,-1,260,1152,258,-1,258,1152,1153,-1,258,1153,241,-1,241,1153,1148,-1,241,1148,242,-1,242,1148,244,-1,272,1154,270,-1,270,1154,1155,-1,270,1155,268,-1,268,1155,1156,-1,268,1156,266,-1,266,1156,1157,-1,266,1157,265,-1,265,1157,1149,-1,265,1149,264,-1,264,1149,262,-1,279,281,168,-1,168,281,283,-1,168,283,165,-1,165,283,284,-1,165,284,163,-1,163,284,158,-1,158,284,286,-1,158,286,159,-1,159,286,290,-1,159,290,161,-1,161,290,288,-1,161,288,162,-1,162,288,301,-1,162,301,154,-1,154,301,300,-1,154,300,153,-1,153,300,298,-1,153,298,151,-1,151,298,296,-1,151,296,149,-1,149,296,294,-1,149,294,148,-1,148,294,308,-1,148,308,146,-1,146,308,307,-1,146,307,144,-1,144,307,305,-1,144,305,142,-1,142,305,303,-1,142,303,141,-1,141,303,302,-1,141,302,139,-1,1158,1159,1160,-1,1160,1159,1161,-1,1162,1163,1164,-1,1164,1163,1165,-1,1164,1165,1166,-1,1166,1165,1167,-1,1166,1167,1168,-1,1168,1167,1169,-1,1168,1169,1170,-1,1170,1169,1161,-1,1170,1161,1171,-1,1171,1161,1159,-1,1158,1160,1172,-1,1172,1160,1173,-1,1172,1173,1174,-1,1174,1173,1175,-1,1175,1173,1176,-1,1175,1176,1177,-1,1177,1176,1178,-1,1177,1178,1179,-1,1180,1181,518,-1,518,1181,1182,-1,518,1182,519,-1,519,1182,1183,-1,519,1183,520,-1,520,1183,1184,-1,520,1184,521,-1,521,1184,1185,-1,521,1185,523,-1,523,1185,1186,-1,523,1186,524,-1,524,1186,1187,-1,524,1187,525,-1,1188,496,1189,-1,1189,496,494,-1,1187,1190,525,-1,525,1190,1189,-1,525,1189,493,-1,493,1189,494,-1,1188,1191,496,-1,496,1191,1192,-1,496,1192,526,-1,526,1192,1193,-1,526,1193,527,-1,527,1193,1194,-1,527,1194,528,-1,528,1194,483,-1,483,1194,1195,-1,483,1195,484,-1,484,1195,1196,-1,484,1196,485,-1,1196,1197,485,-1,485,1197,1198,-1,485,1198,486,-1,486,1198,1199,-1,486,1199,490,-1,490,1199,1200,-1,490,1200,491,-1,491,1200,492,-1,492,1200,1201,-1,492,1201,317,-1,317,1201,1202,-1,317,1202,318,-1,318,1202,1203,-1,318,1203,481,-1,1203,1204,481,-1,481,1204,1205,-1,481,1205,482,-1,482,1205,1206,-1,482,1206,638,-1,638,1206,639,-1,639,1206,1207,-1,639,1207,640,-1,640,1207,1208,-1,640,1208,309,-1,309,1208,1209,-1,309,1209,310,-1,310,1209,1210,-1,310,1210,624,-1,1210,1211,624,-1,624,1211,1212,-1,624,1212,625,-1,625,1212,1213,-1,625,1213,626,-1,626,1213,627,-1,1213,1214,627,-1,627,1214,1215,-1,627,1215,312,-1,312,1215,1216,-1,312,1216,313,-1,313,1216,1217,-1,313,1217,630,-1,630,1217,1218,-1,630,1218,631,-1,631,1218,632,-1,632,1218,1219,-1,632,1219,628,-1,1219,1220,628,-1,628,1220,1221,-1,628,1221,629,-1,629,1221,1222,-1,629,1222,595,-1,595,1222,1223,-1,595,1223,596,-1,596,1223,1224,-1,596,1224,598,-1,598,1224,1225,-1,598,1225,599,-1,599,1225,1226,-1,599,1226,621,-1,621,1226,1227,-1,621,1227,622,-1,622,1227,623,-1,623,1227,1228,-1,623,1228,362,-1,1228,1229,362,-1,362,1229,1230,-1,362,1230,363,-1,363,1230,1231,-1,363,1231,365,-1,1231,1232,365,-1,365,1232,1233,-1,365,1233,368,-1,368,1233,1234,-1,1233,1235,1234,-1,1234,1235,1236,-1,1234,1236,1237,-1,1237,1236,1238,-1,1237,1238,1239,-1,1238,1240,1239,-1,1239,1240,1241,-1,1239,1241,1242,-1,1242,1241,1243,-1,1242,1243,1244,-1,1244,1243,1245,-1,1244,1245,1246,-1,1246,1245,1247,-1,1246,1247,1248,-1,518,370,1180,-1,1180,370,369,-1,1180,369,1249,-1,1249,369,1250,-1,1249,1250,1251,-1,1251,1250,1252,-1,1251,1252,1253,-1,1253,1252,1254,-1,1253,1254,1255,-1,1255,1254,1256,-1,1256,1254,1257,-1,1257,1254,1258,-1,1257,1258,1259,-1,1259,1258,1260,-1,1259,1260,1261,-1,1261,1260,1262,-1,1261,1262,1263,-1,1264,644,1265,-1,1265,644,646,-1,1265,646,1266,-1,1266,646,647,-1,1266,647,1267,-1,1267,647,649,-1,1267,649,1268,-1,1268,649,651,-1,1268,651,1269,-1,1269,651,653,-1,1269,653,1270,-1,1270,653,654,-1,1270,654,1271,-1,1271,654,656,-1,1271,656,1272,-1,1272,656,658,-1,1272,658,1273,-1,1273,658,659,-1,1273,659,1274,-1,1274,659,667,-1,1274,667,1275,-1,1275,667,666,-1,1275,666,1276,-1,1276,666,664,-1,1276,664,1277,-1,1277,664,663,-1,1277,663,1278,-1,1278,663,668,-1,1278,668,1279,-1,1279,668,670,-1,1279,670,1280,-1,1280,670,673,-1,1280,673,1281,-1,1281,673,675,-1,1281,675,1282,-1,1282,675,677,-1,1282,677,1283,-1,1283,677,679,-1,1283,679,1284,-1,1284,679,681,-1,1284,681,1285,-1,1285,681,682,-1,1285,682,1286,-1,1286,682,684,-1,1286,684,1287,-1,1287,684,686,-1,1287,686,1288,-1,1288,686,688,-1,1288,688,1289,-1,1289,688,690,-1,1289,690,1290,-1,1290,690,693,-1,1290,693,1291,-1,1291,693,695,-1,1291,695,1292,-1,1292,695,697,-1,1292,697,1293,-1,1293,697,698,-1,1293,698,1294,-1,1294,698,700,-1,1294,700,1295,-1,1295,700,702,-1,1295,702,1296,-1,1296,702,705,-1,1296,705,1297,-1,1297,705,707,-1,1297,707,1298,-1,1298,707,709,-1,1298,709,1299,-1,1299,709,711,-1,1299,711,1300,-1,1300,711,714,-1,1300,714,1301,-1,1301,714,716,-1,1301,716,1302,-1,1302,716,718,-1,1302,718,1303,-1,1303,718,723,-1,1303,723,1304,-1,1304,723,725,-1,1304,725,1305,-1,1305,725,722,-1,1305,722,1306,-1,1306,722,720,-1,1306,720,1307,-1,1307,720,744,-1,1307,744,1308,-1,1308,744,743,-1,1308,743,1309,-1,1309,743,741,-1,1309,741,1310,-1,1310,741,739,-1,1310,739,1311,-1,1311,739,737,-1,1311,737,1312,-1,1312,737,735,-1,1312,735,1313,-1,1313,735,733,-1,1313,733,1314,-1,1314,733,731,-1,1314,731,1315,-1,1315,731,729,-1,1315,729,1316,-1,1316,729,728,-1,1316,728,1317,-1,1317,728,643,-1,1317,643,1318,-1,1318,643,760,-1,1318,760,1319,-1,1319,760,759,-1,1319,759,1320,-1,1320,759,757,-1,1320,757,1321,-1,1321,757,755,-1,1321,755,1322,-1,1322,755,753,-1,1322,753,1323,-1,1323,753,751,-1,1323,751,1324,-1,1324,751,749,-1,1324,749,1325,-1,1325,749,747,-1,1325,747,1326,-1,1326,747,746,-1,1326,746,1327,-1,1327,746,763,-1,1327,763,1328,-1,1328,763,765,-1,1328,765,1329,-1,1329,765,767,-1,1329,767,1330,-1,1330,767,769,-1,1330,769,1331,-1,1331,769,770,-1,1331,770,1332,-1,1332,770,771,-1,1332,771,1333,-1,1333,771,773,-1,1333,773,1334,-1,1334,773,775,-1,1334,775,1335,-1,1335,775,777,-1,783,1336,831,-1,831,1336,1337,-1,831,1337,832,-1,832,1337,1338,-1,832,1338,834,-1,834,1338,1339,-1,834,1339,835,-1,835,1339,1340,-1,835,1340,825,-1,825,1340,1341,-1,825,1341,827,-1,827,1341,1342,-1,827,1342,829,-1,829,1342,1343,-1,829,1343,830,-1,830,1343,1344,-1,830,1344,820,-1,820,1344,1345,-1,820,1345,822,-1,822,1345,1346,-1,822,1346,823,-1,823,1346,1347,-1,823,1347,815,-1,815,1347,1348,-1,815,1348,817,-1,817,1348,1349,-1,817,1349,818,-1,818,1349,1350,-1,818,1350,808,-1,808,1350,1351,-1,808,1351,810,-1,810,1351,1352,-1,810,1352,812,-1,812,1352,1353,-1,812,1353,813,-1,813,1353,1354,-1,813,1354,793,-1,793,1354,1355,-1,793,1355,795,-1,795,1355,1356,-1,795,1356,796,-1,796,1356,1357,-1,796,1357,786,-1,786,1357,1358,-1,786,1358,788,-1,788,1358,1359,-1,788,1359,790,-1,790,1359,1360,-1,790,1360,797,-1,797,1360,1361,-1,797,1361,798,-1,798,1361,1362,-1,798,1362,800,-1,800,1362,1363,-1,800,1363,802,-1,802,1363,1364,-1,802,1364,803,-1,803,1364,1365,-1,803,1365,805,-1,805,1365,1366,-1,805,1366,806,-1,806,1366,1367,-1,806,1367,779,-1,779,1367,1368,-1,779,1368,781,-1,781,1368,1369,-1,781,1369,783,-1,783,1369,1336,-1,1025,1024,1370,-1,1371,1372,1030,-1,1030,1372,1373,-1,1030,1373,1024,-1,1024,1373,1374,-1,1024,1374,1370,-1,1025,1370,1027,-1,1027,1370,1375,-1,1027,1375,1037,-1,1375,1376,1037,-1,1037,1376,1377,-1,1037,1377,1038,-1,1038,1377,1378,-1,1038,1378,1040,-1,1040,1378,1041,-1,1378,1379,1041,-1,1041,1379,1380,-1,1041,1380,1042,-1,1042,1380,1381,-1,1042,1381,1043,-1,1043,1381,1382,-1,1043,1382,1045,-1,1045,1382,1383,-1,1045,1383,1046,-1,1046,1383,1384,-1,1046,1384,1032,-1,1032,1384,1033,-1,1384,1385,1033,-1,1033,1385,1386,-1,1033,1386,1035,-1,1035,1386,1387,-1,1035,1387,1036,-1,1036,1387,1388,-1,1036,1388,1110,-1,1110,1388,1111,-1,1388,1389,1111,-1,1111,1389,1390,-1,1111,1390,1112,-1,1112,1390,1391,-1,1112,1391,1113,-1,1113,1391,1392,-1,1113,1392,917,-1,917,1392,1393,-1,917,1393,918,-1,918,1393,1394,-1,918,1394,920,-1,920,1394,1395,-1,920,1395,921,-1,921,1395,1396,-1,921,1396,926,-1,926,1396,1397,-1,926,1397,927,-1,927,1397,1398,-1,927,1398,929,-1,929,1398,1399,-1,923,922,1400,-1,1400,922,1401,-1,1400,1401,1402,-1,922,930,1401,-1,1401,930,929,-1,1401,929,1402,-1,1402,929,1399,-1,1400,1403,923,-1,923,1403,1404,-1,923,1404,925,-1,925,1404,1405,-1,925,1405,944,-1,944,1405,1406,-1,944,1406,945,-1,945,1406,947,-1,947,1406,1407,-1,947,1407,934,-1,934,1407,1408,-1,934,1408,933,-1,1408,1409,933,-1,933,1409,1410,-1,933,1410,931,-1,931,1410,1411,-1,931,1411,935,-1,935,1411,1412,-1,935,1412,937,-1,937,1412,1413,-1,937,1413,938,-1,938,1413,1414,-1,938,1414,939,-1,939,1414,1415,-1,939,1415,940,-1,940,1415,1416,-1,940,1416,942,-1,942,1416,943,-1,943,1416,1417,-1,943,1417,872,-1,1417,1418,872,-1,872,1418,1419,-1,872,1419,873,-1,873,1419,1420,-1,873,1420,875,-1,1420,1421,875,-1,875,1421,1422,-1,875,1422,880,-1,880,1422,1423,-1,1422,1424,1423,-1,1423,1424,1425,-1,1423,1425,1426,-1,1426,1425,1427,-1,1426,1427,1428,-1,1427,1429,1428,-1,1428,1429,1430,-1,1428,1430,1431,-1,1431,1430,1432,-1,1431,1432,1433,-1,1433,1432,1434,-1,1433,1434,1435,-1,1435,1434,1436,-1,1435,1436,1437,-1,1030,1029,1371,-1,1371,1029,1028,-1,1371,1028,1438,-1,1438,1028,882,-1,1438,882,1439,-1,1439,882,881,-1,1439,881,1440,-1,1440,881,1441,-1,1440,1441,1442,-1,1442,1441,1443,-1,1442,1443,1444,-1,1444,1443,1445,-1,1444,1445,1446,-1,1446,1445,1447,-1,1447,1445,1448,-1,1448,1445,1449,-1,1448,1449,1450,-1,1450,1449,1451,-1,1450,1451,1452,-1,1452,1451,1453,-1,1452,1453,1454,-1,1138,1139,1455,-1,1155,1154,1456,-1,1457,1150,1149,-1,1457,1149,1458,-1,1458,1149,1157,-1,1458,1157,1456,-1,1456,1157,1156,-1,1456,1156,1155,-1,1150,1457,1151,-1,1151,1457,1459,-1,1151,1459,1152,-1,1152,1459,1460,-1,1152,1460,1153,-1,1153,1460,1461,-1,1153,1461,1148,-1,1148,1461,1462,-1,1148,1462,1147,-1,1147,1462,1463,-1,1147,1463,1146,-1,1146,1463,1464,-1,1146,1464,1145,-1,1145,1464,1465,-1,1145,1465,1142,-1,1465,1466,1142,-1,1142,1466,1467,-1,1142,1467,1143,-1,1143,1467,1468,-1,1143,1468,1144,-1,1140,1469,1139,-1,1139,1469,1470,-1,1139,1470,1455,-1,1144,1468,1141,-1,1141,1468,1471,-1,1141,1471,1140,-1,1140,1471,1472,-1,1140,1472,1469,-1,1138,1455,1132,-1,1132,1455,1473,-1,1132,1473,1131,-1,1131,1473,1474,-1,1131,1474,1130,-1,1130,1474,1475,-1,1130,1475,1129,-1,1129,1475,1476,-1,1129,1476,1137,-1,1137,1476,1477,-1,1137,1477,1136,-1,1136,1477,1478,-1,1136,1478,1135,-1,1135,1478,1479,-1,1135,1479,1134,-1,1134,1479,1480,-1,1134,1480,1133,-1,1133,1480,1481,-1,1133,1481,1127,-1,1127,1481,1482,-1,1127,1482,1128,-1,1128,1482,1483,-1,1128,1483,1126,-1,1483,1484,1126,-1,1126,1484,1485,-1,1126,1485,1125,-1,1125,1485,1486,-1,1125,1486,1124,-1,1124,1486,1487,-1,1124,1487,1123,-1,1123,1487,1488,-1,1123,1488,1122,-1,1122,1488,1121,-1,1488,1489,1121,-1,1121,1489,1490,-1,1121,1490,1120,-1,1120,1490,1491,-1,1120,1491,1119,-1,1119,1491,1492,-1,1119,1492,1118,-1,1118,1492,1493,-1,1118,1493,1117,-1,1117,1493,1494,-1,1117,1494,1116,-1,1116,1494,1495,-1,1116,1495,1115,-1,1115,1495,1496,-1,1115,1496,1114,-1,1114,1496,274,-1,1114,274,273,-1,1263,1497,1261,-1,1261,1497,1498,-1,1261,1498,1259,-1,1259,1498,1499,-1,1259,1499,1257,-1,1257,1499,1500,-1,1257,1500,1256,-1,1256,1500,1501,-1,1256,1501,1255,-1,1502,1251,1503,-1,1503,1251,1253,-1,1255,1501,1253,-1,1253,1501,1504,-1,1253,1504,1503,-1,1505,1184,1506,-1,1506,1184,1183,-1,1506,1183,1507,-1,1507,1183,1182,-1,1507,1182,1508,-1,1508,1182,1181,-1,1508,1181,1509,-1,1509,1181,1180,-1,1509,1180,1502,-1,1502,1180,1249,-1,1502,1249,1251,-1,1510,1511,1191,-1,1191,1511,1192,-1,1192,1511,1512,-1,1192,1512,1513,-1,1191,1188,1510,-1,1510,1188,1189,-1,1510,1189,1514,-1,1514,1189,1190,-1,1514,1190,1515,-1,1515,1190,1187,-1,1515,1187,1516,-1,1516,1187,1186,-1,1516,1186,1505,-1,1505,1186,1185,-1,1505,1185,1184,-1,1517,1196,1518,-1,1518,1196,1195,-1,1518,1195,1519,-1,1519,1195,1194,-1,1519,1194,1513,-1,1513,1194,1193,-1,1513,1193,1192,-1,1520,1203,1521,-1,1521,1203,1202,-1,1521,1202,1522,-1,1522,1202,1201,-1,1522,1201,1523,-1,1523,1201,1200,-1,1523,1200,1524,-1,1524,1200,1199,-1,1524,1199,1525,-1,1525,1199,1198,-1,1525,1198,1517,-1,1517,1198,1197,-1,1517,1197,1196,-1,1526,1208,1527,-1,1527,1208,1207,-1,1527,1207,1528,-1,1528,1207,1206,-1,1528,1206,1529,-1,1529,1206,1205,-1,1529,1205,1520,-1,1520,1205,1204,-1,1520,1204,1203,-1,1216,1215,1530,-1,1530,1215,1214,-1,1530,1214,1531,-1,1531,1214,1213,-1,1531,1213,1532,-1,1532,1213,1212,-1,1532,1212,1533,-1,1533,1212,1211,-1,1533,1211,1534,-1,1534,1211,1210,-1,1534,1210,1526,-1,1526,1210,1209,-1,1526,1209,1208,-1,1530,1535,1216,-1,1216,1535,1536,-1,1216,1536,1217,-1,1217,1536,1537,-1,1217,1537,1218,-1,1218,1537,1219,-1,1219,1537,1538,-1,1219,1538,1220,-1,1220,1538,1539,-1,1220,1539,1221,-1,1221,1539,1540,-1,1221,1540,1222,-1,1222,1540,1541,-1,1222,1541,1223,-1,1223,1541,1542,-1,1223,1542,1224,-1,1224,1542,1225,-1,1225,1542,1543,-1,1225,1543,1226,-1,1226,1543,1162,-1,1226,1162,1227,-1,1227,1162,1164,-1,1227,1164,1228,-1,1228,1164,1229,-1,1229,1164,1166,-1,1229,1166,1230,-1,1230,1166,1168,-1,1230,1168,1231,-1,1231,1168,1170,-1,1231,1170,1232,-1,1232,1170,1233,-1,1233,1170,1171,-1,1233,1171,1235,-1,1235,1171,1159,-1,1235,1159,1236,-1,1236,1159,1158,-1,1236,1158,1238,-1,1238,1158,1172,-1,1238,1172,1240,-1,1240,1172,1241,-1,1241,1172,1174,-1,1241,1174,1243,-1,1243,1174,1175,-1,1243,1175,1245,-1,1245,1175,1177,-1,1245,1177,1247,-1,1247,1177,1179,-1,1247,1179,1248,-1,1544,1275,1545,-1,1545,1275,1276,-1,1545,1276,1546,-1,1546,1276,1277,-1,1546,1277,1547,-1,1547,1277,1278,-1,1547,1278,1548,-1,1548,1278,1279,-1,1548,1279,1549,-1,1549,1279,1280,-1,1549,1280,1550,-1,1550,1280,1281,-1,1550,1281,1551,-1,1551,1281,1282,-1,1551,1282,1552,-1,1552,1282,1283,-1,1552,1283,1553,-1,1553,1283,1284,-1,1553,1284,1554,-1,1554,1284,1285,-1,1554,1285,1555,-1,1555,1285,1286,-1,1555,1286,1556,-1,1556,1286,1287,-1,1556,1287,1557,-1,1557,1287,1288,-1,1557,1288,1558,-1,1558,1288,1289,-1,1558,1289,1559,-1,1559,1289,1290,-1,1559,1290,1560,-1,1560,1290,1291,-1,1560,1291,1561,-1,1291,1292,1561,-1,1561,1292,1293,-1,1561,1293,1562,-1,1562,1293,1294,-1,1562,1294,1563,-1,1563,1294,1564,-1,1564,1294,1295,-1,1564,1295,1565,-1,1565,1295,1296,-1,1565,1296,1566,-1,1296,1297,1566,-1,1566,1297,1298,-1,1566,1298,1567,-1,1567,1298,1299,-1,1567,1299,1568,-1,1568,1299,1569,-1,1299,1300,1569,-1,1569,1300,1301,-1,1569,1301,1570,-1,1570,1301,1302,-1,1570,1302,1571,-1,1571,1302,1303,-1,1571,1303,1572,-1,1572,1303,1573,-1,1303,1304,1573,-1,1573,1304,1305,-1,1573,1305,1574,-1,1574,1305,1575,-1,1575,1305,1306,-1,1575,1306,1576,-1,1306,1307,1576,-1,1576,1307,1308,-1,1576,1308,1577,-1,1577,1308,1309,-1,1577,1309,1578,-1,1578,1309,1310,-1,1578,1310,1579,-1,1579,1310,1311,-1,1579,1311,1580,-1,1580,1311,1581,-1,1581,1311,1312,-1,1581,1312,1582,-1,1312,1313,1582,-1,1582,1313,1314,-1,1582,1314,1583,-1,1583,1314,1315,-1,1583,1315,1584,-1,1584,1315,1316,-1,1584,1316,1585,-1,1585,1316,1317,-1,1585,1317,1586,-1,1586,1317,1318,-1,1586,1318,1587,-1,1587,1318,1319,-1,1587,1319,1588,-1,1588,1319,1320,-1,1321,1589,1320,-1,1320,1589,1590,-1,1320,1590,1588,-1,1321,1322,1589,-1,1589,1322,1323,-1,1589,1323,1591,-1,1591,1323,1324,-1,1591,1324,1592,-1,1592,1324,1325,-1,1592,1325,1593,-1,1593,1325,1326,-1,1593,1326,1594,-1,1594,1326,1595,-1,1326,1327,1595,-1,1595,1327,1328,-1,1595,1328,1596,-1,1596,1328,1329,-1,1596,1329,1597,-1,1329,1330,1597,-1,1597,1330,1331,-1,1597,1331,1598,-1,1598,1331,1332,-1,1598,1332,1599,-1,1599,1332,1333,-1,1599,1333,1600,-1,1600,1333,1334,-1,1600,1334,1335,-1,1268,1269,1601,-1,1601,1269,1270,-1,1601,1270,1602,-1,1602,1270,1271,-1,1602,1271,1603,-1,1603,1271,1272,-1,1603,1272,1604,-1,1604,1272,1273,-1,1604,1273,1544,-1,1544,1273,1274,-1,1544,1274,1275,-1,1268,1601,1267,-1,1267,1601,1605,-1,1267,1605,1266,-1,1266,1605,1606,-1,1266,1606,1265,-1,1265,1606,1607,-1,1265,1607,1264,-1,1608,1357,1609,-1,1609,1357,1356,-1,1609,1356,1610,-1,1610,1356,1355,-1,1610,1355,1611,-1,1611,1355,1354,-1,1611,1354,1612,-1,1612,1354,1353,-1,1612,1353,1613,-1,1613,1353,1352,-1,1613,1352,1614,-1,1614,1352,1351,-1,1614,1351,1615,-1,1616,1366,1617,-1,1617,1366,1365,-1,1617,1365,1618,-1,1618,1365,1364,-1,1618,1364,1619,-1,1619,1364,1363,-1,1619,1363,1620,-1,1620,1363,1362,-1,1620,1362,1621,-1,1621,1362,1361,-1,1621,1361,1622,-1,1622,1361,1360,-1,1622,1360,1623,-1,1623,1360,1359,-1,1623,1359,1608,-1,1608,1359,1358,-1,1608,1358,1357,-1,1624,1340,1625,-1,1625,1340,1339,-1,1625,1339,1626,-1,1626,1339,1338,-1,1626,1338,1627,-1,1627,1338,1337,-1,1627,1337,1628,-1,1628,1337,1336,-1,1628,1336,1629,-1,1629,1336,1369,-1,1629,1369,1630,-1,1630,1369,1368,-1,1630,1368,1616,-1,1616,1368,1367,-1,1616,1367,1366,-1,1351,1350,1615,-1,1615,1350,1349,-1,1615,1349,1631,-1,1631,1349,1348,-1,1631,1348,1632,-1,1632,1348,1347,-1,1632,1347,1633,-1,1633,1347,1346,-1,1633,1346,1634,-1,1634,1346,1345,-1,1634,1345,1635,-1,1635,1345,1344,-1,1635,1344,1636,-1,1636,1344,1343,-1,1636,1343,1637,-1,1637,1343,1342,-1,1637,1342,1624,-1,1624,1342,1341,-1,1624,1341,1340,-1,1454,1638,1452,-1,1452,1638,1639,-1,1452,1639,1450,-1,1450,1639,1640,-1,1450,1640,1448,-1,1448,1640,1641,-1,1448,1641,1447,-1,1447,1641,1642,-1,1447,1642,1446,-1,1446,1642,1643,-1,1446,1643,1444,-1,1444,1643,1644,-1,1444,1644,1442,-1,1442,1644,1645,-1,1442,1645,1440,-1,1440,1645,1646,-1,1440,1646,1439,-1,1439,1646,1647,-1,1439,1647,1438,-1,1438,1647,1648,-1,1438,1648,1371,-1,1371,1648,1649,-1,1371,1649,1372,-1,1372,1649,1650,-1,1372,1650,1373,-1,1373,1650,1651,-1,1373,1651,1374,-1,1374,1651,1652,-1,1374,1652,1370,-1,1370,1652,1653,-1,1370,1653,1375,-1,1375,1653,1654,-1,1375,1654,1376,-1,1376,1654,1655,-1,1376,1655,1377,-1,1377,1655,1656,-1,1377,1656,1378,-1,1378,1656,1657,-1,1378,1657,1379,-1,1379,1657,1658,-1,1379,1658,1380,-1,1380,1658,1659,-1,1380,1659,1381,-1,1381,1659,1660,-1,1381,1660,1382,-1,1382,1660,1661,-1,1382,1661,1383,-1,1383,1661,1662,-1,1383,1662,1384,-1,1384,1662,1663,-1,1384,1663,1385,-1,1385,1663,1664,-1,1385,1664,1386,-1,1386,1664,1665,-1,1386,1665,1387,-1,1387,1665,1666,-1,1387,1666,1388,-1,1388,1666,1667,-1,1388,1667,1389,-1,1389,1667,1668,-1,1389,1668,1390,-1,1390,1668,1669,-1,1390,1669,1391,-1,1391,1669,1670,-1,1391,1670,1392,-1,1392,1670,1671,-1,1392,1671,1393,-1,1393,1671,1672,-1,1393,1672,1394,-1,1394,1672,1673,-1,1394,1673,1395,-1,1395,1673,1674,-1,1395,1674,1396,-1,1396,1674,1675,-1,1396,1675,1397,-1,1397,1675,1676,-1,1397,1676,1398,-1,1398,1676,1677,-1,1398,1677,1399,-1,1399,1677,1678,-1,1399,1678,1402,-1,1402,1678,1679,-1,1402,1679,1400,-1,1400,1679,1680,-1,1400,1680,1403,-1,1403,1680,1681,-1,1403,1681,1404,-1,1404,1681,1682,-1,1404,1682,1405,-1,1405,1682,1683,-1,1405,1683,1406,-1,1406,1683,1684,-1,1406,1684,1407,-1,1407,1684,1685,-1,1407,1685,1408,-1,1408,1685,1686,-1,1408,1686,1409,-1,1409,1686,1687,-1,1409,1687,1410,-1,1410,1687,1688,-1,1410,1688,1411,-1,1411,1688,1689,-1,1411,1689,1412,-1,1412,1689,1690,-1,1412,1690,1413,-1,1413,1690,1691,-1,1413,1691,1414,-1,1414,1691,1692,-1,1414,1692,1415,-1,1415,1692,1693,-1,1415,1693,1416,-1,1416,1693,1694,-1,1416,1694,1417,-1,1417,1694,1695,-1,1417,1695,1418,-1,1418,1695,1696,-1,1418,1696,1419,-1,1419,1696,1697,-1,1419,1697,1420,-1,1420,1697,1698,-1,1420,1698,1421,-1,1421,1698,1699,-1,1421,1699,1422,-1,1422,1699,1700,-1,1422,1700,1424,-1,1424,1700,1701,-1,1424,1701,1425,-1,1425,1701,1702,-1,1425,1702,1427,-1,1427,1702,1703,-1,1427,1703,1429,-1,1429,1703,1704,-1,1429,1704,1430,-1,1430,1704,1705,-1,1430,1705,1432,-1,1432,1705,1706,-1,1432,1706,1434,-1,1434,1706,1707,-1,1434,1707,1436,-1,1436,1707,1708,-1,1436,1708,1437,-1,1437,1708,1709,-1,1710,1711,1712,-1,1477,1476,1713,-1,1455,1470,1714,-1,1469,1472,1715,-1,1471,1468,1716,-1,1717,1718,1719,-1,1720,1721,1722,-1,1723,1724,1725,-1,1726,1727,1728,-1,1728,1727,1729,-1,1463,1462,1730,-1,1461,1460,1731,-1,1732,1733,1734,-1,1735,1736,1737,-1,1738,1739,1740,-1,1741,1742,1743,-1,1743,1742,1744,-1,1745,1746,1747,-1,1746,1745,1748,-1,1748,1745,1749,-1,1748,1749,1750,-1,1750,1749,1751,-1,1751,1749,1752,-1,1751,1752,1753,-1,1753,1752,1754,-1,1753,1754,1755,-1,1755,1754,1756,-1,1756,1754,1757,-1,1756,1757,1758,-1,1758,1757,1759,-1,1758,1759,1760,-1,1760,1759,1761,-1,1761,1759,1762,-1,1761,1762,1763,-1,1763,1762,1730,-1,1763,1730,1731,-1,1731,1730,1462,-1,1731,1462,1461,-1,1479,1764,1480,-1,1480,1764,1765,-1,1480,1765,1481,-1,1481,1765,1482,-1,1482,1765,1766,-1,1482,1766,1483,-1,1767,1485,1766,-1,1766,1485,1484,-1,1766,1484,1483,-1,1489,1488,1768,-1,1768,1488,1487,-1,1768,1487,1767,-1,1767,1487,1486,-1,1767,1486,1485,-1,1489,1768,1490,-1,1490,1768,1769,-1,1490,1769,1491,-1,1491,1769,1492,-1,1492,1769,1770,-1,1492,1770,1493,-1,1493,1770,1494,-1,1494,1770,1771,-1,1494,1771,1495,-1,1772,274,1496,-1,1495,1771,1496,-1,1496,1771,1773,-1,1496,1773,1772,-1,1774,1775,1776,-1,1774,1776,1777,-1,1775,1773,1776,-1,1776,1773,1771,-1,1776,1771,1778,-1,1778,1771,1770,-1,1778,1770,1779,-1,1779,1770,1769,-1,1779,1769,1780,-1,1780,1769,1768,-1,1780,1768,1781,-1,1781,1768,1767,-1,1781,1767,1782,-1,1782,1767,1766,-1,1782,1766,1783,-1,1783,1766,1765,-1,1783,1765,1784,-1,1784,1765,1764,-1,1785,1786,1787,-1,1787,1786,1788,-1,1787,1788,1789,-1,1789,1788,1790,-1,1789,1790,1791,-1,1791,1790,1792,-1,1791,1792,1793,-1,1793,1792,1794,-1,1793,1794,1795,-1,1795,1794,1796,-1,1795,1796,1797,-1,1797,1796,1798,-1,1797,1798,1799,-1,1799,1798,1800,-1,1799,1801,1797,-1,1797,1801,1802,-1,1797,1802,1795,-1,1795,1802,1803,-1,1795,1803,1793,-1,1793,1803,1804,-1,1793,1804,1791,-1,1791,1804,1805,-1,1791,1805,1789,-1,1789,1805,1806,-1,1789,1806,1787,-1,1787,1806,1807,-1,1787,1807,1785,-1,1785,1807,1808,-1,1809,1785,1810,-1,1810,1785,1808,-1,1810,1808,1811,-1,1812,1808,1813,-1,1813,1808,1807,-1,1813,1807,1814,-1,1814,1807,1806,-1,1814,1806,1815,-1,1815,1806,1805,-1,1815,1805,1816,-1,1816,1805,1804,-1,1816,1804,1817,-1,1817,1804,1803,-1,1817,1803,1818,-1,1818,1803,1802,-1,1818,1802,1819,-1,1819,1802,1801,-1,1819,1820,1818,-1,1818,1820,1821,-1,1818,1821,1817,-1,1817,1821,1822,-1,1817,1822,1816,-1,1816,1822,1823,-1,1816,1823,1815,-1,1815,1823,1824,-1,1815,1824,1814,-1,1814,1824,1825,-1,1814,1825,1813,-1,1813,1825,1826,-1,1813,1826,1812,-1,1826,1728,1812,-1,1812,1728,1729,-1,1812,1729,1808,-1,1808,1729,1827,-1,1808,1827,1811,-1,1784,1800,1783,-1,1783,1800,1798,-1,1783,1798,1782,-1,1782,1798,1796,-1,1782,1796,1781,-1,1781,1796,1794,-1,1781,1794,1780,-1,1780,1794,1792,-1,1780,1792,1779,-1,1779,1792,1790,-1,1779,1790,1778,-1,1778,1790,1788,-1,1778,1788,1776,-1,1776,1788,1786,-1,1776,1786,1777,-1,1777,1786,1785,-1,1777,1785,1828,-1,1828,1785,1809,-1,1829,1830,1831,-1,1831,1830,1832,-1,1831,1832,1833,-1,1834,1835,1836,-1,1836,1835,1837,-1,1832,1838,1833,-1,1833,1838,1839,-1,1833,1839,1836,-1,1836,1839,1840,-1,1836,1840,1834,-1,1841,1842,1843,-1,1843,1842,1844,-1,1845,1846,1847,-1,1712,1848,1849,-1,1850,1851,1852,-1,1852,1851,1853,-1,1843,1854,1841,-1,1841,1854,1855,-1,1841,1855,1848,-1,1848,1855,1856,-1,1848,1856,1849,-1,1857,1858,1859,-1,1859,1858,1860,-1,1835,1861,1837,-1,1837,1861,1862,-1,1837,1862,1842,-1,1842,1862,1863,-1,1842,1863,1844,-1,1864,1865,1866,-1,1866,1865,1867,-1,1866,1867,1868,-1,1736,1864,1737,-1,1737,1864,1866,-1,1737,1866,1869,-1,1869,1866,1870,-1,1869,1870,1871,-1,1871,1870,1872,-1,1871,1872,1873,-1,1873,1872,1874,-1,1873,1874,1875,-1,1875,1874,1876,-1,1875,1876,1877,-1,1877,1876,1878,-1,1877,1878,1879,-1,1879,1878,1880,-1,1879,1880,1881,-1,1881,1880,1882,-1,1881,1882,1883,-1,1883,1882,1884,-1,1883,1884,1885,-1,1885,1884,1886,-1,1885,1886,1887,-1,1887,1886,1888,-1,1887,1888,1889,-1,1889,1888,1890,-1,1889,1890,1891,-1,1891,1890,1892,-1,1891,1892,1893,-1,1893,1892,1894,-1,1893,1894,1895,-1,1895,1894,1896,-1,1895,1896,1897,-1,1868,1723,1866,-1,1866,1723,1725,-1,1866,1725,1870,-1,1870,1725,1898,-1,1870,1898,1872,-1,1872,1898,1899,-1,1872,1899,1874,-1,1874,1899,1900,-1,1874,1900,1876,-1,1876,1900,1901,-1,1876,1901,1878,-1,1878,1901,1902,-1,1878,1902,1880,-1,1880,1902,1903,-1,1880,1903,1882,-1,1882,1903,1904,-1,1882,1904,1884,-1,1884,1904,1905,-1,1884,1905,1886,-1,1886,1905,1906,-1,1886,1906,1888,-1,1888,1906,1907,-1,1888,1907,1890,-1,1890,1907,1908,-1,1890,1908,1892,-1,1892,1908,1909,-1,1892,1909,1894,-1,1894,1909,1910,-1,1894,1910,1896,-1,1911,1912,1913,-1,1718,1911,1719,-1,1719,1911,1913,-1,1719,1913,1914,-1,1914,1913,1915,-1,1914,1915,1916,-1,1916,1915,1917,-1,1916,1917,1918,-1,1918,1917,1919,-1,1918,1919,1920,-1,1920,1919,1921,-1,1920,1921,1922,-1,1922,1921,1923,-1,1922,1923,1924,-1,1924,1923,1925,-1,1924,1925,1926,-1,1926,1925,1927,-1,1926,1927,1928,-1,1928,1927,1929,-1,1928,1929,1930,-1,1930,1929,1931,-1,1930,1931,1932,-1,1932,1931,1859,-1,1932,1859,1933,-1,1933,1859,1860,-1,1933,1860,1934,-1,1722,1935,1936,-1,1936,1935,1937,-1,1936,1937,1938,-1,1938,1937,1939,-1,1938,1939,1940,-1,1940,1939,1941,-1,1940,1941,1942,-1,1942,1941,1943,-1,1942,1943,1944,-1,1944,1943,1945,-1,1944,1945,1946,-1,1946,1945,1947,-1,1946,1947,1948,-1,1948,1947,1949,-1,1948,1949,1950,-1,1950,1949,1852,-1,1950,1852,1845,-1,1845,1852,1853,-1,1845,1853,1846,-1,1912,1720,1913,-1,1913,1720,1722,-1,1913,1722,1915,-1,1915,1722,1936,-1,1915,1936,1917,-1,1917,1936,1938,-1,1917,1938,1919,-1,1919,1938,1940,-1,1919,1940,1921,-1,1921,1940,1942,-1,1921,1942,1923,-1,1923,1942,1944,-1,1923,1944,1925,-1,1925,1944,1946,-1,1925,1946,1927,-1,1927,1946,1948,-1,1927,1948,1929,-1,1929,1948,1950,-1,1929,1950,1931,-1,1931,1950,1845,-1,1931,1845,1859,-1,1859,1845,1847,-1,1859,1847,1857,-1,1724,1717,1725,-1,1725,1717,1719,-1,1725,1719,1898,-1,1898,1719,1914,-1,1898,1914,1899,-1,1899,1914,1916,-1,1899,1916,1900,-1,1900,1916,1918,-1,1900,1918,1901,-1,1901,1918,1920,-1,1901,1920,1902,-1,1902,1920,1922,-1,1902,1922,1903,-1,1903,1922,1924,-1,1903,1924,1904,-1,1904,1924,1926,-1,1904,1926,1905,-1,1905,1926,1928,-1,1905,1928,1906,-1,1906,1928,1930,-1,1906,1930,1907,-1,1907,1930,1932,-1,1907,1932,1908,-1,1908,1932,1933,-1,1908,1933,1909,-1,1909,1933,1934,-1,1909,1934,1910,-1,1467,1466,1951,-1,1951,1466,1465,-1,1951,1465,1464,-1,1468,1467,1716,-1,1716,1467,1951,-1,1716,1951,1952,-1,1952,1951,1953,-1,1952,1953,1954,-1,1954,1953,1955,-1,1954,1955,1956,-1,1956,1955,1957,-1,1956,1957,1958,-1,1958,1957,1959,-1,1958,1959,1960,-1,1960,1959,1961,-1,1960,1961,1962,-1,1962,1961,1963,-1,1962,1963,1964,-1,1964,1963,1965,-1,1964,1965,1966,-1,1966,1965,1967,-1,1966,1967,1734,-1,1464,1463,1951,-1,1951,1463,1730,-1,1951,1730,1953,-1,1953,1730,1762,-1,1953,1762,1955,-1,1955,1762,1759,-1,1955,1759,1957,-1,1957,1759,1757,-1,1957,1757,1959,-1,1959,1757,1754,-1,1959,1754,1961,-1,1961,1754,1752,-1,1961,1752,1963,-1,1963,1752,1749,-1,1963,1749,1965,-1,1965,1749,1745,-1,1965,1745,1967,-1,1967,1745,1747,-1,1967,1747,1734,-1,1734,1747,1968,-1,1734,1968,1732,-1,1455,1714,1473,-1,1475,1474,1969,-1,1477,1713,1478,-1,1470,1469,1714,-1,1714,1469,1715,-1,1714,1715,1970,-1,1970,1715,1971,-1,1970,1971,1972,-1,1972,1971,1973,-1,1972,1973,1974,-1,1974,1973,1975,-1,1974,1975,1976,-1,1976,1975,1977,-1,1976,1977,1978,-1,1978,1977,1979,-1,1978,1979,1980,-1,1980,1979,1981,-1,1980,1981,1982,-1,1982,1981,1983,-1,1982,1983,1984,-1,1984,1983,1985,-1,1984,1985,1986,-1,1986,1985,1987,-1,1986,1987,1988,-1,1988,1987,1743,-1,1988,1743,1989,-1,1989,1743,1744,-1,1989,1744,1990,-1,1476,1475,1713,-1,1713,1475,1969,-1,1713,1969,1991,-1,1991,1969,1992,-1,1991,1992,1993,-1,1993,1992,1994,-1,1993,1994,1995,-1,1995,1994,1996,-1,1995,1996,1997,-1,1997,1996,1998,-1,1997,1998,1999,-1,1999,1998,2000,-1,1999,2000,2001,-1,2001,2000,2002,-1,2001,2002,2003,-1,2003,2002,2004,-1,2003,2004,2005,-1,2005,2004,2006,-1,2005,2006,2007,-1,2007,2006,2008,-1,2007,2008,2009,-1,2009,2008,2010,-1,2009,2010,2011,-1,2011,2010,2012,-1,2011,2012,2013,-1,2013,2012,2014,-1,2013,2014,1738,-1,1474,1473,1969,-1,1969,1473,1714,-1,1969,1714,1992,-1,1992,1714,1970,-1,1992,1970,1994,-1,1994,1970,1972,-1,1994,1972,1996,-1,1996,1972,1974,-1,1996,1974,1998,-1,1998,1974,1976,-1,1998,1976,2000,-1,2000,1976,1978,-1,2000,1978,2002,-1,2002,1978,1980,-1,2002,1980,2004,-1,2004,1980,1982,-1,2004,1982,2006,-1,2006,1982,1984,-1,2006,1984,2008,-1,2008,1984,1986,-1,2008,1986,2010,-1,2010,1986,1988,-1,2010,1988,2012,-1,2012,1988,1989,-1,2012,1989,2014,-1,2014,1989,1990,-1,2014,1990,1738,-1,1738,1990,2015,-1,1738,2015,1739,-1,1472,1471,1715,-1,1715,1471,1716,-1,1715,1716,1971,-1,1971,1716,1952,-1,1971,1952,1973,-1,1973,1952,1954,-1,1973,1954,1975,-1,1975,1954,1956,-1,1975,1956,1977,-1,1977,1956,1958,-1,1977,1958,1979,-1,1979,1958,1960,-1,1979,1960,1981,-1,1981,1960,1962,-1,1981,1962,1983,-1,1983,1962,1964,-1,1983,1964,1985,-1,1985,1964,1966,-1,1985,1966,1987,-1,1987,1966,1734,-1,1987,1734,1743,-1,1743,1734,1733,-1,1743,1733,1741,-1,1710,1712,2016,-1,2017,2016,2018,-1,2018,2016,1712,-1,2018,1712,2019,-1,2019,1712,1849,-1,1897,1726,1895,-1,1895,1726,1728,-1,1895,1728,1893,-1,1893,1728,1826,-1,1893,1826,1891,-1,1891,1826,1825,-1,1891,1825,1889,-1,1889,1825,1824,-1,1889,1824,1887,-1,1887,1824,1823,-1,1887,1823,1885,-1,1885,1823,1822,-1,1885,1822,1883,-1,1883,1822,1821,-1,1883,1821,1881,-1,1881,1821,1820,-1,1721,2020,1722,-1,1722,2020,2021,-1,1722,2021,1935,-1,1935,2021,2022,-1,1935,2022,2023,-1,2023,1829,1935,-1,1935,1829,1831,-1,1935,1831,1937,-1,1937,1831,1833,-1,1937,1833,1939,-1,1939,1833,1836,-1,1939,1836,1941,-1,1941,1836,1837,-1,1941,1837,1943,-1,1943,1837,1842,-1,1943,1842,1945,-1,1945,1842,1841,-1,1945,1841,1947,-1,1947,1841,1848,-1,1947,1848,1949,-1,1949,1848,1712,-1,1949,1712,1852,-1,1852,1712,1711,-1,1852,1711,1850,-1,1479,1478,1764,-1,1764,1478,1713,-1,1764,1713,1784,-1,1784,1713,1991,-1,1784,1991,1800,-1,1800,1991,1993,-1,1800,1993,1799,-1,1799,1993,1995,-1,1799,1995,1801,-1,1801,1995,1997,-1,1801,1997,1819,-1,1819,1997,1999,-1,1819,1999,1820,-1,1820,1999,2001,-1,1820,2001,1881,-1,1881,2001,2003,-1,1881,2003,1879,-1,1879,2003,2005,-1,1879,2005,1877,-1,1877,2005,2007,-1,1877,2007,1875,-1,1875,2007,2009,-1,1875,2009,1873,-1,1873,2009,2011,-1,1873,2011,1871,-1,1871,2011,2013,-1,1871,2013,1869,-1,1869,2013,1738,-1,1869,1738,1737,-1,1737,1738,1740,-1,1737,1740,1735,-1,1735,1740,2024,-1,1735,2024,2025,-1,2026,2027,1775,-1,2028,2029,2030,-1,287,289,2029,-1,280,278,2031,-1,2031,278,276,-1,291,292,2032,-1,2032,292,285,-1,2032,285,282,-1,2029,2028,287,-1,287,2028,2033,-1,287,2033,299,-1,2034,2035,2030,-1,2030,2035,2036,-1,2030,2036,2028,-1,2030,2037,2034,-1,2034,2037,2038,-1,2034,2038,2039,-1,2040,2041,2042,-1,2042,2043,2040,-1,2040,2043,2044,-1,2040,2044,2038,-1,2038,2044,2045,-1,2038,2045,2039,-1,2046,2047,2041,-1,2041,2047,2048,-1,2041,2048,2042,-1,2041,2049,2046,-1,2046,2049,2050,-1,2046,2050,2051,-1,2051,2050,2052,-1,2052,2050,2053,-1,2052,2053,2054,-1,2054,2053,2055,-1,2055,2053,2056,-1,2055,2056,2057,-1,2057,2056,2058,-1,2057,2058,2059,-1,2059,2058,2060,-1,2060,2058,2061,-1,2060,2061,2062,-1,2062,2061,2063,-1,2062,2063,2064,-1,2065,2066,2067,-1,2067,2066,2068,-1,2064,2063,2069,-1,2069,2063,2070,-1,2069,2070,2071,-1,2071,2070,2067,-1,2071,2067,2072,-1,2072,2067,2068,-1,2072,2068,2073,-1,2074,2075,2076,-1,2076,2075,2077,-1,2076,2077,2078,-1,2078,2065,2076,-1,2076,2065,2067,-1,2076,2067,2079,-1,2079,2067,2070,-1,2079,2070,2080,-1,2080,2070,2063,-1,2080,2063,2081,-1,2081,2063,2061,-1,2081,2061,2082,-1,2082,2061,2058,-1,2082,2058,2083,-1,2083,2058,2056,-1,2083,2056,2084,-1,2084,2056,2053,-1,2084,2053,2085,-1,2085,2053,2050,-1,2085,2050,2086,-1,2086,2050,2049,-1,2086,2049,2087,-1,2087,2049,2041,-1,2087,2041,2088,-1,2088,2041,2040,-1,2088,2040,2089,-1,2089,2040,2038,-1,2089,2038,2090,-1,2090,2038,2037,-1,2090,2037,2091,-1,2091,2037,2030,-1,2091,2030,2032,-1,2032,2030,2029,-1,2032,2029,291,-1,291,2029,289,-1,1897,2092,2093,-1,1897,1896,2092,-1,2092,1896,1910,-1,2092,1910,2094,-1,2094,1910,1934,-1,2094,1934,2095,-1,2095,1934,1860,-1,2095,1860,2096,-1,2096,1860,1858,-1,2096,1858,1857,-1,1857,1847,2096,-1,2096,1847,1846,-1,2096,1846,2097,-1,2017,2098,2016,-1,2016,2098,2099,-1,2016,2099,1710,-1,1710,2099,2100,-1,1710,2100,1711,-1,1711,2100,2101,-1,1846,1853,2097,-1,2097,1853,1851,-1,2097,1851,2101,-1,2101,1851,1850,-1,2101,1850,1711,-1,1775,2027,1773,-1,1773,2027,2031,-1,1773,2031,1772,-1,1772,2031,276,-1,1772,276,274,-1,1775,1774,2026,-1,2026,1774,1777,-1,2026,1777,2102,-1,2102,1777,1828,-1,2102,1828,2103,-1,2103,1828,1809,-1,2103,1809,2104,-1,2104,1809,1810,-1,2104,1810,1811,-1,1811,1827,2104,-1,2104,1827,1729,-1,2104,1729,2105,-1,2105,1729,1727,-1,2105,1727,2093,-1,2093,1727,1726,-1,2093,1726,1897,-1,2099,2074,2100,-1,2100,2074,2076,-1,2100,2076,2101,-1,2101,2076,2079,-1,2101,2079,2097,-1,2097,2079,2080,-1,2097,2080,2096,-1,2096,2080,2081,-1,2096,2081,2095,-1,2095,2081,2082,-1,2095,2082,2094,-1,2094,2082,2083,-1,2094,2083,2092,-1,2092,2083,2084,-1,2092,2084,2093,-1,2093,2084,2085,-1,2093,2085,2105,-1,2105,2085,2086,-1,2105,2086,2104,-1,2104,2086,2087,-1,2104,2087,2103,-1,2103,2087,2088,-1,2103,2088,2102,-1,2102,2088,2089,-1,2102,2089,2026,-1,2026,2089,2090,-1,2026,2090,2027,-1,2027,2090,2091,-1,2027,2091,2031,-1,2031,2091,2032,-1,2031,2032,280,-1,280,2032,282,-1,1498,1497,2106,-1,1163,1162,1543,-1,1163,1543,2107,-1,2107,1543,1542,-1,2107,1542,2108,-1,2108,1542,1541,-1,2108,1541,2109,-1,2109,1541,1540,-1,2109,1540,2110,-1,2110,1540,1539,-1,2110,1539,2111,-1,2112,2113,1537,-1,1539,1538,2111,-1,2111,1538,1537,-1,2111,1537,2114,-1,2114,1537,2113,-1,1537,1536,2112,-1,2112,1536,1535,-1,2112,1535,2115,-1,2115,1535,1530,-1,2115,1530,2116,-1,2116,1530,1531,-1,2116,1531,2117,-1,2117,1531,1532,-1,2117,1532,2118,-1,2118,1532,1533,-1,2118,1533,2119,-1,2119,1533,1534,-1,2119,1534,2120,-1,2120,1534,1526,-1,2120,1526,2121,-1,2121,1526,1527,-1,2121,1527,2122,-1,2122,1527,1528,-1,2122,1528,2123,-1,2123,1528,1529,-1,2123,1529,2124,-1,2124,1529,1520,-1,2124,1520,2125,-1,2125,1520,1521,-1,2125,1521,2126,-1,2126,1521,1522,-1,2126,1522,2127,-1,2127,1522,1523,-1,2127,1523,2128,-1,2128,1523,1524,-1,2128,1524,2129,-1,1524,1525,2129,-1,2129,1525,1517,-1,2129,1517,2130,-1,2130,1517,1518,-1,2131,2132,1514,-1,1514,2132,2133,-1,1514,2133,1510,-1,1510,2133,2134,-1,1510,2134,1511,-1,1511,2134,2135,-1,1511,2135,1512,-1,1512,2135,2136,-1,1512,2136,1513,-1,1513,2136,2137,-1,1513,2137,1519,-1,1519,2137,2138,-1,1519,2138,1518,-1,1518,2138,2139,-1,1518,2139,2130,-1,1514,1515,2131,-1,2131,1515,1516,-1,2131,1516,2140,-1,2140,1516,1505,-1,2140,1505,2141,-1,2141,1505,1506,-1,2141,1506,2142,-1,2142,1506,1507,-1,2142,1507,2143,-1,2143,1507,1508,-1,2143,1508,2144,-1,2144,1508,1509,-1,2144,1509,2145,-1,2145,1509,1502,-1,2145,1502,2146,-1,1502,1503,2146,-1,2146,1503,1504,-1,2146,1504,2147,-1,2147,1504,1501,-1,2147,1501,2148,-1,2148,1501,1500,-1,2148,1500,2106,-1,2106,1500,1499,-1,2106,1499,1498,-1,2149,2150,2151,-1,2152,2153,2154,-1,2155,2156,2157,-1,2158,2159,2160,-1,2161,2162,2163,-1,2164,2165,2166,-1,2167,2168,2169,-1,2169,2168,2170,-1,2169,2170,2171,-1,2172,2173,2174,-1,2172,2174,2170,-1,2170,2174,2175,-1,2170,2175,2171,-1,2165,2176,2166,-1,2166,2176,2177,-1,2166,2177,2172,-1,2172,2177,2178,-1,2172,2178,2173,-1,2164,2166,2179,-1,2179,2166,2180,-1,2179,2180,2181,-1,2182,2183,2184,-1,2184,2183,2185,-1,2184,2185,2180,-1,2180,2185,2186,-1,2180,2186,2181,-1,2182,2184,2187,-1,2187,2184,2188,-1,2187,2188,2189,-1,2190,2191,2192,-1,2192,2191,2193,-1,2192,2193,2188,-1,2188,2193,2194,-1,2188,2194,2189,-1,2195,2196,2192,-1,2192,2196,2197,-1,2192,2197,2190,-1,2198,2195,2199,-1,2199,2195,2200,-1,2198,2201,2195,-1,2195,2201,2202,-1,2195,2202,2196,-1,2203,2204,2200,-1,2200,2204,2205,-1,2200,2205,2199,-1,2206,2203,2207,-1,2207,2203,2208,-1,2206,2209,2203,-1,2203,2209,2210,-1,2203,2210,2204,-1,2211,2212,2213,-1,2213,2212,2214,-1,2213,2214,2208,-1,2208,2214,2215,-1,2208,2215,2207,-1,2162,2216,2163,-1,2163,2216,2217,-1,2163,2217,2213,-1,2213,2217,2218,-1,2213,2218,2211,-1,2161,2163,2219,-1,2219,2163,2220,-1,2219,2220,2221,-1,2222,2223,2224,-1,2224,2223,2225,-1,2224,2225,2220,-1,2220,2225,2226,-1,2220,2226,2221,-1,2227,2228,2229,-1,2222,2224,2229,-1,2229,2224,2230,-1,2229,2230,2227,-1,2231,2232,2233,-1,2233,2232,2234,-1,2233,2234,2235,-1,2236,2237,2238,-1,2239,2240,2241,-1,2242,2243,2244,-1,2245,2246,2247,-1,2248,2249,2250,-1,2250,2249,2251,-1,2250,2251,2252,-1,1594,2253,1593,-1,1593,2253,2254,-1,1593,2254,1592,-1,1592,2254,1591,-1,1591,2254,1589,-1,1589,2254,2255,-1,1589,2255,1590,-1,1585,1586,2256,-1,2256,1586,1587,-1,2256,1587,2255,-1,2255,1587,1588,-1,2255,1588,1590,-1,1581,1582,2257,-1,2257,1582,1583,-1,2257,1583,2256,-1,2256,1583,1584,-1,2256,1584,1585,-1,2258,1579,2257,-1,2257,1579,1580,-1,2257,1580,1581,-1,1575,1576,2259,-1,2259,1576,1577,-1,2259,1577,2258,-1,2258,1577,1578,-1,2258,1578,1579,-1,2260,1573,2259,-1,2259,1573,1574,-1,2259,1574,1575,-1,1569,1570,2261,-1,2261,1570,1571,-1,2261,1571,2260,-1,2260,1571,1572,-1,2260,1572,1573,-1,2262,1567,2261,-1,2261,1567,1568,-1,2261,1568,1569,-1,1564,1565,2262,-1,2262,1565,1566,-1,2262,1566,1567,-1,1564,2262,1563,-1,1563,2262,2263,-1,1563,2263,1562,-1,2264,1559,1560,-1,2264,1560,2263,-1,2263,1560,1561,-1,2263,1561,1562,-1,2265,1557,2264,-1,2264,1557,1558,-1,2264,1558,1559,-1,1554,2265,2266,-1,1554,1555,2265,-1,2265,1555,1556,-1,2265,1556,1557,-1,1551,1552,2266,-1,2266,1552,1553,-1,2266,1553,1554,-1,1551,2266,1550,-1,1550,2266,2267,-1,1550,2267,1549,-1,1545,1546,2268,-1,2268,1546,1547,-1,2268,1547,2267,-1,2267,1547,1548,-1,2267,1548,1549,-1,2269,1604,1544,-1,1545,2268,1544,-1,1544,2268,2270,-1,1544,2270,2269,-1,2271,2272,2273,-1,2273,2272,2274,-1,2273,2274,2275,-1,2155,2157,2276,-1,2277,2278,2279,-1,2277,2279,2280,-1,2281,2282,2283,-1,2284,2285,2286,-1,2253,2287,2254,-1,2254,2287,2288,-1,2254,2288,2255,-1,2255,2288,2289,-1,2255,2289,2256,-1,2256,2289,2290,-1,2256,2290,2257,-1,2257,2290,2291,-1,2257,2291,2258,-1,2258,2291,2292,-1,2258,2292,2259,-1,2259,2292,2293,-1,2259,2293,2260,-1,2260,2293,2294,-1,2260,2294,2261,-1,2261,2294,2295,-1,2261,2295,2262,-1,2262,2295,2296,-1,2262,2296,2263,-1,2263,2296,2297,-1,2263,2297,2264,-1,2264,2297,2298,-1,2264,2298,2265,-1,2265,2298,2299,-1,2265,2299,2266,-1,2266,2299,2300,-1,2266,2300,2267,-1,2267,2300,2301,-1,2267,2301,2268,-1,2268,2301,2273,-1,2268,2273,2270,-1,2270,2273,2275,-1,2287,2158,2288,-1,2288,2158,2160,-1,2288,2160,2289,-1,2289,2160,2302,-1,2289,2302,2290,-1,2290,2302,2303,-1,2290,2303,2291,-1,2291,2303,2304,-1,2291,2304,2292,-1,2292,2304,2305,-1,2292,2305,2293,-1,2293,2305,2306,-1,2293,2306,2294,-1,2294,2306,2307,-1,2294,2307,2295,-1,2295,2307,2308,-1,2295,2308,2296,-1,2296,2308,2309,-1,2296,2309,2297,-1,2297,2309,2310,-1,2297,2310,2298,-1,2298,2310,2311,-1,2298,2311,2299,-1,2299,2311,2312,-1,2299,2312,2300,-1,2300,2312,2313,-1,2300,2313,2301,-1,2301,2313,2314,-1,2301,2314,2273,-1,2273,2314,2315,-1,2273,2315,2271,-1,2159,2316,2160,-1,2160,2316,2317,-1,2160,2317,2302,-1,2302,2317,2318,-1,2302,2318,2303,-1,2303,2318,2319,-1,2303,2319,2304,-1,2304,2319,2320,-1,2304,2320,2305,-1,2305,2320,2321,-1,2305,2321,2306,-1,2306,2321,2322,-1,2306,2322,2307,-1,2307,2322,2323,-1,2307,2323,2308,-1,2308,2323,2324,-1,2308,2324,2309,-1,2309,2324,2325,-1,2309,2325,2310,-1,2310,2325,2326,-1,2310,2326,2311,-1,2311,2326,2327,-1,2311,2327,2312,-1,2312,2327,2328,-1,2312,2328,2313,-1,2313,2328,2329,-1,2313,2329,2314,-1,2314,2329,2330,-1,2314,2330,2315,-1,2315,2330,2157,-1,2315,2157,2271,-1,2271,2157,2156,-1,2317,2331,2318,-1,2318,2331,2332,-1,2318,2332,2319,-1,2319,2332,2333,-1,2319,2333,2320,-1,2320,2333,2334,-1,2320,2334,2321,-1,2321,2334,2335,-1,2321,2335,2322,-1,2322,2335,2336,-1,2322,2336,2323,-1,2323,2336,2337,-1,2323,2337,2324,-1,2324,2337,2338,-1,2324,2338,2325,-1,2325,2338,2339,-1,2325,2339,2326,-1,2326,2339,2340,-1,2326,2340,2327,-1,2327,2340,2341,-1,2327,2341,2328,-1,2328,2341,2342,-1,2328,2342,2329,-1,2329,2342,2343,-1,2329,2343,2330,-1,2330,2343,2344,-1,2330,2344,2157,-1,2157,2344,2279,-1,2157,2279,2276,-1,2276,2279,2278,-1,2316,2345,2317,-1,2317,2345,2248,-1,2317,2248,2331,-1,2331,2248,2250,-1,2331,2250,2332,-1,2332,2250,2346,-1,2332,2346,2333,-1,2333,2346,2347,-1,2333,2347,2334,-1,2334,2347,2348,-1,2334,2348,2335,-1,2335,2348,2349,-1,2335,2349,2336,-1,2336,2349,2350,-1,2336,2350,2337,-1,2337,2350,2351,-1,2337,2351,2338,-1,2338,2351,2352,-1,2338,2352,2339,-1,2339,2352,2353,-1,2339,2353,2340,-1,2340,2353,2354,-1,2340,2354,2341,-1,2341,2354,2355,-1,2341,2355,2342,-1,2342,2355,2356,-1,2342,2356,2343,-1,2343,2356,2357,-1,2343,2357,2344,-1,2344,2357,2358,-1,2344,2358,2279,-1,2279,2358,2283,-1,2279,2283,2280,-1,2280,2283,2282,-1,2252,2245,2250,-1,2250,2245,2247,-1,2250,2247,2346,-1,2346,2247,2359,-1,2346,2359,2347,-1,2347,2359,2360,-1,2347,2360,2348,-1,2348,2360,2361,-1,2348,2361,2349,-1,2349,2361,2362,-1,2349,2362,2350,-1,2350,2362,2363,-1,2350,2363,2351,-1,2351,2363,2364,-1,2351,2364,2352,-1,2352,2364,2365,-1,2352,2365,2353,-1,2353,2365,2366,-1,2353,2366,2354,-1,2354,2366,2367,-1,2354,2367,2355,-1,2355,2367,2368,-1,2355,2368,2356,-1,2356,2368,2369,-1,2356,2369,2357,-1,2357,2369,2370,-1,2357,2370,2358,-1,2358,2370,2371,-1,2358,2371,2283,-1,2283,2371,2286,-1,2283,2286,2281,-1,2281,2286,2285,-1,2246,2242,2247,-1,2247,2242,2244,-1,2247,2244,2359,-1,2359,2244,2372,-1,2359,2372,2360,-1,2360,2372,2373,-1,2360,2373,2361,-1,2361,2373,2374,-1,2361,2374,2362,-1,2362,2374,2375,-1,2362,2375,2363,-1,2363,2375,2376,-1,2363,2376,2364,-1,2364,2376,2377,-1,2364,2377,2365,-1,2365,2377,2378,-1,2365,2378,2366,-1,2366,2378,2379,-1,2366,2379,2367,-1,2367,2379,2380,-1,2367,2380,2368,-1,2368,2380,2381,-1,2368,2381,2369,-1,2369,2381,2382,-1,2369,2382,2370,-1,2370,2382,2383,-1,2370,2383,2371,-1,2371,2383,2384,-1,2371,2384,2286,-1,2286,2384,2385,-1,2286,2385,2284,-1,2284,2385,2386,-1,2243,2239,2244,-1,2244,2239,2241,-1,2244,2241,2372,-1,2372,2241,2387,-1,2372,2387,2373,-1,2373,2387,2388,-1,2373,2388,2374,-1,2374,2388,2389,-1,2374,2389,2375,-1,2375,2389,2390,-1,2375,2390,2376,-1,2376,2390,2391,-1,2376,2391,2377,-1,2377,2391,2392,-1,2377,2392,2378,-1,2378,2392,2393,-1,2378,2393,2379,-1,2379,2393,2394,-1,2379,2394,2380,-1,2380,2394,2395,-1,2380,2395,2381,-1,2381,2395,2396,-1,2381,2396,2382,-1,2382,2396,2397,-1,2382,2397,2383,-1,2383,2397,2398,-1,2383,2398,2384,-1,2384,2398,2399,-1,2384,2399,2385,-1,2385,2399,2154,-1,2385,2154,2386,-1,2386,2154,2153,-1,2240,2236,2241,-1,2241,2236,2238,-1,2241,2238,2387,-1,2387,2238,2400,-1,2387,2400,2388,-1,2388,2400,2401,-1,2388,2401,2389,-1,2389,2401,2402,-1,2389,2402,2390,-1,2390,2402,2403,-1,2390,2403,2391,-1,2391,2403,2404,-1,2391,2404,2392,-1,2392,2404,2405,-1,2392,2405,2393,-1,2393,2405,2406,-1,2393,2406,2394,-1,2394,2406,2407,-1,2394,2407,2395,-1,2395,2407,2408,-1,2395,2408,2396,-1,2396,2408,2409,-1,2396,2409,2397,-1,2397,2409,2410,-1,2397,2410,2398,-1,2398,2410,2411,-1,2398,2411,2399,-1,2399,2411,2412,-1,2399,2412,2154,-1,2154,2412,2151,-1,2154,2151,2152,-1,2152,2151,2150,-1,2237,2231,2238,-1,2238,2231,2233,-1,2238,2233,2400,-1,2400,2233,2413,-1,2400,2413,2401,-1,2401,2413,2414,-1,2401,2414,2402,-1,2402,2414,2415,-1,2402,2415,2403,-1,2403,2415,2416,-1,2403,2416,2404,-1,2404,2416,2417,-1,2404,2417,2405,-1,2405,2417,2418,-1,2405,2418,2406,-1,2406,2418,2419,-1,2406,2419,2407,-1,2407,2419,2420,-1,2407,2420,2408,-1,2408,2420,2421,-1,2408,2421,2409,-1,2409,2421,2422,-1,2409,2422,2410,-1,2410,2422,2423,-1,2410,2423,2411,-1,2411,2423,2424,-1,2411,2424,2412,-1,2412,2424,2425,-1,2412,2425,2151,-1,2151,2425,2426,-1,2151,2426,2149,-1,2149,2426,2427,-1,2235,2230,2233,-1,2233,2230,2224,-1,2233,2224,2413,-1,2413,2224,2220,-1,2413,2220,2414,-1,2414,2220,2163,-1,2414,2163,2415,-1,2415,2163,2213,-1,2415,2213,2416,-1,2416,2213,2208,-1,2416,2208,2417,-1,2417,2208,2203,-1,2417,2203,2418,-1,2418,2203,2200,-1,2418,2200,2419,-1,2419,2200,2195,-1,2419,2195,2420,-1,2420,2195,2192,-1,2420,2192,2421,-1,2421,2192,2188,-1,2421,2188,2422,-1,2422,2188,2184,-1,2422,2184,2423,-1,2423,2184,2180,-1,2423,2180,2424,-1,2424,2180,2166,-1,2424,2166,2425,-1,2425,2166,2172,-1,2425,2172,2426,-1,2426,2172,2170,-1,2426,2170,2427,-1,2427,2170,2168,-1,
        ]
    }
}
Shape{
    appearance Appearance {
        material  Material 	{
            diffuseColor 1.0 1.0 0.9490196078431372
            specularColor 0.5019607843137255 0.5019607843137255 0.4745098039215686
            ambientIntensity 0.9942
            transparency 0.0
            shininess 0.5
        }
    }
    geometry IndexedFaceSet {
        ccw TRUE
        solid FALSE
        coord DEF co Coordinate {
            point [
                -0.9585 0.2038 4.5835, -0.9798 0.0936 4.5835, -0.9627 0.2046 3.4417, -0.9843 -0.0 3.4417, -0.9444 0.2773 4.5835, -0.8992 0.4003 3.4417, -0.8957 0.3989 4.5835, -0.8748 0.451 4.5835, -0.7963 0.5785 3.4417, -0.7939 0.577 4.5835, -0.7737 0.6084 4.5835, -0.6586 0.7314 3.4417, -0.6574 0.7303 4.5835, -0.6445 0.7438 4.5835, -0.4921 0.8524 3.4417, -0.4921 0.8524 4.5835, -0.3219 0.9301 4.5835, -0.3042 0.9361 3.4417, -0.3038 0.9345 4.5835, -0.1401 0.9742 4.5835, -0.1029 0.9789 3.4417, -0.1027 0.976 4.5835, 0.0468 0.9831 4.5835, 0.1029 0.9789 3.4417, 0.1023 0.9752 4.5835, 0.232 0.9565 4.5835, 0.3042 0.9361 3.4417, 0.3028 0.932 4.5835, 0.4089 0.8953 4.5835, 0.4921 0.8524 3.4417, 0.4899 0.8485 4.5835, 0.5709 0.8017 4.5835, 0.6586 0.7314 3.4417, 0.6558 0.7282 4.5835, 0.7123 0.6792 4.5835, 0.7963 0.5785 3.4417, 0.7933 0.5762 4.5835, 0.828 0.5321 4.5835, 0.8992 0.4003 3.4417, 0.8966 0.399 4.5835, 0.9137 0.3658 4.5835, 0.9627 0.2046 3.4417, 0.9612 0.2042 4.5835, 0.9665 0.1863 4.5835, 0.9843 0.0 3.4417, 0.9843 0.0 4.5835, 0.9665 -0.1863 4.5835, 0.9627 -0.2046 3.4417, 0.9612 -0.2042 4.5835, 0.9137 -0.3658 4.5835, 0.8992 -0.4003 3.4417, 0.8966 -0.399 4.5835, 0.828 -0.5321 4.5835, 0.7963 -0.5785 3.4417, 0.7933 -0.5762 4.5835, 0.7123 -0.6792 4.5835, 0.6586 -0.7314 3.4417, 0.6558 -0.7282 4.5835, 0.5709 -0.8017 4.5835, 0.4921 -0.8524 3.4417, 0.4899 -0.8485 4.5835, 0.4089 -0.8953 4.5835, 0.3042 -0.9361 3.4417, 0.3028 -0.932 4.5835, 0.232 -0.9565 4.5835, 0.1029 -0.9789 3.4417, 0.1023 -0.9752 4.5835, 0.0468 -0.9831 4.5835, -0.1029 -0.9789 3.4417, 0.0 -0.9843 4.5835, -0.3042 -0.9361 3.4417, -0.1401 -0.9742 4.5835, -0.1027 -0.9769 4.5835, -0.4921 -0.8524 3.4417, -0.3219 -0.9301 4.5835, -0.3038 -0.9345 4.5835, -0.6586 -0.7314 3.4417, -0.6445 -0.7438 4.5835, -0.4921 -0.8524 4.5835, -0.7963 -0.5785 3.4417, -0.7737 -0.6084 4.5835, -0.6574 -0.7303 4.5835, -0.8992 -0.4003 3.4417, -0.8748 -0.451 4.5835, -0.7939 -0.577 4.5835, -0.9627 -0.2046 3.4417, -0.9444 -0.2773 4.5835, -0.8957 -0.3989 4.5835, -0.9798 -0.0 4.5835, -0.9798 -0.0936 4.5835, -0.9585 -0.2038 4.5835
            ]
        }
        coordIndex [
            0,1,2,-1,2,1,3,-1,0,2,4,-1,4,2,5,-1,4,5,6,-1,6,5,7,-1,7,5,8,-1,7,8,9,-1,9,8,10,-1,10,8,11,-1,10,11,12,-1,12,11,13,-1,13,11,14,-1,13,14,15,-1,15,14,16,-1,16,14,17,-1,16,17,18,-1,18,17,19,-1,19,17,20,-1,19,20,21,-1,21,20,22,-1,22,20,23,-1,22,23,24,-1,24,23,25,-1,25,23,26,-1,25,26,27,-1,27,26,28,-1,28,26,29,-1,28,29,30,-1,30,29,31,-1,31,29,32,-1,31,32,33,-1,33,32,34,-1,34,32,35,-1,34,35,36,-1,36,35,37,-1,37,35,38,-1,37,38,39,-1,39,38,40,-1,40,38,41,-1,40,41,42,-1,42,41,43,-1,43,41,44,-1,43,44,45,-1,45,44,46,-1,46,44,47,-1,46,47,48,-1,48,47,49,-1,49,47,50,-1,49,50,51,-1,51,50,52,-1,52,50,53,-1,52,53,54,-1,54,53,55,-1,55,53,56,-1,55,56,57,-1,57,56,58,-1,58,56,59,-1,58,59,60,-1,60,59,61,-1,61,59,62,-1,61,62,63,-1,63,62,64,-1,64,62,65,-1,64,65,66,-1,66,65,67,-1,67,65,68,-1,67,68,69,-1,70,71,68,-1,68,71,72,-1,68,72,69,-1,73,74,70,-1,70,74,75,-1,70,75,71,-1,76,77,73,-1,73,77,78,-1,73,78,74,-1,79,80,76,-1,76,80,81,-1,76,81,77,-1,82,83,79,-1,79,83,84,-1,79,84,80,-1,85,86,82,-1,82,86,87,-1,82,87,83,-1,1,88,3,-1,3,88,89,-1,3,89,85,-1,85,89,90,-1,85,90,86,-1,
        ]
    }
}
Shape{
    appearance Appearance {
        material  Material 	{
            diffuseColor 0.29411764705882354 0.29411764705882354 0.29411764705882354
            specularColor 0.14901960784313725 0.14901960784313725 0.14901960784313725
            ambientIntensity 0.2941
            transparency 0.0
            shininess 0.5
        }
    }
    geometry IndexedFaceSet {
        ccw TRUE
        solid FALSE
        coord DEF co Coordinate {
            point [
                0.5 1.2204 2.6014, 0.5898 1.2205 2.6164, 0.5724 1.187 2.5986, 0.6047 1.1721 2.5974, 0.6587 1.2205 2.628, 0.6594 1.1409 2.5953, 0.7067 1.2205 2.6382, 0.7001 1.1177 2.5937, 0.8306 1.2205 2.6647, 0.7121 1.1095 2.5932, 0.7428 1.0885 2.592, 0.8329 1.2205 2.6653, 0.791 1.0554 2.59, 0.9751 1.2203 2.7012, 0.822 1.03 2.5887, 0.9007 0.9621 2.5851, 0.8968 0.9658 2.5853, 1.0731 1.1556 2.7051, 0.877 0.9851 2.5863, 1.0013 1.2203 2.7078, 1.1552 1.0711 2.7017, 0.9587 0.9057 2.5823, 1.1188 1.1125 2.7033, 1.1105 1.1219 2.7036, 1.0314 0.8219 2.5785, 1.0308 0.8228 2.5785, 0.9668 0.8964 2.5819, 1.2332 0.9826 2.6983, 1.2353 0.9801 2.6982, 1.0597 0.7832 2.5768, 1.2553 0.9574 2.6973, 1.0896 0.7424 2.575, 1.3016 0.8869 2.6949, 1.0959 0.7339 2.5747, 1.3355 0.8353 2.6932, 1.1417 0.6588 2.5717, 1.3663 0.7883 2.6916, 1.1537 0.639 2.5709, 1.3766 0.7727 2.691, 1.1839 0.5786 2.5686, 1.4189 0.6831 2.6882, 1.1874 0.5716 2.5683, 1.2046 0.5371 2.567, 1.4199 0.681 2.6881, 1.2267 0.4813 2.565, 1.4693 0.5764 2.6848, 1.4707 0.5736 2.6847, 1.2451 0.4349 2.5633, 1.4878 0.5187 2.6831, 1.2593 0.3883 2.5617, 1.5049 0.464 2.6814, 1.2693 0.3551 2.5605, 1.536 0.3645 2.6785, 1.2771 0.3295 2.5596, 1.2848 0.2931 2.5583, 1.5383 0.3509 2.6781, 1.3003 0.2209 2.5557, 1.5385 0.3499 2.678, 1.5574 0.2345 2.6747, 1.3034 0.1963 2.5549, 1.313 0.1197 2.5522, 1.3189 -0.002 2.548, 1.3188 -0.0 2.548, 1.5751 -0.0001 2.6679, 1.3149 0.0985 2.5514, 1.5725 0.1178 2.6713, 1.3145 0.1078 2.5518, 1.5718 0.1467 2.6721, 1.567 0.1758 2.673, 1.5751 -0.0001 2.6679, 1.5768 -0.0742 2.6658, 1.3147 -0.0984 2.5447, 1.5718 -0.1176 2.6646, 1.3141 -0.1121 2.5442, 1.5362 -0.3503 2.6578, 1.2848 -0.2931 2.5381, 1.5364 -0.3493 2.6579, 1.3 -0.2222 2.5405, 1.3131 -0.1197 2.544, 1.565 -0.1757 2.6629, 1.3034 -0.1963 2.5414, 1.5581 -0.2347 2.6612, 1.5515 -0.2919 2.6596, 1.0716 -1.154 2.6308, 0.9007 -0.9621 2.5113, 1.1173 -1.1109 2.6326, 0.9558 -0.9088 2.5139, 1.1574 -1.0731 2.6342, 0.9667 -0.8963 2.5144, 1.1616 -1.0691 2.6344, 1.0283 -0.8259 2.5176, 1.2316 -0.9814 2.6376, 1.0313 -0.8218 2.5177, 1.2336 -0.9789 2.6377, 1.0597 -0.7832 2.5193, 1.2988 -0.8974 2.6407, 1.0898 -0.7425 2.5211, 1.304 -0.8885 2.641, 1.0935 -0.7374 2.5213, 1.3354 -0.8355 2.6427, 1.1417 -0.6588 2.5244, 1.3641 -0.7871 2.6443, 1.1531 -0.6402 2.5252, 1.4104 -0.7089 2.6469, 1.1839 -0.5787 2.5276, 1.4208 -0.684 2.6477, 1.1875 -0.5716 2.5279, 1.4217 -0.6819 2.6478, 1.2028 -0.541 2.5291, 1.4664 -0.5752 2.6511, 1.2268 -0.4813 2.5313, 1.4898 -0.5192 2.6528, 1.2438 -0.4387 2.5329, 1.4957 -0.505 2.6533, 1.2593 -0.3882 2.5347, 1.5063 -0.4645 2.6545, 1.2694 -0.3551 2.5359, 1.276 -0.3336 2.5367, 0.6968 -1.1198 2.5024, 0.7121 -1.1094 2.503, 0.8334 -1.2205 2.5779, 0.7428 -1.0885 2.5043, 0.8471 -1.2205 2.5816, 0.7876 -1.0579 2.5062, 0.975 -1.2203 2.6202, 0.822 -1.0299 2.5077, 1.0012 -1.2203 2.6281, 0.8759 -0.986 2.5101, 0.8968 -0.9658 2.5111, 0.6594 -1.1409 2.5009, 0.7058 -1.2205 2.5431, 0.6009 -1.1741 2.4985, 0.6918 -1.2205 2.5393, 0.5725 -1.1871 2.4974, 0.5904 -1.2205 2.5157, 0.5 -1.2205 2.4947, -1.1784 0.5919 2.6609, -1.4105 0.7084 2.541, -1.1846 0.579 2.6614, -1.4623 0.585 2.5448, -1.2047 0.5369 2.6629, -1.2452 0.4346 2.6667, -1.5077 0.4595 2.5486, -1.2693 0.3551 2.6696, -1.5191 0.4155 2.5499, -1.2715 0.3477 2.6698, -1.2281 0.4779 2.6651, -1.468 0.5712 2.5452, -1.4958 0.505 2.5473, -1.5415 0.33 2.5524, -1.3003 0.2209 2.6743, -1.2771 0.3292 2.6705, -1.5514 0.2922 2.5536, -1.5556 0.2556 2.5546, -1.3012 0.2137 2.6745, -1.5623 0.1982 2.5563, -1.313 0.1197 2.6777, -1.5747 0.0922 2.5593, -1.3145 0.1078 2.6781, -1.3157 0.0771 2.6792, -1.5768 0.0746 2.5598, -1.5766 0.0652 2.5601, -1.3189 -0.002 2.6819, -1.5736 -0.0686 2.5639, -1.3164 -0.0602 2.6839, -1.5735 -0.072 2.564, -1.3141 -0.1121 2.6857, -1.5719 -0.1462 2.5661, -1.3132 -0.1197 2.686, -1.5628 -0.2016 2.5678, -1.3033 -0.1968 2.6886, -1.5574 -0.2351 2.5687, -1.3 -0.2222 2.6895, -1.5366 -0.3622 2.5724, -1.526 -0.3962 2.5734, -1.2765 -0.3315 2.6933, -1.5412 -0.3337 2.5716, -1.4772 -0.5532 2.5781, -1.2344 -0.4622 2.698, -1.2438 -0.4387 2.6971, -1.5054 -0.4624 2.5754, -1.2694 -0.3551 2.6942, -1.276 -0.3336 2.6934, -1.4715 -0.5715 2.5787, -1.4632 -0.5891 2.5792, -1.2028 -0.541 2.7009, -1.4096 -0.7029 2.5828, -1.1839 -0.5787 2.7023, -1.1793 -0.588 2.7027, -1.4061 -0.7103 2.5831, -1.1531 -0.6403 2.7047, -1.3775 -0.771 2.585, -1.3411 -0.8267 2.5869, -1.1118 -0.7075 2.7074, -1.3288 -0.8455 2.5875, -1.0935 -0.7374 2.7087, -1.0597 -0.7832 2.7106, -0.8134 -1.2205 2.6575, -0.7302 -1.097 2.7262, -0.8497 -1.2205 2.6476, -0.7875 -1.0579 2.7238, -1.0014 -1.2204 2.6018, -0.8403 -1.015 2.7215, -1.0065 -1.2158 2.6016, -0.8759 -0.986 2.7199, -1.0912 -1.1392 2.5984, -0.9007 -0.9621 2.7187, -1.112 -1.1204 2.5976, -0.9417 -0.9225 2.7168, -1.1266 -1.1038 2.5969, -0.9558 -0.9088 2.7161, -1.1818 -1.0409 2.5945, -1.0283 -0.8259 2.7124, -1.2351 -0.9802 2.5922, -1.0328 -0.8198 2.7121, -1.2565 -0.9558 2.5913, -1.2677 -0.9387 2.5907, -0.4999 -1.2204 2.7352, -0.6009 -1.1741 2.7314, -0.6418 -1.2205 2.7022, -0.6124 -1.1676 2.731, -0.6968 -1.2205 2.6894, -0.6968 -1.1198 2.7276, -0.7121 -1.1094 2.727, -0.5501 1.1987 2.6303, -0.4999 1.2205 2.6285, -0.6286 1.2205 2.6069, -1.3411 0.8256 2.5371, -1.1246 0.689 2.657, -1.1231 0.6913 2.6569, -1.3259 0.8513 2.5362, -1.2979 0.8987 2.5346, -1.0632 0.7805 2.6533, -1.2616 0.944 2.533, -1.0605 0.7838 2.6532, -1.0556 0.7899 2.6529, -1.2286 0.9852 2.5315, -0.9945 0.8663 2.6495, -1.1724 1.0556 2.5289, -0.9796 0.8819 2.6488, -1.1618 1.0689 2.5284, -0.916 0.9489 2.6456, -1.119 1.1092 2.5267, -0.9009 0.9623 2.6449, -1.0701 1.1553 2.5248, -0.8957 0.9669 2.6446, -1.0012 1.2202 2.5221, -0.833 1.0226 2.6417, -0.9421 1.2203 2.537, -0.8044 1.0439 2.6405, -0.8307 1.2205 2.5651, -0.7447 1.0885 2.6379, -0.7766 1.2205 2.5766, -0.7119 1.109 2.6366, -0.7065 1.1124 2.6364, -0.659 1.2205 2.6018, -0.6515 1.1467 2.6342, -0.6028 1.1717 2.6323, -1.5396 -0.3474 1.6858, -1.5239 -0.4001 1.6874, -1.529 -0.4015 1.6888, -1.4377 -0.6428 1.6948, -1.4194 -0.6828 1.6961, -1.4249 -0.6854 1.6974, -1.5021 -0.4734 1.7253, -1.5239 -0.4001 1.7232, -1.529 -0.4015 1.7218, -1.4773 -0.5566 1.7278, -1.4808 -0.5449 1.7275, -1.4838 -0.546 1.7261, -1.2669 -0.943 1.74, -1.266 -0.9425 1.7404, -1.3478 -0.8153 1.7361, -1.3546 -0.8195 1.733, -1.2698 -0.9452 1.7374, -1.268 -0.9439 1.739, -1.3588 -0.8221 1.7263, -1.2745 -0.9487 1.7286, -1.2728 -0.9474 1.7329, -1.0156 1.2205 1.6456, -1.0137 1.2205 1.6436, -1.1089 1.1351 1.6472, -1.0098 1.2205 1.6402, -1.008 1.2205 1.6393, -1.1063 1.1325 1.6429, -1.1735 1.0543 1.6428, -1.208 1.0202 1.6455, -1.1623 1.0684 1.6423, -1.1048 1.1309 1.6412, -1.1006 1.1266 1.6399, -1.0027 1.2205 1.6366, -1.0013 1.2203 1.636, -1.0432 1.1807 1.6376, -1.0046 1.2205 1.6375, -1.0115 1.2205 1.6414, -1.0159 1.2205 1.6461, -1.0174 1.2205 1.6487, -1.0164 1.2205 1.6467, -1.1098 1.1361 1.6497, -1.0185 1.2205 1.6513, -1.0181 1.2205 1.6502, -1.1105 1.1368 1.6523, -1.0185 1.2205 1.6514, -1.1109 1.1372 1.6605, -1.0184 1.2205 1.657, -1.0188 1.2205 1.6553, -1.1098 1.1361 1.6658, -1.0159 1.2205 1.6622, -1.0177 1.2205 1.6593, -1.1077 1.1339 1.6705, -1.0112 1.2205 1.6668, -1.015 1.2205 1.6634, -1.0081 1.2205 1.6688, -1.1048 1.1309 1.6742, -1.0047 1.2204 1.6703, -1.0432 1.1807 1.6734, -1.0013 1.2203 1.6717, -1.2035 1.0166 1.6799, -1.1734 1.0543 1.6785, -1.208 1.0202 1.6786, -1.1622 1.0684 1.678, -1.1006 1.1266 1.6756, -1.5422 0.3485 1.6672, -1.5516 0.2912 1.6675, -1.5685 0.1995 1.6715, -1.5573 0.2446 1.6688, -1.5629 0.1988 1.6701, -1.4964 0.502 1.6612, -1.4987 0.4935 1.6615, -1.5015 0.4944 1.6628, -1.5175 0.4215 1.6636, -1.5369 0.3472 1.6658, -1.4586 0.593 1.6584, -1.4472 0.6358 1.6585, -1.4418 0.6335 1.6571, -1.4122 0.7047 1.6549, -1.3798 0.7714 1.6542, -1.3813 0.7572 1.6532, -1.2999 0.9 1.6499, -1.2998 0.8957 1.6486, -1.3747 0.7684 1.6528, -1.2035 1.0166 1.6442, -1.2867 0.9122 1.648, -1.2977 0.8984 1.6485, -1.2097 1.0216 1.6473, -1.3017 0.9012 1.6516, -1.3818 0.7725 1.6559, -1.4493 0.6367 1.6602, -1.5036 0.4951 1.6645, -1.5443 0.349 1.6689, -1.5707 0.1998 1.6732, -1.5727 0.2 1.6752, -1.5462 0.3494 1.6709, -1.5055 0.4957 1.6666, -1.4511 0.6374 1.6622, -1.3835 0.7734 1.6579, -1.3033 0.9023 1.6536, -1.2112 1.0229 1.6493, -1.1077 1.1339 1.6449, -1.2124 1.024 1.6515, -1.3047 0.9033 1.6559, -1.3849 0.7742 1.6602, -1.4526 0.6381 1.6645, -1.5071 0.4962 1.6688, -1.5478 0.3498 1.6731, -1.5743 0.2002 1.6775, -1.5756 0.2004 1.6799, -1.5492 0.3501 1.6756, -1.5083 0.4966 1.6713, -1.4538 0.6386 1.667, -1.3861 0.7749 1.6626, -1.3058 0.9041 1.6583, -1.2135 1.0248 1.654, -1.2142 1.0255 1.6566, -1.3066 0.9046 1.6609, -1.387 0.7754 1.6652, -1.4547 0.639 1.6696, -1.5093 0.4969 1.6739, -1.5501 0.3503 1.6782, -1.5766 0.2005 1.6825, -1.5772 0.2006 1.6852, -1.5507 0.3505 1.6809, -1.5099 0.4971 1.6766, -1.4553 0.6393 1.6723, -1.3875 0.7757 1.6679, -1.3071 0.905 1.6636, -1.2147 1.0259 1.6593, -1.1109 1.1372 1.655, -1.0188 1.2205 1.6542, -1.1111 1.1374 1.6577, -1.2149 1.026 1.6621, -1.3073 0.9051 1.6664, -1.3877 0.7758 1.6707, -1.4555 0.6394 1.675, -1.5101 0.4972 1.6793, -1.5509 0.3505 1.6837, -1.5775 0.2006 1.688, -1.5516 0.291 1.7032, -1.5422 0.3485 1.7002, -1.5685 0.1995 1.7045, -1.4987 0.4935 1.6972, -1.5015 0.4944 1.6959, -1.5175 0.4215 1.6993, -1.5369 0.3472 1.7015, -1.2867 0.9122 1.6837, -1.2999 0.9 1.6829, -1.2977 0.8985 1.6843, -1.4121 0.7051 1.6907, -1.3798 0.7714 1.6872, -1.4472 0.6358 1.6915, -1.4964 0.502 1.697, -1.4586 0.5931 1.6941, -1.4418 0.6335 1.6929, -1.3814 0.7572 1.6889, -1.3748 0.7685 1.6886, -1.2997 0.896 1.6843, -1.2713 -0.9463 1.7353, -1.3563 -0.8205 1.731, -1.2725 -0.9472 1.7336, -1.2727 -0.9474 1.7331, -1.2713 -0.9463 1.7353, -1.4377 -0.6428 1.7305, -1.3527 -0.8184 1.7348, -1.355 -0.8041 1.7357, -1.3855 -0.7567 1.7341, -1.4194 -0.6828 1.7318, -1.4249 -0.6854 1.7304, -1.4269 -0.6863 1.7287, -1.4859 -0.5467 1.7244, -1.4877 -0.5474 1.7224, -1.533 -0.4025 1.7181, -1.5346 -0.403 1.7158, -1.566 -0.2542 1.7115, -1.5674 -0.2545 1.709, -1.5846 -0.1033 1.7047, -1.5856 -0.1033 1.7021, -1.5884 0.0488 1.6978, -1.589 0.0488 1.6951, -1.5772 0.2006 1.6907, -1.5507 0.3505 1.6864, -1.5099 0.4971 1.6821, -1.4553 0.6393 1.6778, -1.3875 0.7757 1.6735, -1.3071 0.905 1.6691, -1.2147 1.0259 1.6648, -1.5311 -0.402 1.7201, -1.5644 -0.254 1.7137, -1.5832 -0.1032 1.7072, -1.5874 0.0488 1.7004, -1.5766 0.2005 1.6935, -1.5501 0.3503 1.6891, -1.5093 0.4969 1.6848, -1.4547 0.639 1.6805, -1.387 0.7754 1.6762, -1.3066 0.9046 1.6718, -1.2142 1.0255 1.6675, -1.1105 1.1368 1.6632, -1.0182 1.2205 1.6581, -1.5472 -0.2977 1.7201, -1.5542 -0.2523 1.7188, -1.5603 -0.2533 1.7175, -1.5396 -0.3473 1.7216, -1.5625 -0.2537 1.7158, -1.5796 -0.103 1.7114, -1.5816 -0.1031 1.7094, -1.5844 0.0487 1.7051, -1.5861 0.0488 1.7028, -1.5743 0.2002 1.6985, -1.5756 0.2004 1.6961, -1.5478 0.3498 1.6942, -1.5492 0.3501 1.6917, -1.5071 0.4962 1.6899, -1.5083 0.4966 1.6874, -1.4526 0.6381 1.6856, -1.4538 0.6386 1.6831, -1.3849 0.7742 1.6812, -1.3861 0.7749 1.6788, -1.3047 0.9033 1.6769, -1.3058 0.9041 1.6744, -1.2124 1.024 1.6726, -1.2135 1.0248 1.6701, -1.1089 1.1351 1.6683, -1.0158 1.2205 1.6625, -1.5774 -0.1028 1.7131, -1.5803 0.0486 1.7088, -1.5825 0.0486 1.7071, -1.5707 0.1998 1.7028, -1.5727 0.2 1.7008, -1.5443 0.349 1.6985, -1.5462 0.3494 1.6965, -1.5036 0.4951 1.6941, -1.5055 0.4957 1.6921, -1.4493 0.6367 1.6898, -1.4511 0.6374 1.6878, -1.3818 0.7725 1.6855, -1.3835 0.7734 1.6835, -1.3017 0.9012 1.6812, -1.3033 0.9023 1.6792, -1.2097 1.0216 1.6769, -1.2112 1.0229 1.6748, -1.1063 1.1325 1.6725, -1.0112 1.2205 1.6669, -1.573 -0.1297 1.7153, -1.3478 -0.8153 1.7004, -1.266 -0.9425 1.7047, -1.2679 -0.9439 1.7062, -1.3527 -0.8184 1.7017, -1.355 -0.8041 1.7, -1.3855 -0.7567 1.6984, -1.268 -0.9439 1.7062, -1.3546 -0.8195 1.7035, -1.5021 -0.4734 1.6896, -1.4808 -0.5449 1.6917, -1.4838 -0.546 1.6931, -1.4773 -0.5565 1.6921, -1.2692 -0.9447 1.7071, -1.2713 -0.9463 1.7098, -1.3563 -0.8205 1.7055, -1.2718 -0.9467 1.7104, -1.3577 -0.8214 1.7077, -1.2738 -0.9482 1.7145, -1.3588 -0.8221 1.7102, -1.2739 -0.9483 1.7148, -1.2745 -0.9487 1.7171, -1.3597 -0.8226 1.7128, -1.2745 -0.9487 1.7172, -1.3602 -0.8229 1.7155, -1.2751 -0.9491 1.7197, -1.3604 -0.823 1.7182, -1.2752 -0.9492 1.7226, -1.2752 -0.9492 1.7242, -1.4859 -0.5467 1.6948, -1.4269 -0.6863 1.6991, -1.4877 -0.5474 1.6968, -1.4286 -0.6872 1.7011, -1.4893 -0.548 1.6991, -1.4301 -0.6879 1.7034, -1.4905 -0.5484 1.7015, -1.4314 -0.6885 1.7059, -1.4915 -0.5488 1.7041, -1.4323 -0.6889 1.7085, -1.4921 -0.549 1.7068, -1.4328 -0.6892 1.7112, -1.4923 -0.5491 1.7096, -1.433 -0.6893 1.7139, -1.4328 -0.6892 1.7167, -1.3602 -0.8229 1.721, -1.3597 -0.8226 1.7237, -1.2746 -0.9487 1.728, -1.2746 -0.9487 1.728, -1.5603 -0.2533 1.6844, -1.5542 -0.2523 1.6831, -1.5472 -0.2977 1.6844, -1.5774 -0.1028 1.6801, -1.5733 -0.1026 1.6788, -1.5731 -0.1178 1.6792, -1.5729 -0.1298 1.6795, -1.5753 0.0485 1.6744, -1.5803 0.0486 1.6758, -1.5755 0.064 1.674, -1.5759 0.0919 1.6732, -1.3577 -0.8214 1.7288, -1.4314 -0.6885 1.722, -1.4323 -0.6889 1.7194, -1.4915 -0.5488 1.7151, -1.4921 -0.549 1.7124, -1.5375 -0.4037 1.708, -1.5377 -0.4038 1.7053, -1.5692 -0.2547 1.701, -1.5375 -0.4037 1.7025, -1.569 -0.2547 1.6982, -1.5369 -0.4036 1.6998, -1.5683 -0.2546 1.6955, -1.5359 -0.4033 1.6972, -1.5674 -0.2545 1.6929, -1.5346 -0.403 1.6948, -1.566 -0.2542 1.6904, -1.533 -0.4025 1.6925, -1.5644 -0.254 1.6882, -1.5311 -0.402 1.6905, -1.5625 -0.2537 1.6862, -1.5825 0.0486 1.6775, -1.5796 -0.103 1.6818, -1.5844 0.0487 1.6795, -1.5816 -0.1031 1.6838, -1.5861 0.0488 1.6818, -1.5832 -0.1032 1.6861, -1.5874 0.0488 1.6842, -1.5846 -0.1033 1.6886, -1.5884 0.0488 1.6869, -1.5856 -0.1033 1.6912, -1.589 0.0488 1.6896, -1.5862 -0.1034 1.6939, -1.5892 0.0489 1.6923, -1.5864 -0.1034 1.6966, -1.5862 -0.1034 1.6994, -1.569 -0.2547 1.7037, -1.5683 -0.2546 1.7064, -1.5369 -0.4036 1.7107, -1.5359 -0.4033 1.7133, -1.4905 -0.5484 1.7177, -1.4893 -0.548 1.7201, -1.4301 -0.6879 1.7245, -1.4286 -0.6872 1.7267, -1.5731 -0.1178 1.7149, -1.5733 -0.1026 1.7145, -1.5754 0.0485 1.7102, -1.5756 0.064 1.7097, -1.5759 0.092 1.7089, -1.5629 0.1988 1.7059, -1.5573 0.2446 1.7045, -1.268 -0.9438 1.739, 1.575 0.0002 1.5341, 1.575 0.0001 1.5341, 1.3188 -0.0 1.4143, 0.4999 1.2205 1.4676, 0.5898 1.2205 1.4827, 0.5725 1.187 1.4649, 0.6047 1.1721 1.4637, 0.6588 1.2205 1.4943, 0.6595 1.1409 1.4616, 0.7069 1.2205 1.5045, 0.7001 1.1177 1.46, 0.8306 1.2205 1.5309, 0.7121 1.1095 1.4595, 0.7429 1.0884 1.4582, 0.8332 1.2205 1.5316, 0.791 1.0554 1.4562, 0.9753 1.2203 1.5674, 0.8222 1.0299 1.4548, 0.877 0.9851 1.4523, 1.0013 1.2203 1.574, 1.0717 1.1539 1.5712, 1.1575 1.073 1.5678, 0.9669 0.8963 1.4479, 0.9588 0.9057 1.4483, 1.1173 1.1109 1.5694, 0.9007 0.9621 1.4512, 0.8969 0.9657 1.4513, 1.0308 0.8227 1.4446, 1.1614 1.0693 1.5677, 1.0314 0.8219 1.4445, 1.2316 0.9814 1.5644, 1.2336 0.979 1.5644, 1.0597 0.7832 1.4429, 1.2982 0.898 1.5614, 1.0896 0.7424 1.4412, 1.3039 0.8885 1.5611, 1.0959 0.7338 1.4409, 1.3353 0.8355 1.5593, 1.1417 0.6587 1.4379, 1.364 0.787 1.5577, 1.1537 0.639 1.4371, 1.4094 0.7103 1.5552, 1.1839 0.5786 1.4348, 1.4206 0.6837 1.5543, 1.1875 0.5714 1.4346, 1.2046 0.537 1.4333, 1.4214 0.6818 1.5543, 1.2268 0.4811 1.4312, 1.4662 0.5749 1.551, 1.2451 0.4349 1.4295, 1.4896 0.5191 1.5492, 1.4948 0.5067 1.5488, 1.2593 0.3881 1.4278, 1.506 0.4642 1.5476, 1.2693 0.3551 1.4266, 1.5361 0.3502 1.5442, 1.2771 0.3295 1.4256, 1.5581 0.2347 1.5408, 1.3003 0.2209 1.4218, 1.5501 0.2925 1.5419, 1.2849 0.293 1.4243, 1.5364 0.3493 1.5442, 1.5514 0.2924 1.5425, 1.5768 0.0744 1.5362, 1.3149 0.0985 1.4176, 1.5718 0.1176 1.5375, 1.3145 0.1078 1.4179, 1.565 0.1758 1.5391, 1.313 0.1197 1.4183, 1.3034 0.1963 1.4209, 1.2438 -0.4387 1.3989, 1.2592 -0.3884 1.4008, 1.5047 -0.4641 1.5206, 1.2694 -0.3551 1.402, 1.5359 -0.3637 1.5236, 1.276 -0.3336 1.4028, 1.5379 -0.3511 1.524, 1.2847 -0.2932 1.4042, 1.5381 -0.3498 1.524, 1.3 -0.2222 1.4067, 1.557 -0.2346 1.5273, 1.3033 -0.1965 1.4076, 1.5666 -0.1757 1.529, 1.3132 -0.1197 1.4102, 1.5715 -0.1459 1.5299, 1.3141 -0.1121 1.4105, 1.5722 -0.1179 1.5307, 1.3147 -0.0985 1.411, 1.3189 -0.002 1.4142, 1.4877 -0.5186 1.519, 1.4701 -0.5753 1.5173, 1.2267 -0.4813 1.3973, 1.4695 -0.5766 1.5172, 1.2028 -0.541 1.3951, 1.42 -0.6809 1.5139, 1.1875 -0.5716 1.3939, 1.419 -0.6831 1.5139, 1.1839 -0.5787 1.3937, 1.3759 -0.7738 1.511, 1.1531 -0.6403 1.3913, 1.1417 -0.6588 1.3906, 1.3663 -0.7884 1.5105, 1.3355 -0.8351 1.5089, 1.0935 -0.7374 1.3875, 1.3014 -0.8868 1.5071, 1.0897 -0.7425 1.3873, 1.0597 -0.7832 1.3856, 1.2559 -0.956 1.5047, 1.0312 -0.8219 1.384, 1.235 -0.9798 1.5038, 1.2327 -0.9824 1.5037, 0.9007 -0.9621 1.3774, 0.9558 -0.9088 1.38, 1.1548 -1.0711 1.5004, 0.9666 -0.8964 1.3806, 1.0283 -0.8259 1.3838, 1.1186 -1.1123 1.4988, 1.1104 -1.1217 1.4984, 0.8967 -0.9659 1.3772, 1.0729 -1.1556 1.497, 0.8759 -0.986 1.3762, 1.0013 -1.2204 1.4942, 0.8219 -1.03 1.3738, 0.9749 -1.2204 1.4862, 0.7876 -1.0579 1.3722, 0.8471 -1.2205 1.4476, 0.7427 -1.0885 1.3703, 0.8334 -1.2205 1.4439, 0.7121 -1.1094 1.3691, 0.6968 -1.1198 1.3684, 0.6594 -1.1409 1.367, 0.7064 -1.2205 1.4096, 0.6009 -1.1741 1.3647, 0.6745 -1.2205 1.401, 0.5725 -1.1871 1.3636, 0.59 -1.2204 1.3816, 0.4999 -1.2203 1.3608
            ]
        }
        coordIndex [
            0,1,2,-1,2,1,3,-1,3,1,4,-1,3,4,5,-1,5,4,6,-1,5,6,7,-1,7,6,8,-1,7,8,9,-1,9,8,10,-1,10,8,11,-1,10,11,12,-1,12,11,13,-1,12,13,14,-1,15,16,17,-1,17,16,18,-1,14,13,18,-1,18,13,19,-1,18,19,17,-1,20,21,22,-1,22,21,15,-1,22,15,23,-1,23,15,17,-1,24,25,20,-1,20,25,26,-1,20,26,21,-1,20,27,24,-1,24,27,28,-1,24,28,29,-1,29,28,30,-1,29,30,31,-1,31,30,32,-1,31,32,33,-1,33,32,34,-1,33,34,35,-1,35,34,36,-1,35,36,37,-1,37,36,38,-1,37,38,39,-1,39,38,40,-1,39,40,41,-1,41,40,42,-1,42,40,43,-1,42,43,44,-1,43,45,44,-1,44,45,46,-1,44,46,47,-1,47,46,48,-1,47,48,49,-1,49,48,50,-1,49,50,51,-1,51,50,52,-1,51,52,53,-1,53,52,54,-1,54,52,55,-1,54,55,56,-1,55,57,56,-1,56,57,58,-1,56,58,59,-1,59,58,60,-1,61,62,63,-1,63,62,64,-1,63,64,65,-1,65,64,66,-1,65,66,67,-1,67,66,60,-1,67,60,68,-1,68,60,58,-1,63,69,61,-1,61,69,70,-1,61,70,71,-1,71,70,72,-1,71,72,73,-1,74,75,76,-1,76,75,77,-1,73,72,78,-1,78,72,79,-1,78,79,80,-1,80,79,81,-1,80,81,77,-1,77,81,82,-1,77,82,76,-1,83,84,85,-1,85,84,86,-1,85,86,87,-1,87,86,88,-1,87,88,89,-1,89,88,90,-1,89,90,91,-1,91,90,92,-1,91,92,93,-1,93,92,94,-1,93,94,95,-1,95,94,96,-1,95,96,97,-1,97,96,98,-1,97,98,99,-1,99,98,100,-1,99,100,101,-1,101,100,102,-1,101,102,103,-1,103,102,104,-1,103,104,105,-1,105,104,106,-1,105,106,107,-1,107,106,108,-1,107,108,109,-1,109,108,110,-1,109,110,111,-1,111,110,112,-1,111,112,113,-1,113,112,114,-1,113,114,115,-1,115,114,116,-1,115,116,74,-1,74,116,117,-1,74,117,75,-1,118,119,120,-1,120,119,121,-1,120,121,122,-1,122,121,123,-1,122,123,124,-1,124,123,125,-1,124,125,126,-1,126,125,127,-1,126,127,83,-1,83,127,128,-1,83,128,84,-1,118,120,129,-1,129,120,130,-1,129,130,131,-1,131,130,132,-1,131,132,133,-1,133,132,134,-1,133,134,135,-1,136,137,138,-1,138,137,139,-1,138,139,140,-1,141,142,143,-1,143,142,144,-1,143,144,145,-1,140,139,146,-1,146,139,147,-1,146,147,141,-1,141,147,148,-1,141,148,142,-1,149,150,144,-1,144,150,151,-1,144,151,145,-1,149,152,150,-1,150,152,153,-1,150,153,154,-1,154,153,155,-1,154,155,156,-1,156,155,157,-1,156,157,158,-1,158,157,159,-1,157,160,159,-1,159,160,161,-1,159,161,162,-1,162,161,163,-1,162,163,164,-1,164,163,165,-1,164,165,166,-1,166,165,167,-1,166,167,168,-1,168,167,169,-1,168,169,170,-1,170,169,171,-1,170,171,172,-1,173,174,175,-1,172,171,175,-1,175,171,176,-1,175,176,173,-1,177,178,179,-1,177,179,180,-1,180,179,181,-1,180,181,174,-1,174,181,182,-1,174,182,175,-1,177,183,178,-1,178,183,184,-1,178,184,185,-1,185,184,186,-1,185,186,187,-1,187,186,188,-1,188,186,189,-1,188,189,190,-1,189,191,190,-1,190,191,192,-1,190,192,193,-1,193,192,194,-1,193,194,195,-1,195,194,196,-1,197,198,199,-1,199,198,200,-1,199,200,201,-1,201,200,202,-1,201,202,203,-1,203,202,204,-1,203,204,205,-1,205,204,206,-1,205,206,207,-1,207,206,208,-1,207,208,209,-1,209,208,210,-1,209,210,211,-1,211,210,212,-1,211,212,213,-1,213,212,214,-1,213,214,215,-1,215,214,196,-1,215,196,216,-1,216,196,194,-1,217,218,219,-1,219,218,220,-1,219,220,221,-1,221,220,222,-1,221,222,197,-1,197,222,223,-1,197,223,198,-1,224,225,226,-1,227,137,136,-1,136,228,227,-1,227,228,229,-1,227,229,230,-1,230,229,231,-1,231,229,232,-1,231,232,233,-1,232,234,233,-1,233,234,235,-1,233,235,236,-1,236,235,237,-1,236,237,238,-1,238,237,239,-1,238,239,240,-1,240,239,241,-1,240,241,242,-1,242,241,243,-1,242,243,244,-1,244,243,245,-1,244,245,246,-1,246,245,247,-1,246,247,248,-1,248,247,249,-1,248,249,250,-1,250,249,251,-1,250,251,252,-1,251,253,252,-1,252,253,254,-1,252,254,255,-1,255,254,256,-1,255,256,226,-1,226,256,257,-1,226,257,224,-1,258,259,260,-1,261,262,263,-1,264,265,266,-1,267,268,269,-1,270,271,272,-1,273,274,275,-1,276,277,278,-1,279,280,281,-1,282,283,284,-1,285,286,287,-1,287,286,288,-1,287,288,289,-1,290,291,292,-1,289,288,292,-1,292,288,293,-1,292,293,290,-1,282,284,294,-1,279,281,295,-1,296,297,298,-1,299,300,301,-1,299,301,302,-1,303,304,305,-1,306,307,308,-1,309,310,311,-1,312,313,314,-1,314,313,315,-1,314,315,316,-1,317,318,319,-1,319,318,320,-1,319,320,313,-1,313,320,321,-1,313,321,315,-1,322,323,324,-1,324,323,325,-1,324,325,326,-1,327,328,329,-1,329,328,330,-1,329,330,322,-1,322,330,331,-1,322,331,323,-1,327,329,332,-1,332,329,333,-1,332,333,334,-1,334,333,335,-1,335,333,336,-1,335,336,337,-1,338,339,336,-1,336,339,340,-1,336,340,337,-1,285,341,286,-1,286,341,342,-1,286,342,338,-1,338,342,343,-1,338,343,339,-1,283,293,284,-1,284,293,288,-1,284,288,344,-1,344,288,286,-1,344,286,345,-1,345,286,338,-1,345,338,346,-1,346,338,336,-1,346,336,347,-1,347,336,333,-1,347,333,348,-1,348,333,329,-1,348,329,349,-1,349,329,322,-1,349,322,350,-1,350,322,324,-1,350,351,349,-1,349,351,352,-1,349,352,348,-1,348,352,353,-1,348,353,347,-1,347,353,354,-1,347,354,346,-1,346,354,355,-1,346,355,345,-1,345,355,356,-1,345,356,344,-1,344,356,357,-1,344,357,284,-1,284,357,358,-1,284,358,294,-1,280,294,281,-1,281,294,358,-1,281,358,359,-1,359,358,357,-1,359,357,360,-1,360,357,356,-1,360,356,361,-1,361,356,355,-1,361,355,362,-1,362,355,354,-1,362,354,363,-1,363,354,353,-1,363,353,364,-1,364,353,352,-1,364,352,365,-1,365,352,351,-1,365,366,364,-1,364,366,367,-1,364,367,363,-1,363,367,368,-1,363,368,362,-1,362,368,369,-1,362,369,361,-1,361,369,370,-1,361,370,360,-1,360,370,371,-1,360,371,359,-1,359,371,372,-1,359,372,281,-1,281,372,298,-1,281,298,295,-1,295,298,297,-1,300,296,301,-1,301,296,298,-1,301,298,373,-1,373,298,372,-1,373,372,374,-1,374,372,371,-1,374,371,375,-1,375,371,370,-1,375,370,376,-1,376,370,369,-1,376,369,377,-1,377,369,368,-1,377,368,378,-1,378,368,367,-1,378,367,379,-1,379,367,366,-1,379,380,378,-1,378,380,381,-1,378,381,377,-1,377,381,382,-1,377,382,376,-1,376,382,383,-1,376,383,375,-1,375,383,384,-1,375,384,374,-1,374,384,385,-1,374,385,373,-1,373,385,386,-1,373,386,301,-1,301,386,387,-1,301,387,302,-1,388,302,389,-1,389,302,387,-1,389,387,390,-1,390,387,386,-1,390,386,391,-1,391,386,385,-1,391,385,392,-1,392,385,384,-1,392,384,393,-1,393,384,383,-1,393,383,394,-1,394,383,382,-1,394,382,395,-1,395,382,381,-1,395,381,396,-1,396,381,380,-1,397,398,399,-1,400,401,402,-1,402,401,398,-1,402,398,403,-1,403,398,397,-1,317,319,404,-1,404,319,405,-1,404,405,406,-1,407,408,409,-1,400,410,401,-1,401,410,411,-1,401,411,409,-1,409,411,412,-1,409,412,407,-1,407,413,408,-1,408,413,414,-1,408,414,405,-1,405,414,415,-1,405,415,406,-1,416,417,418,-1,418,417,419,-1,274,273,420,-1,267,269,421,-1,422,272,423,-1,424,425,426,-1,423,424,422,-1,422,424,426,-1,422,426,427,-1,427,426,428,-1,427,428,429,-1,429,428,430,-1,429,430,431,-1,431,430,432,-1,431,432,433,-1,433,432,434,-1,433,434,435,-1,435,434,436,-1,435,436,437,-1,437,436,438,-1,437,438,396,-1,396,438,439,-1,396,439,395,-1,395,439,440,-1,395,440,394,-1,394,440,441,-1,394,441,393,-1,393,441,442,-1,393,442,392,-1,392,442,443,-1,392,443,391,-1,391,443,444,-1,391,444,390,-1,390,444,303,-1,390,303,389,-1,389,303,305,-1,389,305,388,-1,425,421,426,-1,426,421,269,-1,426,269,428,-1,428,269,445,-1,428,445,430,-1,430,445,446,-1,430,446,432,-1,432,446,447,-1,432,447,434,-1,434,447,448,-1,434,448,436,-1,436,448,449,-1,436,449,438,-1,438,449,450,-1,438,450,439,-1,439,450,451,-1,439,451,440,-1,440,451,452,-1,440,452,441,-1,441,452,453,-1,441,453,442,-1,442,453,454,-1,442,454,443,-1,443,454,455,-1,443,455,444,-1,444,455,456,-1,444,456,303,-1,303,456,457,-1,303,457,304,-1,458,459,460,-1,458,460,461,-1,265,461,266,-1,266,461,460,-1,266,460,462,-1,462,460,463,-1,462,463,464,-1,464,463,465,-1,464,465,466,-1,466,465,467,-1,466,467,468,-1,468,467,469,-1,468,469,470,-1,470,469,471,-1,470,471,472,-1,472,471,473,-1,472,473,474,-1,474,473,475,-1,474,475,476,-1,476,475,477,-1,476,477,478,-1,478,477,479,-1,478,479,480,-1,480,479,481,-1,480,481,306,-1,306,481,482,-1,306,482,307,-1,483,484,485,-1,485,484,486,-1,485,486,487,-1,487,486,488,-1,487,488,489,-1,489,488,490,-1,489,490,491,-1,491,490,492,-1,491,492,493,-1,493,492,494,-1,493,494,495,-1,495,494,496,-1,495,496,497,-1,497,496,498,-1,497,498,499,-1,499,498,500,-1,499,500,309,-1,309,500,501,-1,309,501,310,-1,459,502,460,-1,460,502,483,-1,460,483,463,-1,463,483,485,-1,463,485,465,-1,465,485,487,-1,465,487,467,-1,467,487,489,-1,467,489,469,-1,469,489,491,-1,469,491,471,-1,471,491,493,-1,471,493,473,-1,473,493,495,-1,473,495,475,-1,475,495,497,-1,475,497,477,-1,477,497,499,-1,477,499,479,-1,479,499,309,-1,479,309,481,-1,481,309,311,-1,481,311,482,-1,268,264,269,-1,269,264,266,-1,269,266,445,-1,445,266,462,-1,445,462,446,-1,446,462,464,-1,446,464,447,-1,447,464,466,-1,447,466,448,-1,448,466,468,-1,448,468,449,-1,449,468,470,-1,449,470,450,-1,450,470,472,-1,450,472,451,-1,451,472,474,-1,451,474,452,-1,452,474,476,-1,452,476,453,-1,453,476,478,-1,453,478,454,-1,454,478,480,-1,454,480,455,-1,455,480,306,-1,455,306,456,-1,456,306,308,-1,456,308,457,-1,503,504,505,-1,503,506,507,-1,507,506,508,-1,503,505,506,-1,506,505,509,-1,506,509,510,-1,511,512,513,-1,513,512,514,-1,509,515,510,-1,510,515,516,-1,510,516,517,-1,517,516,518,-1,517,518,519,-1,519,518,520,-1,519,520,521,-1,520,522,521,-1,521,522,523,-1,521,523,524,-1,524,523,525,-1,524,525,526,-1,526,525,527,-1,526,527,528,-1,528,527,529,-1,528,529,530,-1,514,261,513,-1,513,261,263,-1,513,263,531,-1,531,263,532,-1,531,532,533,-1,533,532,534,-1,533,534,535,-1,535,534,536,-1,535,536,537,-1,537,536,538,-1,537,538,539,-1,539,538,540,-1,539,540,541,-1,541,540,542,-1,541,542,543,-1,543,542,544,-1,543,544,545,-1,545,544,546,-1,545,546,547,-1,547,546,548,-1,547,548,549,-1,262,508,263,-1,263,508,506,-1,263,506,532,-1,532,506,510,-1,532,510,534,-1,534,510,517,-1,534,517,536,-1,536,517,519,-1,536,519,538,-1,538,519,521,-1,538,521,540,-1,540,521,524,-1,540,524,542,-1,542,524,526,-1,542,526,544,-1,544,526,528,-1,544,528,546,-1,546,528,530,-1,546,530,548,-1,550,551,552,-1,553,554,555,-1,551,550,556,-1,557,558,559,-1,559,558,560,-1,278,561,276,-1,276,561,562,-1,276,562,563,-1,563,562,564,-1,563,564,565,-1,565,564,566,-1,565,566,567,-1,567,566,568,-1,567,568,569,-1,569,568,570,-1,569,570,571,-1,571,570,572,-1,571,572,573,-1,573,572,574,-1,573,574,575,-1,575,574,576,-1,575,576,577,-1,577,576,578,-1,577,578,579,-1,579,578,580,-1,579,580,260,-1,260,580,550,-1,260,550,258,-1,258,550,552,-1,557,554,558,-1,558,554,553,-1,558,553,581,-1,581,553,582,-1,581,582,583,-1,583,582,584,-1,583,584,585,-1,585,584,586,-1,585,586,587,-1,587,586,588,-1,587,588,589,-1,589,588,590,-1,589,590,591,-1,591,590,592,-1,591,592,593,-1,593,592,594,-1,593,594,595,-1,595,594,596,-1,595,596,597,-1,597,596,598,-1,597,598,599,-1,599,598,600,-1,599,600,601,-1,601,600,602,-1,601,602,603,-1,603,602,417,-1,603,417,273,-1,273,417,416,-1,273,416,420,-1,555,556,553,-1,553,556,550,-1,553,550,582,-1,582,550,580,-1,582,580,584,-1,584,580,578,-1,584,578,586,-1,586,578,576,-1,586,576,588,-1,588,576,574,-1,588,574,590,-1,590,574,572,-1,590,572,592,-1,592,572,570,-1,592,570,594,-1,594,570,568,-1,594,568,596,-1,596,568,566,-1,596,566,598,-1,598,566,564,-1,598,564,600,-1,600,564,562,-1,600,562,602,-1,602,562,561,-1,602,561,417,-1,417,561,278,-1,417,278,419,-1,259,511,260,-1,260,511,513,-1,260,513,579,-1,579,513,531,-1,579,531,577,-1,577,531,533,-1,577,533,575,-1,575,533,535,-1,575,535,573,-1,573,535,537,-1,573,537,571,-1,571,537,539,-1,571,539,569,-1,569,539,541,-1,569,541,567,-1,567,541,543,-1,567,543,565,-1,565,543,545,-1,565,545,563,-1,563,545,547,-1,563,547,276,-1,276,547,549,-1,276,549,277,-1,502,604,483,-1,483,604,605,-1,483,605,484,-1,484,605,606,-1,484,606,607,-1,608,609,399,-1,399,609,610,-1,399,610,397,-1,607,608,484,-1,484,608,399,-1,484,399,486,-1,486,399,398,-1,486,398,488,-1,488,398,401,-1,488,401,490,-1,490,401,409,-1,490,409,492,-1,492,409,408,-1,492,408,494,-1,494,408,405,-1,494,405,496,-1,496,405,319,-1,496,319,498,-1,498,319,313,-1,498,313,500,-1,500,313,312,-1,500,312,501,-1,326,560,324,-1,324,560,558,-1,324,558,350,-1,350,558,581,-1,350,581,351,-1,351,581,583,-1,351,583,365,-1,365,583,585,-1,365,585,366,-1,366,585,587,-1,366,587,379,-1,379,587,589,-1,379,589,380,-1,380,589,591,-1,380,591,396,-1,396,591,593,-1,396,593,437,-1,437,593,595,-1,437,595,435,-1,435,595,597,-1,435,597,433,-1,433,597,599,-1,433,599,431,-1,431,599,601,-1,431,601,429,-1,429,601,603,-1,429,603,427,-1,427,603,273,-1,427,273,422,-1,422,273,275,-1,422,275,272,-1,272,275,611,-1,272,611,270,-1,612,613,614,-1,615,616,617,-1,617,616,618,-1,618,616,619,-1,618,619,620,-1,620,619,621,-1,620,621,622,-1,622,621,623,-1,622,623,624,-1,624,623,625,-1,625,623,626,-1,625,626,627,-1,627,626,628,-1,627,628,629,-1,629,628,630,-1,630,628,631,-1,630,631,632,-1,633,634,635,-1,633,635,636,-1,636,635,637,-1,636,637,632,-1,632,637,638,-1,632,638,630,-1,634,633,639,-1,639,633,640,-1,639,640,641,-1,640,642,641,-1,641,642,643,-1,641,643,644,-1,644,643,645,-1,644,645,646,-1,646,645,647,-1,646,647,648,-1,648,647,649,-1,648,649,650,-1,650,649,651,-1,650,651,652,-1,652,651,653,-1,652,653,654,-1,654,653,655,-1,654,655,656,-1,656,655,657,-1,657,655,658,-1,657,658,659,-1,659,658,660,-1,659,660,661,-1,660,662,661,-1,661,662,663,-1,661,663,664,-1,664,663,665,-1,664,665,666,-1,666,665,667,-1,666,667,668,-1,669,670,671,-1,671,670,672,-1,668,667,672,-1,672,667,673,-1,672,673,671,-1,671,673,674,-1,671,674,669,-1,612,614,675,-1,675,614,676,-1,675,676,677,-1,677,676,678,-1,677,678,679,-1,679,678,680,-1,679,680,669,-1,669,680,681,-1,669,681,670,-1,682,683,684,-1,684,683,685,-1,684,685,686,-1,686,685,687,-1,686,687,688,-1,688,687,689,-1,688,689,690,-1,690,689,691,-1,690,691,692,-1,692,691,693,-1,692,693,694,-1,694,693,695,-1,694,695,696,-1,696,695,697,-1,696,697,698,-1,698,697,699,-1,698,699,613,-1,613,699,700,-1,613,700,614,-1,684,701,682,-1,682,701,702,-1,682,702,703,-1,703,702,704,-1,703,704,705,-1,705,704,706,-1,705,706,707,-1,707,706,708,-1,707,708,709,-1,709,708,710,-1,709,710,711,-1,711,710,712,-1,710,713,712,-1,712,713,714,-1,712,714,715,-1,715,714,716,-1,715,716,717,-1,717,716,718,-1,718,716,719,-1,718,719,720,-1,720,719,721,-1,720,721,722,-1,723,724,725,-1,725,724,726,-1,725,726,722,-1,722,726,727,-1,722,727,720,-1,725,728,723,-1,723,728,729,-1,723,729,730,-1,730,729,731,-1,730,731,732,-1,732,731,733,-1,732,733,734,-1,734,733,735,-1,734,735,736,-1,736,735,737,-1,736,737,738,-1,738,737,739,-1,738,739,740,-1,740,739,741,-1,741,739,742,-1,742,739,743,-1,742,743,744,-1,744,743,745,-1,744,745,746,-1,746,745,747,-1,746,747,748,-1,
        ]
    }
}
Shape{
    appearance Appearance {
        material  Material 	{
            diffuseColor 1.0 1.0 0.9490196078431372
            specularColor 0.5019607843137255 0.5019607843137255 0.4745098039215686
            ambientIntensity 0.9942
            transparency 0.0
            shininess 0.5
        }
    }
    geometry IndexedFaceSet {
        ccw TRUE
        solid FALSE
        coord DEF co Coordinate {
            point [
                1.133 -0.4536 4.8197, 1.1984 -0.231 4.8197, 0.9612 -0.2042 4.5835, 0.9137 -0.3658 4.5835, 0.8966 -0.399 4.5835, 1.0267 -0.6598 4.8197, 0.828 -0.5321 4.5835, 0.7933 -0.5762 4.5835, 0.8833 -0.8422 4.8197, 0.7123 -0.6792 4.5835, 0.6558 -0.7282 4.5835, 0.7079 -0.9942 4.8197, 0.5709 -0.8017 4.5835, 0.4899 -0.8485 4.5835, 0.507 -1.1102 4.8197, 0.4089 -0.8953 4.5835, 0.2877 -1.1861 4.8197, 0.3028 -0.932 4.5835, 0.232 -0.9565 4.5835, 0.0581 -1.2191 4.8197, 0.1023 -0.9752 4.5835, 0.0468 -0.9831 4.5835, 0.0 -0.9843 4.5835, -0.1737 -1.208 4.8197, -0.1027 -0.9769 4.5835, -0.1401 -0.9742 4.5835, -0.3992 -1.1533 4.8197, -0.3038 -0.9345 4.5835, -0.3219 -0.9301 4.5835, -0.6102 -1.057 4.8197, -0.4921 -0.8524 4.5835, -0.7992 -0.9224 4.8197, -0.6445 -0.7438 4.5835, -0.6574 -0.7303 4.5835, -0.9594 -0.7544 4.8197, -0.7737 -0.6084 4.5835, -0.7939 -0.577 4.5835, -1.0848 -0.5593 4.8197, -0.8748 -0.451 4.5835, -0.8957 -0.3989 4.5835, -1.171 -0.3438 4.8197, -0.9444 -0.2773 4.5835, -0.9585 -0.2038 4.5835, -1.2149 -0.116 4.8197, -0.9798 -0.0936 4.5835, -0.9798 -0.0 4.5835, -1.2149 0.116 4.8197, -0.9798 0.0936 4.5835, -1.171 0.3438 4.8197, -0.9585 0.2038 4.5835, -0.9444 0.2773 4.5835, -1.0848 0.5593 4.8197, -0.8957 0.3989 4.5835, -0.8748 0.451 4.5835, -0.9594 0.7544 4.8197, -0.7939 0.577 4.5835, -0.7737 0.6084 4.5835, -0.7992 0.9224 4.8197, -0.6574 0.7303 4.5835, -0.6445 0.7438 4.5835, -0.6102 1.057 4.8197, -0.4921 0.8524 4.5835, -0.3992 1.1533 4.8197, -0.3219 0.9301 4.5835, -0.3038 0.9345 4.5835, -0.1737 1.208 4.8197, -0.1401 0.9742 4.5835, -0.1027 0.976 4.5835, 0.0581 1.2191 4.8197, 0.0468 0.9831 4.5835, 0.1023 0.9752 4.5835, 0.2877 1.1861 4.8197, 0.232 0.9565 4.5835, 0.3028 0.932 4.5835, 0.507 1.1102 4.8197, 0.4089 0.8953 4.5835, 0.4899 0.8485 4.5835, 0.7079 0.9942 4.8197, 0.5709 0.8017 4.5835, 0.8833 0.8422 4.8197, 0.6558 0.7282 4.5835, 0.7123 0.6792 4.5835, 1.0267 0.6598 4.8197, 0.7933 0.5762 4.5835, 0.828 0.5321 4.5835, 1.133 0.4536 4.8197, 0.8966 0.399 4.5835, 0.9137 0.3658 4.5835, 1.1984 0.231 4.8197, 0.9612 0.2042 4.5835, 0.9665 0.1863 4.5835, 1.2205 -0.0 4.8197, 0.9843 0.0 4.5835, 0.9665 -0.1863 4.5835
            ]
        }
        coordIndex [
            0,1,2,-1,2,3,0,-1,0,3,4,-1,0,4,5,-1,4,6,5,-1,5,6,7,-1,5,7,8,-1,7,9,8,-1,8,9,10,-1,8,10,11,-1,10,12,11,-1,11,12,13,-1,11,13,14,-1,14,13,15,-1,14,15,16,-1,15,17,16,-1,16,17,18,-1,16,18,19,-1,19,18,20,-1,20,21,19,-1,19,21,22,-1,19,22,23,-1,22,24,23,-1,23,24,25,-1,23,25,26,-1,25,27,26,-1,26,27,28,-1,26,28,29,-1,29,28,30,-1,29,30,31,-1,30,32,31,-1,31,32,33,-1,31,33,34,-1,33,35,34,-1,34,35,36,-1,34,36,37,-1,36,38,37,-1,37,38,39,-1,37,39,40,-1,39,41,40,-1,40,41,42,-1,40,42,43,-1,42,44,43,-1,43,44,45,-1,43,45,46,-1,46,45,47,-1,46,47,48,-1,47,49,48,-1,48,49,50,-1,48,50,51,-1,50,52,51,-1,51,52,53,-1,51,53,54,-1,53,55,54,-1,54,55,56,-1,54,56,57,-1,56,58,57,-1,57,58,59,-1,57,59,60,-1,60,59,61,-1,60,61,62,-1,61,63,62,-1,62,63,64,-1,62,64,65,-1,64,66,65,-1,65,66,67,-1,65,67,68,-1,67,69,68,-1,68,69,70,-1,68,70,71,-1,70,72,71,-1,71,72,73,-1,71,73,74,-1,73,75,74,-1,74,75,76,-1,74,76,77,-1,77,76,78,-1,77,78,79,-1,78,80,79,-1,79,80,81,-1,79,81,82,-1,81,83,82,-1,82,83,84,-1,82,84,85,-1,84,86,85,-1,85,86,87,-1,85,87,88,-1,87,89,88,-1,88,89,90,-1,88,90,91,-1,91,90,92,-1,91,92,1,-1,1,92,93,-1,1,93,2,-1,
        ]
    }
}
Shape{
    appearance Appearance {
        material  Material 	{
            diffuseColor 0.29411764705882354 0.29411764705882354 0.29411764705882354
            specularColor 0.14901960784313725 0.14901960784313725 0.14901960784313725
            ambientIntensity 0.2941
            transparency 0.0
            shininess 0.5
        }
    }
    geometry IndexedFaceSet {
        ccw TRUE
        solid FALSE
        coord DEF co Coordinate {
            point [
                1.3663 0.7883 2.6916, 1.3355 0.8353 2.6932, 1.3409 0.8388 2.6949, 1.1552 1.0711 2.7017, 1.1188 1.1125 2.7033, 1.1215 1.1151 2.705, 1.4934 0.5205 2.6848, 1.426 0.6839 2.6899, 1.4284 0.685 2.6921, 1.4664 -0.5752 2.6511, 1.4898 -0.5192 2.6528, 1.4935 -0.5206 2.6545, 1.4208 -0.684 2.6477, 1.4217 -0.6819 2.6478, 1.426 -0.6839 2.6495, 1.5763 -0.177 2.6694, 1.5862 -0.0 2.6744, 1.5882 -0.0 2.6777, 1.0191 1.2205 2.7253, 1.0188 1.2205 2.7274, 1.1274 1.121 2.7233, 1.0031 -1.2205 2.6288, 1.0012 -1.2203 2.6281, 1.0716 -1.154 2.6308, 1.0057 -1.2205 2.6301, 1.1216 -1.1152 2.6344, 1.1234 -1.1171 2.6366, 1.0102 -1.2205 2.6324, 1.1249 -1.1186 2.6391, 1.1263 -1.1199 2.6424, 1.0162 -1.2205 2.6382, 1.0159 -1.2205 2.6377, 1.0131 -1.2205 2.6349, 1.0119 -1.2205 2.6336, 1.1272 -1.1208 2.6461, 1.1275 -1.1212 2.6493, 1.019 -1.2205 2.6452, 1.0188 -1.2205 2.6435, 1.0185 -1.2205 2.6424, 1.0167 -1.2205 2.6389, 1.1275 -1.1211 2.6526, 1.0191 -1.2205 2.6475, 1.0191 -1.2205 2.6464, 1.0178 -1.2205 2.6517, 1.0179 -1.2205 2.6515, 1.0184 -1.2205 2.6503, 1.0188 -1.2205 2.6485, 1.127 -1.1206 2.6559, 1.126 -1.1197 2.6593, 1.016 -1.2205 2.6547, 1.0152 -1.2205 2.6556, 1.1246 -1.1183 2.6625, 1.0124 -1.2205 2.6581, 1.1575 -1.073 2.67, 1.1173 -1.1109 2.6684, 1.1212 -1.1149 2.667, 1.0717 -1.154 2.6666, 1.0113 -1.2205 2.6591, 1.1227 -1.1164 2.6653, 1.0082 -1.2205 2.661, 1.0049 -1.2204 2.6624, 1.0013 -1.2204 2.6638, 1.0031 1.2205 2.7429, 1.0014 1.2204 2.7436, 1.0732 1.1556 2.7408, 1.0048 1.2205 2.742, 1.1211 1.1148 2.7376, 1.1227 1.1163 2.7359, 1.0083 1.2205 2.7402, 1.0124 1.2205 2.7374, 1.0118 1.2205 2.738, 1.0102 1.2205 2.7392, 1.1246 1.1182 2.7331, 1.126 1.1196 2.7299, 1.0159 1.2205 2.7339, 1.0187 1.2205 2.7281, 1.0184 1.2205 2.7292, 1.1269 1.1205 2.7265, 1.0177 1.2205 2.7307, 1.0167 1.2205 2.7327, 1.019 1.2205 2.7241, 1.1275 1.1211 2.72, 1.0184 1.2205 2.7213, 1.0182 1.2205 2.7209, 1.1271 1.1207 2.7167, 1.0179 1.2205 2.7201, 1.1262 1.1198 2.713, 1.0159 1.2205 2.7169, 1.0151 1.2205 2.716, 1.1249 1.1184 2.7097, 1.013 1.2205 2.7141, 1.1234 1.117 2.7072, 1.0113 1.2205 2.7125, 1.0057 1.2204 2.7096, 1.0082 1.2205 2.7106, 1.0013 1.2203 2.7078, 1.0731 1.1556 2.7051, 1.1105 1.1219 2.7036, 1.5364 -0.3493 2.6936, 1.5362 -0.3503 2.6936, 1.5418 -0.3506 2.6922, 1.5063 -0.4644 2.6902, 1.5717 -0.1176 2.7003, 1.565 -0.1757 2.6987, 1.5711 -0.1764 2.6973, 1.5581 -0.2348 2.697, 1.5515 -0.2917 2.6953, 1.4105 -0.7087 2.6827, 1.4255 -0.6837 2.6822, 1.4209 -0.6839 2.6835, 1.4217 -0.6819 2.6835, 1.3642 -0.787 2.6801, 1.3404 -0.8385 2.6771, 1.3354 -0.8355 2.6785, 1.304 -0.8885 2.6767, 1.2989 -0.8972 2.6764, 1.2336 -0.9789 2.6734, 1.2385 -0.9829 2.6721, 1.2316 -0.9814 2.6733, 1.1617 -1.0691 2.6701, 1.4958 -0.5049 2.689, 1.4898 -0.5192 2.6886, 1.493 -0.5204 2.6872, 1.4664 -0.575 2.6868, 1.5783 -0.1772 2.6727, 1.5894 -0.0 2.6814, 1.5795 -0.1774 2.6764, 1.59 -0.0 2.6847, 1.58 -0.1774 2.6796, 1.5899 -0.0 2.688, 1.58 -0.1774 2.6829, 1.5892 -0.0 2.6912, 1.5793 -0.1773 2.6862, 1.5878 -0.0 2.6946, 1.5779 -0.1772 2.6895, 1.5858 -0.0 2.6978, 1.5759 -0.177 2.6928, 1.5832 -0.0 2.7006, 1.5733 -0.1767 2.6956, 1.581 -0.0 2.7023, 1.5768 -0.074 2.7016, 1.5469 -0.3518 2.6643, 1.5488 -0.3522 2.6677, 1.55 -0.3525 2.6713, 1.5505 -0.3526 2.6746, 1.5504 -0.3526 2.6779, 1.5498 -0.3524 2.6811, 1.5484 -0.3521 2.6845, 1.5465 -0.3517 2.6877, 1.5439 -0.3511 2.6905, 1.496 -0.5214 2.6568, 1.498 -0.5221 2.6593, 1.4998 -0.5228 2.6626, 1.501 -0.5232 2.6663, 1.5015 -0.5234 2.6695, 1.5014 -0.5233 2.6728, 1.5007 -0.5231 2.6761, 1.4995 -0.5227 2.6794, 1.4976 -0.522 2.6827, 1.4951 -0.5211 2.6855, 1.5841 -0.0 2.6719, 1.5742 -0.1768 2.6669, 1.5448 -0.3513 2.6618, 1.4283 -0.685 2.6517, 1.4303 -0.6859 2.6542, 1.432 -0.6868 2.6576, 1.4332 -0.6873 2.6612, 1.4336 -0.6876 2.6645, 1.4335 -0.6875 2.6678, 1.4329 -0.6872 2.6711, 1.4317 -0.6866 2.6744, 1.4299 -0.6858 2.6776, 1.4275 -0.6846 2.6804, 1.5815 -0.0 2.6697, 1.5717 -0.1765 2.6646, 1.5423 -0.3507 2.6596, 1.4957 -0.505 2.6533, 1.5063 -0.4645 2.6545, 1.5362 -0.3503 2.6578, 1.5364 -0.3493 2.6579, 1.5515 -0.2919 2.6596, 1.5581 -0.2347 2.6612, 1.565 -0.1757 2.6629, 1.304 -0.8885 2.641, 1.3354 -0.8355 2.6427, 1.3408 -0.8388 2.6445, 1.3641 -0.7871 2.6443, 1.4104 -0.7089 2.6469, 1.3422 -0.8397 2.6754, 1.3444 -0.841 2.6726, 1.3462 -0.8421 2.6693, 1.3473 -0.8428 2.666, 1.3479 -0.8432 2.6627, 1.348 -0.8432 2.6594, 1.3475 -0.843 2.6562, 1.3464 -0.8423 2.6525, 1.3448 -0.8413 2.6492, 1.343 -0.8401 2.6467, 1.1574 -1.0731 2.6342, 1.1616 -1.0691 2.6344, 1.1173 -1.1109 2.6326, 1.239 -0.9832 2.6394, 1.241 -0.9848 2.6416, 1.2426 -0.9861 2.6442, 1.2442 -0.9873 2.6475, 1.2452 -0.9881 2.6511, 1.2456 -0.9884 2.6544, 1.2455 -0.9884 2.6577, 1.245 -0.9879 2.661, 1.2439 -0.9871 2.6643, 1.2423 -0.9858 2.6675, 1.2403 -0.9842 2.6704, 1.2316 -0.9814 2.6376, 1.2336 -0.9789 2.6377, 1.2988 -0.8974 2.6407, 1.2331 0.9826 2.7341, 1.2353 0.9801 2.734, 1.2386 0.9828 2.7326, 1.2551 0.9576 2.7331, 1.1102 1.1222 2.7394, 1.1188 1.1125 2.739, 1.1552 1.0712 2.7374, 1.493 0.5203 2.7175, 1.4878 0.5186 2.7188, 1.5049 0.464 2.7172, 1.5418 0.3506 2.7124, 1.536 0.3648 2.7142, 1.5382 0.351 2.7138, 1.3015 0.887 2.7307, 1.3355 0.8353 2.7289, 1.3405 0.8385 2.7275, 1.3663 0.7884 2.7273, 1.3765 0.7729 2.7268, 1.4189 0.683 2.7239, 1.4199 0.681 2.7239, 1.4255 0.6837 2.7225, 1.4694 0.5764 2.7206, 1.4706 0.5739 2.7205, 1.2455 0.9883 2.7182, 1.245 0.9879 2.7215, 1.244 0.9871 2.7248, 1.2424 0.9858 2.7281, 1.2403 0.9842 2.7309, 1.3481 0.8432 2.7099, 1.348 0.8432 2.7132, 1.3474 0.8428 2.7164, 1.3463 0.8421 2.7198, 1.3445 0.841 2.723, 1.3423 0.8397 2.7258, 1.4332 0.6873 2.7016, 1.4336 0.6875 2.7048, 1.4335 0.6875 2.7081, 1.4329 0.6872 2.7114, 1.4317 0.6866 2.7147, 1.4299 0.6857 2.718, 1.4275 0.6846 2.7208, 1.4997 0.5227 2.6929, 1.5009 0.5231 2.6965, 1.5014 0.5233 2.6998, 1.5013 0.5232 2.7031, 1.5007 0.523 2.7064, 1.4994 0.5226 2.7097, 1.4975 0.5219 2.7129, 1.495 0.5211 2.7157, 1.5469 0.3517 2.6845, 1.5488 0.3521 2.6878, 1.55 0.3524 2.6915, 1.5505 0.3525 2.6947, 1.5504 0.3525 2.698, 1.5498 0.3524 2.7013, 1.5485 0.3521 2.7047, 1.5465 0.3516 2.7079, 1.544 0.351 2.7107, 1.239 0.9831 2.6999, 1.241 0.9847 2.7022, 1.2427 0.9861 2.7047, 1.2442 0.9873 2.708, 1.2452 0.9881 2.7117, 1.2456 0.9884 2.7149, 1.5743 0.1767 2.6769, 1.5764 0.177 2.6795, 1.5784 0.1772 2.6828, 1.5796 0.1773 2.6864, 1.5801 0.1774 2.6897, 1.5801 0.1774 2.693, 1.5794 0.1773 2.6963, 1.578 0.1772 2.6996, 1.576 0.1769 2.7028, 1.5734 0.1766 2.7057, 1.5712 0.1764 2.7074, 1.5718 0.1765 2.6747, 1.5423 0.3507 2.6798, 1.5448 0.3513 2.682, 1.4959 0.5214 2.687, 1.4979 0.5221 2.6895, 1.4303 0.6859 2.6946, 1.432 0.6868 2.6979, 1.3476 0.843 2.7066, 1.3465 0.8423 2.703, 1.3449 0.8413 2.6996, 1.3431 0.8402 2.6971, 1.3016 0.8869 2.6949, 1.2553 0.9574 2.6973, 1.2353 0.9801 2.6982, 1.2332 0.9826 2.6983, 1.4693 0.5764 2.6848, 1.4707 0.5736 2.6847, 1.4878 0.5187 2.6831, 1.5049 0.464 2.6814, 1.5383 0.3509 2.6781, 1.536 0.3645 2.6785, 1.5718 0.1467 2.6721, 1.567 0.1758 2.673, 1.5574 0.2345 2.6747, 1.5385 0.3499 2.678, 1.4199 0.681 2.6881, 1.4189 0.6831 2.6882, 1.3766 0.7727 2.691, 1.5384 0.3499 2.7138, 1.5574 0.2346 2.7104, 1.567 0.1758 2.7087, 1.5718 0.147 2.7079, 1.5724 0.118 2.7071, 1.5751 -0.0 2.7037, 1.5751 -0.0001 2.7037, 1.5751 -0.0001 2.6679, 1.5725 0.1178 2.6713, 1.5718 -0.1176 2.6646, 1.5768 -0.0742 2.6658, 1.5751 -0.0001 2.6679, -1.3033 0.1964 2.6831, -1.3 0.2223 2.6822, -1.3012 0.2137 2.6745, -0.4999 1.2205 2.6366, -0.4999 1.2205 2.6285, -0.5501 1.1987 2.6303, -0.5725 1.1871 2.6393, -0.6028 1.1717 2.6323, -0.6008 1.1741 2.6404, -0.6596 1.1409 2.6426, -0.6515 1.1467 2.6342, -0.6967 1.1198 2.6441, -0.7065 1.1124 2.6364, -0.7121 1.1094 2.6447, -0.7119 1.109 2.6366, -0.7429 1.0884 2.646, -0.7447 1.0885 2.6379, -0.7875 1.058 2.6478, -0.8044 1.0439 2.6405, -0.822 1.0299 2.6493, -0.833 1.0226 2.6417, -0.8759 0.986 2.6517, -0.8957 0.9669 2.6446, -0.8968 0.9658 2.6527, -0.9009 0.9623 2.6449, -0.9007 0.9621 2.6529, -0.916 0.9489 2.6456, -0.9558 0.9089 2.6556, -0.9796 0.8819 2.6488, -0.9667 0.8964 2.6561, -0.9945 0.8663 2.6495, -1.0283 0.8259 2.6594, -1.0556 0.7899 2.6529, -1.0312 0.8219 2.6596, -1.0597 0.7832 2.6612, -1.0605 0.7838 2.6532, -1.0632 0.7805 2.6533, -1.1846 0.579 2.6614, -1.1839 0.5787 2.6693, -1.1784 0.5919 2.6609, -1.153 0.6403 2.667, -1.1246 0.689 2.657, -1.1417 0.6587 2.6663, -1.1231 0.6913 2.6569, -1.0935 0.7375 2.6632, -1.0897 0.7425 2.6629, -1.3003 0.2209 2.6743, -1.2847 0.2932 2.6797, -1.2771 0.3292 2.6705, -1.276 0.3337 2.6783, -1.2715 0.3477 2.6698, -1.2694 0.3551 2.6775, -1.2693 0.3551 2.6696, -1.2593 0.3883 2.6763, -1.2452 0.4346 2.6667, -1.2438 0.4388 2.6745, -1.2281 0.4779 2.6651, -1.2268 0.4812 2.6729, -1.2047 0.5369 2.6629, -1.2028 0.541 2.6707, -1.1875 0.5715 2.6696, -1.3132 0.1197 2.6858, -1.313 0.1197 2.6777, -1.3141 0.1121 2.6861, -1.3145 0.1078 2.6781, -1.3147 0.0985 2.6866, -1.3157 0.0771 2.6792, -1.3189 0.0021 2.6899, -1.3189 -0.002 2.6819, -1.3188 -0.0 2.6899, -1.3164 -0.0602 2.6839, -1.3149 -0.0985 2.6932, -1.3141 -0.1121 2.6857, -1.3145 -0.1077 2.6936, -1.313 -0.1197 2.694, -1.3132 -0.1197 2.686, -1.3033 -0.1964 2.6966, -1.3033 -0.1968 2.6886, -1.3003 -0.2208 2.6974, -1.3 -0.2222 2.6895, -1.2848 -0.2931 2.6999, -1.2765 -0.3315 2.6933, -1.2771 -0.3294 2.7012, -1.276 -0.3336 2.6934, -1.2693 -0.3551 2.7021, -1.2694 -0.3551 2.6942, -1.2593 -0.3882 2.7033, -1.2438 -0.4387 2.6971, -1.2451 -0.4349 2.705, -1.2268 -0.4811 2.7067, -1.2344 -0.4622 2.698, -1.2046 -0.537 2.7088, -1.2028 -0.541 2.7009, -1.1875 -0.5714 2.7101, -1.1839 -0.5787 2.7023, -1.1839 -0.5786 2.7104, -1.1793 -0.588 2.7027, -1.1538 -0.639 2.7128, -1.1531 -0.6403 2.7047, -1.1417 -0.6587 2.7135, -1.1118 -0.7075 2.7074, -1.0959 -0.7338 2.7165, -1.0935 -0.7374 2.7087, -1.0896 -0.7424 2.7169, -1.0597 -0.7832 2.7186, -1.0597 -0.7832 2.7106, -1.0314 -0.822 2.7202, -1.0328 -0.8198 2.7121, -1.0309 -0.8227 2.7202, -1.0283 -0.8259 2.7124, -0.9668 -0.8964 2.7235, -0.9558 -0.9088 2.7161, -0.9588 -0.9056 2.7239, -0.9417 -0.9225 2.7168, -0.9007 -0.9621 2.7267, -0.9007 -0.9621 2.7187, -0.8969 -0.9658 2.7269, -0.877 -0.985 2.7278, -0.8759 -0.986 2.7199, -0.8222 -1.0299 2.7303, -0.8403 -1.015 2.7215, -0.791 -1.0553 2.7317, -0.7875 -1.0579 2.7238, -0.7429 -1.0884 2.7337, -0.7302 -1.097 2.7262, -0.7121 -1.1095 2.735, -0.7121 -1.1094 2.727, -0.7002 -1.1177 2.7355, -0.6968 -1.1198 2.7276, -0.6596 -1.1408 2.7371, -0.6124 -1.1676 2.731, -0.6047 -1.1721 2.7393, -0.6009 -1.1741 2.7314, -0.5725 -1.187 2.7405, -0.4999 -1.2204 2.7352, -0.4999 -1.2205 2.7432, -1.0578 -0.7875 1.5848, -1.266 -0.9425 1.7047, -1.0604 -0.7837 1.5846, -1.3478 -0.8153 1.7004, -1.3149 -0.0985 1.5594, -1.3145 -0.1077 1.5598, -1.5729 -0.1298 1.6795, -1.313 -0.1197 1.5602, -1.5542 -0.2523 1.6831, -1.3003 -0.2208 1.5637, -1.5472 -0.2977 1.6844, -1.2943 -0.2489 1.5646, -1.5396 -0.3474 1.6858, -1.2771 -0.3294 1.5674, -1.5239 -0.4001 1.6874, -1.2693 -0.3551 1.5683, -1.5021 -0.4734 1.6896, -1.2569 -0.3961 1.5698, -1.4808 -0.5449 1.6917, -1.2451 -0.4349 1.5711, -1.4773 -0.5565 1.6921, -1.2046 -0.537 1.5748, -1.4377 -0.6428 1.6948, -1.204 -0.5383 1.5749, -1.4194 -0.6828 1.6961, -1.1839 -0.5786 1.5764, -1.3855 -0.7567 1.6984, -1.1538 -0.639 1.5788, -1.355 -0.8041 1.7, -1.1333 -0.6726 1.5801, -1.0964 -0.7331 1.5826, -1.3 0.2223 1.5483, -1.5369 0.3472 1.6658, -1.276 0.3337 1.5444, -1.5175 0.4215 1.6636, -1.2701 0.3528 1.5438, -1.5731 -0.1178 1.6792, -1.5733 -0.1026 1.6788, -1.3189 0.0021 1.5559, -1.5753 0.0485 1.6744, -1.3167 0.0534 1.5541, -1.5755 0.064 1.674, -1.3141 0.1121 1.5521, -1.5759 0.0919 1.6732, -1.3132 0.1197 1.5518, -1.5629 0.1988 1.6701, -1.3023 0.2045 1.5489, -1.5573 0.2446 1.6688, -1.5516 0.2912 1.6675, -1.2694 0.3551 1.5437, -1.4987 0.4935 1.6615, -1.2438 0.4388 1.5407, -1.4964 0.502 1.6612, -1.2207 0.4964 1.5386, -1.4586 0.593 1.6584, -1.2028 0.541 1.537, -1.4418 0.6335 1.6571, -1.1839 0.5787 1.5356, -1.4122 0.7047 1.6549, -1.1562 0.6339 1.5334, -1.3813 0.7572 1.6532, -1.153 0.6403 1.5332, -1.3747 0.7684 1.6528, -1.0935 0.7375 1.5292, -1.2998 0.8957 1.6486, -1.2977 0.8984 1.6485, -1.0752 0.7623 1.5281, -1.2867 0.9122 1.648, -1.0597 0.7832 1.5272, -1.2035 1.0166 1.6442, -0.8502 1.2205 1.5905, -0.7875 1.058 1.5141, -1.0013 1.2203 1.636, -0.8732 0.9882 1.5178, -1.0432 1.1807 1.6376, -0.8759 0.986 1.5179, -1.1006 1.1266 1.6399, -0.9007 0.9621 1.519, -1.1623 1.0684 1.6423, -0.9558 0.9089 1.5216, -1.1735 1.0543 1.6428, -0.9803 0.8807 1.5229, -1.0283 0.8259 1.5254, -0.4999 1.2205 1.5026, -0.6008 1.1741 1.5065, -0.6565 1.2205 1.5387, -0.6239 1.161 1.5074, -0.6744 1.2205 1.5428, -0.6967 1.1198 1.5103, -0.847 1.2205 1.5895, -0.7121 1.1094 1.511, -0.7532 1.0814 1.5127, -1.2431 -0.9725 1.7058, -0.9879 -0.8738 1.5887, -1.1394 -1.0888 1.7102, -1.1276 -1.102 1.7107, -0.9425 -0.921 1.5909, -1.1043 -1.1281 1.7117, -0.9115 -0.9532 1.5924, -0.9011 -0.9624 1.5928, -1.0014 -1.2205 1.7157, -0.829 -1.0258 1.5961, -0.9488 -1.2205 1.7024, -0.808 -1.0413 1.597, -0.8308 -1.2205 1.6726, -0.7374 -1.0935 1.6001, -0.7119 -1.1092 1.6011, -0.7046 -1.2205 1.6457, -0.6582 -1.1422 1.6033, -0.6434 -1.1513 1.6039, -0.6589 -1.2205 1.636, -0.5451 -1.201 1.6077, -0.4999 -1.2205 1.6094, 0.4999 -1.2203 1.3608, 0.4999 -1.2203 1.353, 0.5725 -1.1871 1.3636, 0.5724 -1.187 1.3556, 0.6009 -1.1741 1.3647, 0.6048 -1.1721 1.3568, 0.6594 -1.1409 1.367, 0.6594 -1.1409 1.359, 0.6968 -1.1198 1.3684, 0.7002 -1.1177 1.3607, 0.7121 -1.1094 1.3691, 0.7121 -1.1095 1.3612, 0.7427 -1.0885 1.3703, 0.7428 -1.0885 1.3624, 0.7876 -1.0579 1.3722, 0.7911 -1.0553 1.3644, 0.8219 -1.03 1.3738, 0.822 -1.03 1.3658, 0.8759 -0.986 1.3762, 0.877 -0.985 1.3682, 0.8967 -0.9659 1.3772, 0.8967 -0.9659 1.3691, 0.9007 -0.9621 1.3774, 0.9007 -0.9621 1.3693, 0.9558 -0.9088 1.38, 0.9588 -0.9056 1.372, 0.9666 -0.8964 1.3806, 0.9667 -0.8965 1.3724, 1.0283 -0.8259 1.3838, 1.0309 -0.8227 1.3757, 1.0312 -0.8219 1.384, 1.0314 -0.822 1.3758, 1.0597 -0.7832 1.3856, 1.0597 -0.7832 1.3774, 1.0897 -0.7425 1.3873, 1.0896 -0.7424 1.3792, 1.0935 -0.7374 1.3875, 1.0959 -0.7338 1.3795, 1.1417 -0.6588 1.3906, 1.1417 -0.6588 1.3826, 1.1531 -0.6403 1.3913, 1.1538 -0.639 1.3834, 1.1839 -0.5787 1.3937, 1.1839 -0.5786 1.3858, 1.1875 -0.5716 1.3939, 1.1874 -0.5715 1.386, 1.2028 -0.541 1.3951, 1.2046 -0.537 1.3874, 1.2267 -0.4813 1.3973, 1.2267 -0.4813 1.3894, 1.2438 -0.4387 1.3989, 1.2452 -0.4348 1.3911, 1.2592 -0.3884 1.4008, 1.2592 -0.3884 1.3927, 1.2694 -0.3551 1.402, 1.2693 -0.3551 1.3939, 1.276 -0.3336 1.4028, 1.2771 -0.3294 1.3948, 1.2847 -0.2932 1.4042, 1.2848 -0.2933 1.396, 1.3 -0.2222 1.4067, 1.3003 -0.2208 1.3985, 1.3033 -0.1965 1.4076, 1.3033 -0.1965 1.3994, 1.3132 -0.1197 1.4102, 1.313 -0.1197 1.402, 1.3141 -0.1121 1.4105, 1.3145 -0.1077 1.4024, 1.3147 -0.0985 1.411, 1.3149 -0.0985 1.4028, 1.3189 -0.002 1.4142, 1.3188 -0.0 1.4062, 1.3188 -0.0 1.4143, 1.3189 0.0021 1.4062, 1.3149 0.0985 1.4176, 1.3147 0.0985 1.4096, 1.3145 0.1078 1.4179, 1.3141 0.1121 1.4101, 1.313 0.1197 1.4183, 1.3132 0.1197 1.4104, 1.3034 0.1963 1.4209, 1.3034 0.1963 1.413, 1.3003 0.2209 1.4218, 1.3 0.2223 1.4139, 1.2849 0.293 1.4243, 1.2848 0.293 1.4164, 1.2771 0.3295 1.4256, 1.276 0.3337 1.4178, 1.2693 0.3551 1.4266, 1.2694 0.3551 1.4185, 1.2593 0.3881 1.4278, 1.2593 0.3881 1.4197, 1.2451 0.4349 1.4295, 1.2438 0.4388 1.4215, 1.2268 0.4811 1.4312, 1.2268 0.4811 1.423, 1.2046 0.537 1.4333, 1.2028 0.5411 1.4252, 1.1875 0.5714 1.4346, 1.1876 0.5715 1.4264, 1.1839 0.5786 1.4348, 1.1839 0.5787 1.4266, 1.1537 0.639 1.4371, 1.153 0.6403 1.429, 1.1417 0.6587 1.4379, 1.1417 0.6587 1.4298, 1.0959 0.7338 1.4409, 1.0934 0.7375 1.433, 1.0896 0.7424 1.4412, 1.0898 0.7425 1.4332, 1.0597 0.7832 1.4429, 1.0597 0.7832 1.435, 1.0314 0.8219 1.4445, 1.0313 0.8218 1.4366, 1.0308 0.8227 1.4446, 1.0283 0.8259 1.4368, 0.9669 0.8963 1.4479, 0.9668 0.8963 1.44, 0.9588 0.9057 1.4483, 0.9557 0.9089 1.4406, 0.9007 0.9621 1.4512, 0.9007 0.9621 1.4432, 0.8969 0.9657 1.4513, 0.8969 0.9657 1.4433, 0.877 0.9851 1.4523, 0.8759 0.9861 1.4443, 0.8222 1.0299 1.4548, 0.8221 1.0298 1.4466, 0.791 1.0554 1.4562, 0.7875 1.058 1.4481, 0.7429 1.0884 1.4582, 0.7429 1.0884 1.45, 0.7121 1.1095 1.4595, 0.7121 1.1094 1.4512, 0.7001 1.1177 1.46, 0.6967 1.1198 1.4519, 0.6595 1.1409 1.4616, 0.6595 1.1409 1.4533, 0.6047 1.1721 1.4637, 0.6008 1.1741 1.4557, 0.5725 1.187 1.4649, 0.5725 1.1871 1.4568, 0.4999 1.2205 1.4676, 0.4999 1.2205 1.4595
            ]
        }
        coordIndex [
            0,1,2,-1,3,4,5,-1,6,7,8,-1,9,10,11,-1,12,13,14,-1,15,16,17,-1,18,19,20,-1,21,22,23,-1,21,23,24,-1,25,26,24,-1,24,26,27,-1,28,29,30,-1,30,31,28,-1,28,31,32,-1,28,32,26,-1,26,32,33,-1,26,33,27,-1,34,35,36,-1,36,37,34,-1,34,37,38,-1,34,38,29,-1,29,38,39,-1,29,39,30,-1,40,41,35,-1,35,41,42,-1,35,42,36,-1,43,44,40,-1,44,45,40,-1,40,45,46,-1,40,46,41,-1,40,47,43,-1,43,47,48,-1,43,48,49,-1,49,48,50,-1,50,48,51,-1,50,51,52,-1,53,54,55,-1,55,54,56,-1,52,51,57,-1,57,51,58,-1,57,58,59,-1,59,58,55,-1,59,55,60,-1,60,55,56,-1,60,56,61,-1,62,63,64,-1,62,64,65,-1,64,66,65,-1,65,66,67,-1,65,67,68,-1,69,70,67,-1,67,70,71,-1,67,71,68,-1,67,72,69,-1,69,72,73,-1,69,73,74,-1,75,76,77,-1,77,76,78,-1,77,78,73,-1,73,78,79,-1,73,79,74,-1,18,20,80,-1,80,20,81,-1,80,81,82,-1,82,81,83,-1,83,81,84,-1,83,84,85,-1,85,84,86,-1,85,86,87,-1,87,86,88,-1,88,86,89,-1,88,89,90,-1,90,89,91,-1,90,91,92,-1,5,93,94,-1,95,93,96,-1,96,93,5,-1,96,5,97,-1,97,5,4,-1,98,99,100,-1,100,99,101,-1,102,103,104,-1,104,103,105,-1,104,105,106,-1,107,108,109,-1,109,108,110,-1,107,111,112,-1,111,113,112,-1,112,113,114,-1,112,114,115,-1,115,116,117,-1,117,116,118,-1,117,118,119,-1,120,121,122,-1,122,121,123,-1,124,125,126,-1,126,125,127,-1,126,127,128,-1,128,127,129,-1,128,129,130,-1,130,129,131,-1,130,131,132,-1,132,131,133,-1,132,133,134,-1,134,133,135,-1,134,135,136,-1,136,135,137,-1,136,137,138,-1,138,137,139,-1,138,139,104,-1,104,139,140,-1,104,140,102,-1,141,124,142,-1,142,124,126,-1,142,126,143,-1,143,126,128,-1,143,128,144,-1,144,128,130,-1,144,130,145,-1,145,130,132,-1,145,132,146,-1,146,132,134,-1,146,134,147,-1,147,134,136,-1,147,136,148,-1,148,136,138,-1,148,138,149,-1,149,138,104,-1,149,104,100,-1,100,104,106,-1,100,106,98,-1,150,141,151,-1,151,141,142,-1,151,142,152,-1,152,142,143,-1,152,143,153,-1,153,143,144,-1,153,144,154,-1,154,144,145,-1,154,145,155,-1,155,145,146,-1,155,146,156,-1,156,146,147,-1,156,147,157,-1,157,147,148,-1,157,148,158,-1,158,148,149,-1,158,149,159,-1,159,149,100,-1,159,100,122,-1,122,100,101,-1,122,101,120,-1,160,16,161,-1,161,16,15,-1,161,15,162,-1,14,150,163,-1,163,150,151,-1,163,151,164,-1,164,151,152,-1,164,152,165,-1,165,152,153,-1,165,153,166,-1,166,153,154,-1,166,154,167,-1,167,154,155,-1,167,155,168,-1,168,155,156,-1,168,156,169,-1,169,156,157,-1,169,157,170,-1,170,157,158,-1,170,158,171,-1,171,158,159,-1,171,159,172,-1,172,159,122,-1,172,122,108,-1,108,122,123,-1,108,123,110,-1,173,160,174,-1,174,160,161,-1,174,161,175,-1,175,161,162,-1,175,162,11,-1,10,176,11,-1,11,176,177,-1,11,177,175,-1,175,177,178,-1,178,179,175,-1,175,179,180,-1,175,180,174,-1,174,180,181,-1,174,181,182,-1,183,184,185,-1,185,184,186,-1,185,186,187,-1,107,112,108,-1,108,112,188,-1,108,188,172,-1,172,188,189,-1,172,189,171,-1,171,189,190,-1,171,190,170,-1,170,190,191,-1,170,191,169,-1,169,191,192,-1,169,192,168,-1,168,192,193,-1,168,193,167,-1,167,193,194,-1,167,194,166,-1,166,194,195,-1,166,195,165,-1,165,195,196,-1,165,196,164,-1,164,196,197,-1,164,197,163,-1,163,197,185,-1,163,185,14,-1,14,185,187,-1,14,187,12,-1,198,199,25,-1,24,23,25,-1,25,23,200,-1,25,200,198,-1,199,201,25,-1,25,201,202,-1,25,202,26,-1,26,202,203,-1,26,203,28,-1,28,203,204,-1,28,204,29,-1,29,204,205,-1,29,205,34,-1,34,205,206,-1,34,206,35,-1,35,206,207,-1,35,207,40,-1,40,207,208,-1,40,208,47,-1,47,208,209,-1,47,209,48,-1,48,209,210,-1,48,210,51,-1,51,210,211,-1,51,211,58,-1,58,211,117,-1,58,117,55,-1,55,117,119,-1,55,119,53,-1,199,212,201,-1,201,212,213,-1,201,213,214,-1,115,117,112,-1,112,117,211,-1,112,211,188,-1,188,211,210,-1,188,210,189,-1,189,210,209,-1,189,209,190,-1,190,209,208,-1,190,208,191,-1,191,208,207,-1,191,207,192,-1,192,207,206,-1,192,206,193,-1,193,206,205,-1,193,205,194,-1,194,205,204,-1,194,204,195,-1,195,204,203,-1,195,203,196,-1,196,203,202,-1,196,202,197,-1,197,202,201,-1,197,201,185,-1,185,201,214,-1,185,214,183,-1,13,9,14,-1,14,9,11,-1,14,11,150,-1,150,11,162,-1,150,162,141,-1,141,162,15,-1,141,15,124,-1,124,15,17,-1,124,17,125,-1,215,216,217,-1,217,216,218,-1,64,219,66,-1,66,219,220,-1,66,220,221,-1,222,223,224,-1,225,226,227,-1,228,229,230,-1,230,229,231,-1,230,231,232,-1,233,234,235,-1,235,234,236,-1,235,236,237,-1,238,77,239,-1,239,77,73,-1,239,73,240,-1,240,73,72,-1,240,72,241,-1,241,72,67,-1,241,67,242,-1,242,67,66,-1,242,66,217,-1,217,66,221,-1,217,221,215,-1,243,238,244,-1,244,238,239,-1,244,239,245,-1,245,239,240,-1,245,240,246,-1,246,240,241,-1,246,241,247,-1,247,241,242,-1,247,242,248,-1,248,242,217,-1,248,217,230,-1,230,217,218,-1,230,218,228,-1,249,243,250,-1,250,243,244,-1,250,244,251,-1,251,244,245,-1,251,245,252,-1,252,245,246,-1,252,246,253,-1,253,246,247,-1,253,247,254,-1,254,247,248,-1,254,248,255,-1,255,248,230,-1,255,230,235,-1,235,230,232,-1,235,232,233,-1,256,249,257,-1,257,249,250,-1,257,250,258,-1,258,250,251,-1,258,251,259,-1,259,251,252,-1,259,252,260,-1,260,252,253,-1,260,253,261,-1,261,253,254,-1,261,254,262,-1,262,254,255,-1,262,255,263,-1,263,255,235,-1,263,235,222,-1,222,235,237,-1,222,237,223,-1,264,256,265,-1,265,256,257,-1,265,257,266,-1,266,257,258,-1,266,258,267,-1,267,258,259,-1,267,259,268,-1,268,259,260,-1,268,260,269,-1,269,260,261,-1,269,261,270,-1,270,261,262,-1,270,262,271,-1,271,262,263,-1,271,263,272,-1,272,263,222,-1,272,222,225,-1,225,222,224,-1,225,224,226,-1,273,91,274,-1,274,91,89,-1,274,89,275,-1,275,89,86,-1,275,86,276,-1,276,86,84,-1,276,84,277,-1,277,84,81,-1,277,81,278,-1,278,81,20,-1,279,264,280,-1,280,264,265,-1,280,265,281,-1,281,265,266,-1,281,266,282,-1,282,266,267,-1,282,267,283,-1,283,267,268,-1,283,268,284,-1,284,268,269,-1,284,269,285,-1,285,269,270,-1,285,270,286,-1,286,270,271,-1,286,271,287,-1,287,271,272,-1,287,272,288,-1,288,272,225,-1,288,225,289,-1,290,291,292,-1,292,291,293,-1,292,293,294,-1,294,293,295,-1,294,295,296,-1,278,297,277,-1,277,297,298,-1,277,298,276,-1,276,298,299,-1,276,299,275,-1,275,299,300,-1,275,300,274,-1,274,300,2,-1,274,2,273,-1,1,301,2,-1,2,301,302,-1,2,302,273,-1,273,302,303,-1,273,303,304,-1,304,3,273,-1,273,3,5,-1,273,5,91,-1,91,5,94,-1,91,94,92,-1,305,7,306,-1,306,7,6,-1,306,6,307,-1,307,6,308,-1,309,310,291,-1,311,312,290,-1,290,312,313,-1,290,313,291,-1,291,313,314,-1,291,314,309,-1,310,308,291,-1,291,308,6,-1,291,6,293,-1,293,6,8,-1,293,8,295,-1,305,315,7,-1,7,315,316,-1,7,316,317,-1,297,296,298,-1,298,296,295,-1,298,295,299,-1,299,295,8,-1,299,8,300,-1,300,8,7,-1,300,7,2,-1,2,7,317,-1,2,317,0,-1,227,318,225,-1,225,318,319,-1,225,319,289,-1,289,319,320,-1,289,320,321,-1,322,323,139,-1,139,323,324,-1,139,324,140,-1,173,279,160,-1,160,279,280,-1,160,280,16,-1,16,280,281,-1,16,281,17,-1,17,281,282,-1,17,282,125,-1,125,282,283,-1,125,283,127,-1,127,283,284,-1,127,284,129,-1,129,284,285,-1,129,285,131,-1,131,285,286,-1,131,286,133,-1,133,286,287,-1,133,287,135,-1,135,287,288,-1,135,288,137,-1,137,288,289,-1,137,289,139,-1,139,289,321,-1,139,321,322,-1,325,326,173,-1,182,327,174,-1,174,327,328,-1,174,328,173,-1,173,328,329,-1,173,329,325,-1,326,311,173,-1,173,311,290,-1,173,290,279,-1,279,290,292,-1,279,292,264,-1,264,292,294,-1,264,294,256,-1,256,294,296,-1,256,296,249,-1,249,296,297,-1,249,297,243,-1,243,297,278,-1,243,278,238,-1,238,278,20,-1,238,20,77,-1,77,20,19,-1,77,19,75,-1,330,331,332,-1,333,334,335,-1,333,335,336,-1,336,335,337,-1,336,337,338,-1,338,337,339,-1,339,337,340,-1,339,340,341,-1,341,340,342,-1,341,342,343,-1,343,342,344,-1,343,344,345,-1,345,344,346,-1,345,346,347,-1,347,346,348,-1,347,348,349,-1,349,348,350,-1,349,350,351,-1,351,350,352,-1,351,352,353,-1,353,352,354,-1,353,354,355,-1,355,354,356,-1,355,356,357,-1,357,356,358,-1,357,358,359,-1,359,358,360,-1,359,360,361,-1,361,360,362,-1,361,362,363,-1,363,362,364,-1,364,362,365,-1,364,365,366,-1,367,368,369,-1,369,368,370,-1,369,370,371,-1,371,370,372,-1,371,372,373,-1,373,372,374,-1,373,374,366,-1,366,374,375,-1,366,375,364,-1,332,331,376,-1,376,331,377,-1,376,377,378,-1,378,377,379,-1,378,379,380,-1,380,379,381,-1,380,381,382,-1,382,381,383,-1,382,383,384,-1,384,383,385,-1,384,385,386,-1,386,385,387,-1,386,387,388,-1,388,387,389,-1,388,389,367,-1,367,389,390,-1,367,390,368,-1,330,332,391,-1,391,332,392,-1,391,392,393,-1,393,392,394,-1,393,394,395,-1,395,394,396,-1,395,396,397,-1,397,396,398,-1,397,398,399,-1,399,398,400,-1,399,400,401,-1,401,400,402,-1,401,402,403,-1,403,402,404,-1,404,402,405,-1,404,405,406,-1,406,405,407,-1,406,407,408,-1,408,407,409,-1,408,409,410,-1,410,409,411,-1,410,411,412,-1,412,411,413,-1,412,413,414,-1,414,413,415,-1,414,415,416,-1,416,415,417,-1,416,417,418,-1,418,417,419,-1,419,417,420,-1,419,420,421,-1,421,420,422,-1,421,422,423,-1,423,422,424,-1,423,424,425,-1,425,424,426,-1,425,426,427,-1,427,426,428,-1,427,428,429,-1,429,428,430,-1,429,430,431,-1,431,430,432,-1,431,432,433,-1,433,432,434,-1,434,432,435,-1,434,435,436,-1,436,435,437,-1,436,437,438,-1,438,437,439,-1,438,439,440,-1,440,439,441,-1,440,441,442,-1,442,441,443,-1,442,443,444,-1,444,443,445,-1,444,445,446,-1,446,445,447,-1,447,445,448,-1,447,448,449,-1,449,448,450,-1,449,450,451,-1,451,450,452,-1,451,452,453,-1,453,452,454,-1,453,454,455,-1,455,454,456,-1,455,456,457,-1,457,456,458,-1,457,458,459,-1,459,458,460,-1,459,460,461,-1,461,460,462,-1,461,462,463,-1,463,462,464,-1,463,464,465,-1,466,467,468,-1,468,467,469,-1,470,471,472,-1,472,471,473,-1,472,473,474,-1,474,473,475,-1,474,475,476,-1,476,475,477,-1,476,477,478,-1,478,477,479,-1,478,479,480,-1,480,479,481,-1,480,481,482,-1,482,481,483,-1,482,483,484,-1,484,483,485,-1,484,485,486,-1,486,485,487,-1,486,487,488,-1,488,487,489,-1,488,489,490,-1,490,489,491,-1,490,491,492,-1,492,491,493,-1,492,493,494,-1,494,493,495,-1,494,495,469,-1,469,495,496,-1,469,496,468,-1,497,498,499,-1,499,498,500,-1,499,500,501,-1,472,502,470,-1,470,502,503,-1,470,503,504,-1,504,503,505,-1,504,505,506,-1,506,505,507,-1,506,507,508,-1,508,507,509,-1,508,509,510,-1,510,509,511,-1,510,511,512,-1,512,511,513,-1,512,513,497,-1,497,513,514,-1,497,514,498,-1,501,500,515,-1,515,500,516,-1,515,516,517,-1,517,516,518,-1,517,518,519,-1,519,518,520,-1,519,520,521,-1,521,520,522,-1,521,522,523,-1,523,522,524,-1,523,524,525,-1,525,524,526,-1,525,526,527,-1,527,526,528,-1,527,528,529,-1,528,530,529,-1,529,530,531,-1,529,531,532,-1,532,531,533,-1,532,533,534,-1,534,533,535,-1,536,537,538,-1,538,537,539,-1,538,539,540,-1,540,539,541,-1,540,541,542,-1,542,541,543,-1,542,543,544,-1,544,543,545,-1,544,545,546,-1,546,545,547,-1,546,547,535,-1,535,547,548,-1,535,548,534,-1,549,550,551,-1,551,550,552,-1,551,552,553,-1,553,552,554,-1,553,554,555,-1,555,554,556,-1,555,556,536,-1,536,556,557,-1,536,557,537,-1,467,466,558,-1,558,466,559,-1,558,559,560,-1,560,559,561,-1,561,559,562,-1,561,562,563,-1,562,564,563,-1,563,564,565,-1,563,565,566,-1,566,565,567,-1,566,567,568,-1,568,567,569,-1,568,569,570,-1,569,571,570,-1,570,571,572,-1,570,572,573,-1,572,574,573,-1,573,574,575,-1,573,575,576,-1,576,575,577,-1,576,577,578,-1,579,580,581,-1,581,580,582,-1,581,582,583,-1,583,582,584,-1,583,584,585,-1,585,584,586,-1,585,586,587,-1,587,586,588,-1,587,588,589,-1,589,588,590,-1,589,590,591,-1,591,590,592,-1,591,592,593,-1,593,592,594,-1,593,594,595,-1,595,594,596,-1,595,596,597,-1,597,596,598,-1,597,598,599,-1,599,598,600,-1,599,600,601,-1,601,600,602,-1,601,602,603,-1,603,602,604,-1,603,604,605,-1,605,604,606,-1,605,606,607,-1,607,606,608,-1,607,608,609,-1,609,608,610,-1,609,610,611,-1,611,610,612,-1,611,612,613,-1,613,612,614,-1,613,614,615,-1,615,614,616,-1,615,616,617,-1,617,616,618,-1,617,618,619,-1,619,618,620,-1,619,620,621,-1,621,620,622,-1,621,622,623,-1,623,622,624,-1,623,624,625,-1,625,624,626,-1,625,626,627,-1,627,626,628,-1,627,628,629,-1,629,628,630,-1,629,630,631,-1,631,630,632,-1,631,632,633,-1,633,632,634,-1,633,634,635,-1,635,634,636,-1,635,636,637,-1,637,636,638,-1,637,638,639,-1,639,638,640,-1,639,640,641,-1,641,640,642,-1,641,642,643,-1,643,642,644,-1,643,644,645,-1,645,644,646,-1,645,646,647,-1,647,646,648,-1,647,648,649,-1,649,648,650,-1,649,650,651,-1,651,650,652,-1,651,652,653,-1,653,652,654,-1,653,654,655,-1,655,654,656,-1,655,656,657,-1,657,656,658,-1,657,658,659,-1,659,658,660,-1,659,660,661,-1,661,660,662,-1,661,662,663,-1,663,662,664,-1,663,664,665,-1,665,664,666,-1,665,666,667,-1,667,666,668,-1,667,668,669,-1,669,668,670,-1,669,670,671,-1,671,670,672,-1,671,672,673,-1,673,672,674,-1,673,674,675,-1,675,674,676,-1,675,676,677,-1,677,676,678,-1,677,678,679,-1,679,678,680,-1,679,680,681,-1,681,680,682,-1,681,682,683,-1,683,682,684,-1,683,684,685,-1,685,684,686,-1,685,686,687,-1,687,686,688,-1,687,688,689,-1,689,688,690,-1,689,690,691,-1,691,690,692,-1,691,692,693,-1,693,692,694,-1,693,694,695,-1,695,694,696,-1,695,696,697,-1,697,696,698,-1,697,698,699,-1,699,698,700,-1,699,700,701,-1,701,700,702,-1,701,702,703,-1,703,702,704,-1,703,704,705,-1,705,704,706,-1,705,706,707,-1,707,706,708,-1,707,708,709,-1,709,708,710,-1,709,710,711,-1,711,710,712,-1,711,712,713,-1,713,712,714,-1,713,714,715,-1,715,714,716,-1,715,716,717,-1,717,716,718,-1,717,718,719,-1,719,718,720,-1,719,720,721,-1,721,720,722,-1,
        ]
    }
}
Shape{
    appearance Appearance {
        material  Material 	{
            diffuseColor 1.0 1.0 0.9490196078431372
            specularColor 0.5019607843137255 0.5019607843137255 0.4745098039215686
            ambientIntensity 0.9942
            transparency 0.0
            shininess 0.5
        }
    }
    geometry IndexedFaceSet {
        ccw TRUE
        solid FALSE
        coord DEF co Coordinate {
            point [
                -1.2149 0.116 4.8197, -1.4567 -0.0 4.8197, -1.2149 -0.116 4.8197, -1.4368 -0.2398 4.8197, -1.171 -0.3438 4.8197, -1.3778 -0.473 4.8197, -1.0848 -0.5593 4.8197, -1.2811 -0.6933 4.8197, -0.9594 -0.7544 4.8197, -1.1495 -0.8947 4.8197, -0.7992 -0.9224 4.8197, -0.9866 -1.0717 4.8197, -0.6102 -1.057 4.8197, -0.7967 -1.2195 4.8197, -0.3992 -1.1533 4.8197, -0.5851 -1.334 4.8197, -0.3576 -1.4121 4.8197, -0.1737 -1.208 4.8197, -0.1203 -1.4517 4.8197, 0.0581 -1.2191 4.8197, 0.1203 -1.4517 4.8197, 0.2877 -1.1861 4.8197, 0.3576 -1.4121 4.8197, 0.507 -1.1102 4.8197, 0.5851 -1.334 4.8197, 0.7079 -0.9942 4.8197, 0.7967 -1.2195 4.8197, 0.8833 -0.8422 4.8197, -0.1737 1.208 4.8197, -0.3576 1.4121 4.8197, -0.3992 1.1533 4.8197, -0.5851 1.334 4.8197, -0.6102 1.057 4.8197, -0.7967 1.2195 4.8197, -0.7992 0.9224 4.8197, -0.9866 1.0717 4.8197, -0.9594 0.7544 4.8197, -1.1495 0.8947 4.8197, -1.0848 0.5593 4.8197, -1.2811 0.6933 4.8197, -1.171 0.3438 4.8197, -1.3778 0.473 4.8197, -1.4368 0.2398 4.8197, 0.9866 -1.0717 4.8197, 1.1495 -0.8947 4.8197, 1.0267 -0.6598 4.8197, 1.2811 -0.6933 4.8197, 1.133 -0.4536 4.8197, 1.3778 -0.473 4.8197, 1.1984 -0.231 4.8197, 1.4368 -0.2398 4.8197, 1.2205 -0.0 4.8197, 1.4567 0.0 4.8197, 1.1984 0.231 4.8197, 1.4368 0.2398 4.8197, 1.133 0.4536 4.8197, 1.3778 0.473 4.8197, 1.0267 0.6598 4.8197, 1.2811 0.6933 4.8197, 1.1495 0.8947 4.8197, 0.8833 0.8422 4.8197, 0.9866 1.0717 4.8197, 0.7079 0.9942 4.8197, 0.7967 1.2195 4.8197, 0.507 1.1102 4.8197, 0.5851 1.334 4.8197, 0.2877 1.1861 4.8197, 0.3576 1.4121 4.8197, 0.0581 1.2191 4.8197, 0.1203 1.4517 4.8197, -0.1203 1.4517 4.8197
            ]
        }
        coordIndex [
            0,1,2,-1,2,1,3,-1,2,3,4,-1,4,3,5,-1,4,5,6,-1,6,5,7,-1,6,7,8,-1,8,7,9,-1,8,9,10,-1,10,9,11,-1,10,11,12,-1,12,11,13,-1,12,13,14,-1,13,15,14,-1,14,15,16,-1,14,16,17,-1,17,16,18,-1,17,18,19,-1,19,18,20,-1,19,20,21,-1,21,20,22,-1,21,22,23,-1,23,22,24,-1,23,24,25,-1,25,24,26,-1,25,26,27,-1,28,29,30,-1,30,29,31,-1,30,31,32,-1,32,31,33,-1,32,33,34,-1,34,33,35,-1,34,35,36,-1,36,35,37,-1,36,37,38,-1,38,37,39,-1,38,39,40,-1,40,39,41,-1,40,41,0,-1,0,41,42,-1,0,42,1,-1,26,43,27,-1,27,43,44,-1,27,44,45,-1,45,44,46,-1,45,46,47,-1,47,46,48,-1,47,48,49,-1,49,48,50,-1,49,50,51,-1,51,50,52,-1,51,52,53,-1,53,52,54,-1,53,54,55,-1,55,54,56,-1,55,56,57,-1,56,58,57,-1,57,58,59,-1,57,59,60,-1,60,59,61,-1,60,61,62,-1,62,61,63,-1,62,63,64,-1,64,63,65,-1,64,65,66,-1,66,65,67,-1,66,67,68,-1,68,67,69,-1,68,69,28,-1,28,69,70,-1,28,70,29,-1,
        ]
    }
}
Shape{
    appearance Appearance {
        material  Material 	{
            diffuseColor 0.29411764705882354 0.29411764705882354 0.29411764705882354
            specularColor 0.14901960784313725 0.14901960784313725 0.14901960784313725
            ambientIntensity 0.2941
            transparency 0.0
            shininess 0.5
        }
    }
    geometry IndexedFaceSet {
        ccw TRUE
        solid FALSE
        coord DEF co Coordinate {
            point [
                1.2353 0.9801 2.734, 1.2331 0.9826 2.7341, 1.0313 0.8219 2.854, 0.9007 0.9621 2.8605, 0.9558 0.9088 2.8579, 1.1552 1.0712 2.7374, 0.9667 0.8963 2.8573, 1.0283 0.8259 2.8541, 1.2551 0.9576 2.7331, 1.0597 0.7832 2.8523, 1.3015 0.887 2.7307, 1.0897 0.7425 2.8506, 1.0935 0.7374 2.8504, 1.3355 0.8353 2.7289, 1.1417 0.6588 2.8472, 1.3663 0.7884 2.7273, 1.3765 0.7729 2.7268, 1.1531 0.6403 2.8464, 1.1839 0.5787 2.8441, 1.4189 0.683 2.7239, 1.1875 0.5716 2.8438, 1.4199 0.681 2.7239, 1.2028 0.541 2.8426, 1.4694 0.5764 2.7206, 1.2268 0.4812 2.8404, 1.4706 0.5739 2.7205, 1.2438 0.4387 2.8389, 1.4878 0.5186 2.7188, 1.5049 0.464 2.7172, 1.2593 0.3883 2.8371, 1.2694 0.3551 2.8359, 1.536 0.3648 2.7142, 1.276 0.3336 2.8351, 1.5382 0.351 2.7138, 1.2847 0.2931 2.8337, 1.5384 0.3499 2.7138, 1.3 0.2222 2.8313, 1.5574 0.2346 2.7104, 1.3033 0.1964 2.8304, 1.567 0.1758 2.7087, 1.3132 0.1197 2.8277, 1.5718 0.147 2.7079, 1.3141 0.1121 2.8274, 1.5724 0.118 2.7071, 1.3147 0.0986 2.827, 1.5751 -0.0 2.7037, 1.3189 0.002 2.8236, 1.3188 0.0001 2.8236, 1.3034 -0.1963 2.8168, 1.5581 -0.2348 2.697, 1.313 -0.1197 2.8195, 1.565 -0.1757 2.6987, 1.3145 -0.1078 2.8199, 1.5717 -0.1176 2.7003, 1.3149 -0.0985 2.8202, 1.5768 -0.074 2.7016, 1.5751 -0.0001 2.7037, 1.5362 -0.3503 2.6936, 1.5364 -0.3493 2.6936, 1.2849 -0.2931 2.8135, 1.55 -0.2925 2.6959, 1.3003 -0.2209 2.816, 1.5515 -0.2917 2.6953, 1.2771 -0.3295 2.8122, 1.2693 -0.3551 2.8113, 1.5063 -0.4644 2.6902, 1.2593 -0.3882 2.8101, 1.4958 -0.5049 2.689, 1.2451 -0.4349 2.8084, 1.4898 -0.5192 2.6886, 1.4664 -0.575 2.6868, 1.2268 -0.4811 2.8067, 1.4217 -0.6819 2.6835, 1.2046 -0.5371 2.8046, 1.4209 -0.6839 2.6835, 1.1875 -0.5714 2.8033, 1.1839 -0.5786 2.803, 1.4105 -0.7087 2.6827, 1.1537 -0.639 2.8007, 1.3642 -0.787 2.6801, 1.1417 -0.6587 2.7999, 1.3354 -0.8355 2.6785, 1.0959 -0.7338 2.797, 1.304 -0.8885 2.6767, 1.0897 -0.7424 2.7966, 1.2989 -0.8972 2.6764, 1.0597 -0.7832 2.7949, 1.2336 -0.9789 2.6734, 1.0314 -0.8219 2.7933, 1.2316 -0.9814 2.6733, 1.1617 -1.0691 2.6701, 1.0308 -0.8228 2.7932, 1.1575 -1.073 2.67, 0.9669 -0.8964 2.7899, 0.9587 -0.9057 2.7895, 1.1173 -1.1109 2.6684, 0.9007 -0.9621 2.7867, 1.0717 -1.154 2.6666, 0.8969 -0.9657 2.7865, 0.877 -0.9851 2.7855, 1.0013 -1.2204 2.6638, 0.9755 -1.2204 2.6703, 0.8222 -1.0299 2.7831, 0.791 -1.0554 2.7817, 0.834 -1.2205 2.7058, 0.7429 -1.0884 2.7797, 0.8114 -1.2205 2.7115, 0.7121 -1.1095 2.7784, 0.7001 -1.1177 2.7779, 0.7068 -1.2205 2.7335, 0.6595 -1.1409 2.7764, 0.6563 -1.2205 2.7441, 0.6047 -1.1721 2.7742, 0.5898 -1.2205 2.7553, 0.5725 -1.187 2.773, 0.5 -1.2204 2.7703, 1.1188 1.1125 2.739, 1.1102 1.1222 2.7394, 0.8968 0.9658 2.8607, 1.0732 1.1556 2.7408, 0.8759 0.986 2.8616, 1.0014 1.2204 2.7436, 0.822 1.0299 2.864, 0.975 1.2204 2.7515, 0.7875 1.0579 2.8656, 0.8497 1.2205 2.7894, 0.7428 1.0884 2.8674, 0.8335 1.2205 2.7938, 0.7121 1.1094 2.8687, 0.6968 1.1198 2.8693, 0.6595 1.1409 2.8708, 0.7057 1.2205 2.8287, 0.6009 1.1741 2.8731, 0.6968 1.2205 2.8311, 0.5725 1.1871 2.8742, 0.5905 1.2205 2.8559, 0.4999 1.2204 2.8769, -1.0716 1.1541 2.7726, -0.9007 0.9621 2.6529, -1.1174 1.1108 2.7744, -0.9558 0.9089 2.6556, -1.1573 1.0731 2.776, -0.9667 0.8964 2.6561, -1.1618 1.0689 2.7761, -1.0283 0.8259 2.6594, -1.2316 0.9815 2.7793, -1.0312 0.8219 2.6596, -1.2337 0.9789 2.7794, -1.0597 0.7832 2.6612, -1.2992 0.8968 2.7824, -1.0897 0.7425 2.6629, -1.3041 0.8886 2.7827, -1.0935 0.7375 2.6632, -1.3355 0.8355 2.7845, -1.1417 0.6587 2.6663, -1.3641 0.787 2.7861, -1.153 0.6403 2.667, -1.4107 0.7083 2.7887, -1.1839 0.5787 2.6693, -1.4209 0.6839 2.7894, -1.1875 0.5715 2.6696, -1.4217 0.6819 2.7895, -1.2028 0.541 2.6707, -1.4664 0.5751 2.7928, -1.2268 0.4812 2.6729, -1.4898 0.5192 2.7946, -1.2438 0.4388 2.6745, -1.4958 0.5046 2.795, -1.2593 0.3883 2.6763, -1.5063 0.4645 2.7962, -1.2694 0.3551 2.6775, -1.5361 0.3504 2.7996, -1.276 0.3337 2.6783, -1.2847 0.2932 2.6797, -1.5364 0.3493 2.7996, -1.3 0.2223 2.6822, -1.5516 0.2911 2.8013, -1.5581 0.2349 2.8029, -1.3033 0.1964 2.6831, -1.565 0.1757 2.8046, -1.3132 0.1197 2.6858, -1.5717 0.1177 2.8063, -1.3141 0.1121 2.6861, -1.3147 0.0985 2.6866, -1.5768 0.0735 2.8076, -1.3189 0.0021 2.6899, -1.5751 0.0001 2.8097, -1.5751 0.0001 2.8097, -1.3188 -0.0 2.6899, -1.3149 -0.0985 2.6932, -1.5724 -0.1179 2.8131, -1.3145 -0.1077 2.6936, -1.5717 -0.1476 2.8139, -1.313 -0.1197 2.694, -1.5671 -0.1758 2.8147, -1.3033 -0.1964 2.6966, -1.5574 -0.2346 2.8164, -1.3003 -0.2208 2.6974, -1.5384 -0.3499 2.8198, -1.5382 -0.3509 2.8198, -1.2848 -0.2931 2.6999, -1.5358 -0.3655 2.8202, -1.2771 -0.3294 2.7012, -1.2693 -0.3551 2.7021, -1.505 -0.4639 2.8232, -1.2593 -0.3882 2.7033, -1.4878 -0.5186 2.8248, -1.2451 -0.4349 2.705, -1.4703 -0.5746 2.8265, -1.2268 -0.4811 2.7067, -1.4695 -0.5763 2.8265, -1.4199 -0.681 2.8299, -1.2046 -0.537 2.7088, -1.419 -0.6829 2.8299, -1.0314 -0.822 2.7202, -1.2354 -0.9801 2.8399, -1.0597 -0.7832 2.7186, -1.2548 -0.9581 2.8391, -1.0896 -0.7424 2.7169, -1.3016 -0.8869 2.8367, -1.0959 -0.7338 2.7165, -1.3355 -0.8353 2.8349, -1.1417 -0.6587 2.7135, -1.3664 -0.7883 2.8333, -1.1538 -0.639 2.7128, -1.3762 -0.7733 2.8328, -1.1839 -0.5786 2.7104, -1.1875 -0.5714 2.7101, -1.0309 -0.8227 2.7202, -1.1552 -1.0711 2.8434, -1.2331 -0.9826 2.84, -0.9668 -0.8964 2.7235, -0.9588 -0.9056 2.7239, -1.1188 -1.1124 2.845, -0.9007 -0.9621 2.7267, -1.1096 -1.1228 2.8454, -0.8969 -0.9658 2.7269, -1.0733 -1.1556 2.8468, -0.877 -0.985 2.7278, -1.0013 -1.2204 2.8495, -0.9754 -1.2204 2.843, -0.8222 -1.0299 2.7303, -0.791 -1.0553 2.7317, -0.8332 -1.2205 2.8071, -0.7429 -1.0884 2.7337, -0.8306 -1.2205 2.8065, -0.7121 -1.1095 2.735, -0.7002 -1.1177 2.7355, -0.7069 -1.2205 2.7801, -0.6596 -1.1408 2.7371, -0.6586 -1.2205 2.7698, -0.6047 -1.1721 2.7393, -0.5898 -1.2205 2.7583, -0.5725 -1.187 2.7405, -0.4999 -1.2205 2.7432, -0.6967 1.1198 2.6441, -0.7121 1.1094 2.6447, -0.8336 1.2205 2.7196, -0.7429 1.0884 2.646, -0.8473 1.2205 2.7233, -0.7875 1.058 2.6478, -0.9751 1.2204 2.7619, -0.822 1.0299 2.6493, -1.0014 1.2204 2.7698, -0.8759 0.986 2.6517, -0.8968 0.9658 2.6527, -0.6596 1.1409 2.6426, -0.706 1.2205 2.6849, -0.6008 1.1741 2.6404, -0.692 1.2205 2.6811, -0.5725 1.1871 2.6393, -0.5904 1.2205 2.6576, -0.4999 1.2205 2.6366, -1.0578 -0.7875 1.5848, -1.0283 -0.8259 1.5784, -0.9879 -0.8738 1.5887, -0.9666 -0.8964 1.5816, -0.9425 -0.921 1.5909, -0.9558 -0.9088 1.5821, -0.9115 -0.9532 1.5924, -0.9007 -0.9621 1.5848, -0.9011 -0.9624 1.5928, -0.8967 -0.9659 1.585, -0.876 -0.986 1.586, -0.829 -1.0258 1.5961, -0.8219 -1.03 1.5884, -0.808 -1.0413 1.597, -0.7876 -1.0579 1.59, -0.7374 -1.0935 1.6001, -0.7427 -1.0885 1.5919, -0.7119 -1.1092 1.6011, -0.4999 -1.2203 1.6014, -0.4999 -1.2205 1.6094, -0.5451 -1.201 1.6077, -0.7121 -1.1094 1.5931, -0.6968 -1.1198 1.5938, -0.6582 -1.1422 1.6033, -0.6594 -1.1409 1.5952, -0.6434 -1.1513 1.6039, -0.6009 -1.1741 1.5975, -0.5725 -1.1871 1.5986, -1.0964 -0.7331 1.5826, -1.0897 -0.7425 1.5749, -1.0604 -0.7837 1.5846, -1.0597 -0.7832 1.5766, -1.0312 -0.8219 1.5782, -1.2029 -0.541 1.5671, -1.1875 -0.5716 1.5683, -1.1839 -0.5786 1.5764, -1.1839 -0.5787 1.5685, -1.1538 -0.639 1.5788, -1.1531 -0.6402 1.5709, -1.1333 -0.6726 1.5801, -1.1417 -0.6588 1.5716, -1.0935 -0.7374 1.5747, -1.204 -0.5383 1.5749, -1.2046 -0.537 1.5748, -1.2267 -0.4813 1.5649, -1.2451 -0.4349 1.5711, -1.3003 -0.2208 1.5637, -1.3 -0.2222 1.5555, -1.2943 -0.2489 1.5646, -1.2847 -0.2932 1.558, -1.2771 -0.3294 1.5674, -1.276 -0.3336 1.5594, -1.2693 -0.3551 1.5683, -1.2694 -0.3551 1.5602, -1.2569 -0.3961 1.5698, -1.2592 -0.3884 1.5614, -1.2438 -0.4387 1.5633, -1.3141 0.1121 1.5521, -1.3145 0.1078 1.5443, -1.3149 0.0985 1.5446, -1.3167 0.0534 1.5541, -1.3188 -0.0 1.5479, -1.3189 0.0021 1.5559, -1.3189 -0.002 1.548, -1.3149 -0.0985 1.5594, -1.3147 -0.0985 1.5513, -1.3145 -0.1077 1.5598, -1.3141 -0.1121 1.5517, -1.313 -0.1197 1.5602, -1.3131 -0.1197 1.552, -1.3033 -0.1964 1.5546, -1.313 0.1197 1.5439, -1.3132 0.1197 1.5518, -1.3034 0.1963 1.5413, -1.3023 0.2045 1.5489, -1.3003 0.2209 1.5404, -1.3 0.2223 1.5483, -1.2849 0.293 1.5379, -1.276 0.3337 1.5444, -1.2771 0.3295 1.5366, -1.2701 0.3528 1.5438, -1.2693 0.3551 1.5356, -1.2694 0.3551 1.5437, -1.2593 0.3881 1.5344, -1.2438 0.4388 1.5407, -1.2451 0.4349 1.5327, -1.2268 0.4811 1.531, -1.2207 0.4964 1.5386, -1.2046 0.5371 1.5289, -1.2028 0.541 1.537, -1.1874 0.5714 1.5276, -1.1839 0.5787 1.5356, -1.1839 0.5786 1.5274, -1.1537 0.639 1.5251, -1.1562 0.6339 1.5334, -1.1417 0.6587 1.5243, -1.153 0.6403 1.5332, -1.0959 0.7338 1.5213, -1.0935 0.7375 1.5292, -1.0896 0.7424 1.521, -1.0752 0.7623 1.5281, -1.0597 0.7832 1.5193, -1.0597 0.7832 1.5272, -1.0314 0.8219 1.5177, -1.0283 0.8259 1.5254, -1.0308 0.8228 1.5176, -0.9669 0.8963 1.5143, -0.9803 0.8807 1.5229, -0.9558 0.9089 1.5216, -0.877 0.9851 1.5099, -0.8969 0.9657 1.5108, -0.9007 0.9621 1.519, -0.9007 0.9621 1.511, -0.9587 0.9057 1.5139, -0.8759 0.986 1.5179, -0.8732 0.9882 1.5178, -0.8222 1.0299 1.5074, -0.7875 1.058 1.5141, -0.791 1.0554 1.506, -0.7429 1.0884 1.504, -0.7532 1.0814 1.5127, -0.7121 1.1095 1.5027, -0.7121 1.1094 1.511, -0.7001 1.1177 1.5022, -0.6967 1.1198 1.5103, -0.6595 1.1409 1.5007, -0.6239 1.161 1.5074, -0.6047 1.1721 1.4985, -0.6008 1.1741 1.5065, -0.5725 1.187 1.4973, -0.4999 1.2205 1.5026, -0.4999 1.2205 1.4947, 1.0717 1.1539 1.3235, 0.9007 0.9621 1.4432, 1.1173 1.1108 1.3217, 0.9557 0.9089 1.4406, 1.1574 1.0729 1.3201, 0.9668 0.8963 1.44, 1.16 1.0705 1.32, 1.0283 0.8259 1.4368, 1.2314 0.9813 1.3167, 1.0313 0.8218 1.4366, 1.2335 0.9787 1.3166, 1.0597 0.7832 1.435, 1.2967 0.8997 1.3137, 1.0898 0.7425 1.4332, 1.3036 0.8883 1.3134, 1.0934 0.7375 1.433, 1.3352 0.8352 1.3116, 1.1417 0.6587 1.4298, 1.3639 0.7869 1.31, 1.153 0.6403 1.429, 1.41 0.7096 1.3074, 1.1839 0.5787 1.4266, 1.4208 0.6838 1.3066, 1.1876 0.5715 1.4264, 1.4217 0.6818 1.3065, 1.2028 0.5411 1.4252, 1.4665 0.575 1.3032, 1.2268 0.4811 1.423, 1.4899 0.5192 1.3015, 1.2438 0.4388 1.4215, 1.4955 0.5057 1.3011, 1.2593 0.3881 1.4197, 1.5064 0.4643 1.2999, 1.2694 0.3551 1.4185, 1.5362 0.3502 1.2965, 1.276 0.3337 1.4178, 1.2848 0.293 1.4164, 1.5364 0.3493 1.2965, 1.3 0.2223 1.4139, 1.5508 0.2943 1.2948, 1.5578 0.2347 1.2931, 1.3034 0.1963 1.413, 1.5648 0.1756 1.2914, 1.3132 0.1197 1.4104, 1.5716 0.1176 1.2897, 1.3141 0.1121 1.4101, 1.3147 0.0985 1.4096, 1.5764 0.077 1.2886, 1.3189 0.0021 1.4062, 1.5748 0.0001 1.2864, 1.3188 -0.0 1.4062, 1.5748 -0.0 1.2864, 1.3149 -0.0985 1.4028, 1.5724 -0.1179 1.283, 1.3145 -0.1077 1.4024, 1.5719 -0.1444 1.2822, 1.313 -0.1197 1.402, 1.5668 -0.1759 1.2813, 1.3033 -0.1965 1.3994, 1.5572 -0.2347 1.2796, 1.3003 -0.2208 1.3985, 1.5386 -0.35 1.2763, 1.5384 -0.3511 1.2763, 1.2848 -0.2933 1.396, 1.5365 -0.3627 1.2759, 1.2771 -0.3294 1.3948, 1.2693 -0.3551 1.3939, 1.5049 -0.4641 1.2729, 1.2592 -0.3884 1.3927, 1.4879 -0.5187 1.2712, 1.2452 -0.4348 1.3911, 1.4714 -0.5714 1.2697, 1.2267 -0.4813 1.3894, 1.4691 -0.5764 1.2695, 1.4198 -0.6809 1.2662, 1.2046 -0.537 1.3874, 1.4188 -0.683 1.2661, 1.0314 -0.822 1.3758, 1.235 -0.9799 1.2561, 1.0597 -0.7832 1.3774, 1.2572 -0.9545 1.2571, 1.0896 -0.7424 1.3792, 1.3014 -0.8868 1.2594, 1.0959 -0.7338 1.3795, 1.3351 -0.8351 1.2612, 1.1417 -0.6588 1.3826, 1.3659 -0.788 1.2628, 1.1538 -0.639 1.3834, 1.3782 -0.7692 1.2634, 1.1839 -0.5786 1.3858, 1.1874 -0.5715 1.386, 1.0309 -0.8227 1.3757, 1.1551 -1.0713 1.2526, 1.2328 -0.9824 1.256, 0.9667 -0.8965 1.3724, 0.9588 -0.9056 1.372, 1.1189 -1.1127 1.2511, 0.9007 -0.9621 1.3693, 1.1116 -1.121 1.2508, 0.8967 -0.9659 1.3691, 1.0731 -1.1558 1.2493, 0.877 -0.985 1.3682, 1.0013 -1.2204 1.2465, 0.975 -1.2204 1.2532, 0.822 -1.03 1.3658, 0.7911 -1.0553 1.3644, 0.8329 -1.2205 1.2892, 0.7428 -1.0885 1.3624, 0.8307 -1.2205 1.2897, 0.7121 -1.1095 1.3612, 0.7002 -1.1177 1.3607, 0.7068 -1.2205 1.3161, 0.6594 -1.1409 1.359, 0.6588 -1.2205 1.3263, 0.6048 -1.1721 1.3568, 0.5897 -1.2204 1.3379, 0.5724 -1.187 1.3556, 0.4999 -1.2203 1.353, 0.6967 1.1198 1.4519, 0.7121 1.1094 1.4512, 0.8337 1.2205 1.3763, 0.7429 1.0884 1.45, 0.8471 1.2205 1.3726, 0.7875 1.058 1.4481, 0.9753 1.2204 1.3341, 0.8221 1.0298 1.4466, 1.0014 1.2204 1.3262, 0.8759 0.9861 1.4443, 0.8969 0.9657 1.4433, 0.6595 1.1409 1.4533, 0.7066 1.2205 1.4107, 0.6008 1.1741 1.4557, 0.6744 1.2205 1.4194, 0.5725 1.1871 1.4568, 0.5901 1.2205 1.4388, 0.4999 1.2205 1.4595
            ]
        }
        coordIndex [
            0,1,2,-1,3,4,5,-1,5,4,6,-1,5,6,1,-1,1,6,7,-1,1,7,2,-1,0,2,8,-1,8,2,9,-1,8,9,10,-1,9,11,10,-1,10,11,12,-1,10,12,13,-1,13,12,14,-1,13,14,15,-1,15,14,16,-1,14,17,16,-1,16,17,18,-1,16,18,19,-1,19,18,20,-1,19,20,21,-1,21,20,22,-1,21,22,23,-1,23,22,24,-1,23,24,25,-1,25,24,26,-1,25,26,27,-1,27,26,28,-1,26,29,28,-1,28,29,30,-1,28,30,31,-1,31,30,32,-1,31,32,33,-1,33,32,34,-1,33,34,35,-1,35,34,36,-1,35,36,37,-1,37,36,38,-1,37,38,39,-1,39,38,40,-1,39,40,41,-1,41,40,42,-1,41,42,43,-1,43,42,44,-1,43,44,45,-1,45,44,46,-1,45,46,47,-1,48,49,50,-1,50,49,51,-1,50,51,52,-1,52,51,53,-1,52,53,54,-1,54,53,55,-1,54,55,47,-1,47,55,56,-1,47,56,45,-1,57,58,59,-1,59,58,60,-1,59,60,61,-1,58,62,60,-1,60,62,49,-1,60,49,61,-1,61,49,48,-1,59,63,57,-1,57,63,64,-1,57,64,65,-1,65,64,66,-1,65,66,67,-1,67,66,68,-1,67,68,69,-1,69,68,70,-1,70,68,71,-1,70,71,72,-1,72,71,73,-1,72,73,74,-1,73,75,74,-1,74,75,76,-1,74,76,77,-1,77,76,78,-1,77,78,79,-1,79,78,80,-1,79,80,81,-1,81,80,82,-1,81,82,83,-1,83,82,84,-1,83,84,85,-1,85,84,86,-1,85,86,87,-1,87,86,88,-1,87,88,89,-1,89,88,90,-1,90,88,91,-1,90,91,92,-1,91,93,92,-1,92,93,94,-1,92,94,95,-1,95,94,96,-1,95,96,97,-1,96,98,97,-1,97,98,99,-1,97,99,100,-1,100,99,101,-1,99,102,101,-1,101,102,103,-1,101,103,104,-1,104,103,105,-1,104,105,106,-1,105,107,106,-1,106,107,108,-1,106,108,109,-1,109,108,110,-1,109,110,111,-1,111,110,112,-1,111,112,113,-1,113,112,114,-1,113,114,115,-1,5,116,3,-1,3,116,117,-1,3,117,118,-1,118,117,119,-1,118,119,120,-1,120,119,121,-1,120,121,122,-1,122,121,123,-1,122,123,124,-1,124,123,125,-1,124,125,126,-1,126,125,127,-1,126,127,128,-1,128,127,129,-1,129,127,130,-1,130,127,131,-1,130,131,132,-1,132,131,133,-1,132,133,134,-1,134,133,135,-1,134,135,136,-1,137,138,139,-1,139,138,140,-1,139,140,141,-1,141,140,142,-1,141,142,143,-1,143,142,144,-1,143,144,145,-1,145,144,146,-1,145,146,147,-1,147,146,148,-1,147,148,149,-1,149,148,150,-1,149,150,151,-1,151,150,152,-1,151,152,153,-1,153,152,154,-1,153,154,155,-1,155,154,156,-1,155,156,157,-1,157,156,158,-1,157,158,159,-1,159,158,160,-1,159,160,161,-1,161,160,162,-1,161,162,163,-1,163,162,164,-1,163,164,165,-1,165,164,166,-1,165,166,167,-1,167,166,168,-1,167,168,169,-1,169,168,170,-1,169,170,171,-1,170,172,171,-1,171,172,173,-1,171,173,174,-1,174,173,175,-1,174,175,176,-1,176,175,177,-1,177,175,178,-1,177,178,179,-1,179,178,180,-1,179,180,181,-1,180,182,181,-1,181,182,183,-1,181,183,184,-1,184,183,185,-1,184,185,186,-1,186,185,187,-1,185,188,187,-1,187,188,189,-1,187,189,190,-1,190,189,191,-1,190,191,192,-1,192,191,193,-1,192,193,194,-1,194,193,195,-1,194,195,196,-1,196,195,197,-1,196,197,198,-1,198,197,199,-1,199,197,200,-1,199,200,201,-1,200,202,201,-1,201,202,203,-1,201,203,204,-1,204,203,205,-1,204,205,206,-1,206,205,207,-1,206,207,208,-1,208,207,209,-1,208,209,210,-1,210,209,211,-1,211,209,212,-1,211,212,213,-1,214,215,216,-1,216,215,217,-1,216,217,218,-1,218,217,219,-1,218,219,220,-1,220,219,221,-1,220,221,222,-1,222,221,223,-1,222,223,224,-1,224,223,225,-1,224,225,226,-1,226,225,213,-1,226,213,227,-1,227,213,212,-1,228,229,214,-1,214,229,230,-1,214,230,215,-1,228,231,229,-1,229,231,232,-1,229,232,233,-1,233,232,234,-1,233,234,235,-1,235,234,236,-1,235,236,237,-1,237,236,238,-1,237,238,239,-1,239,238,240,-1,238,241,240,-1,240,241,242,-1,240,242,243,-1,243,242,244,-1,243,244,245,-1,244,246,245,-1,245,246,247,-1,245,247,248,-1,248,247,249,-1,248,249,250,-1,250,249,251,-1,250,251,252,-1,252,251,253,-1,252,253,254,-1,255,256,257,-1,257,256,258,-1,257,258,259,-1,259,258,260,-1,259,260,261,-1,261,260,262,-1,261,262,263,-1,263,262,264,-1,263,264,137,-1,137,264,265,-1,137,265,138,-1,255,257,266,-1,266,257,267,-1,266,267,268,-1,268,267,269,-1,268,269,270,-1,270,269,271,-1,270,271,272,-1,273,274,275,-1,275,274,276,-1,275,276,277,-1,277,276,278,-1,277,278,279,-1,279,278,280,-1,279,280,281,-1,280,282,281,-1,281,282,283,-1,281,283,284,-1,284,283,285,-1,284,285,286,-1,286,285,287,-1,286,287,288,-1,288,287,289,-1,288,289,290,-1,291,292,293,-1,289,294,290,-1,290,294,295,-1,290,295,296,-1,296,295,297,-1,296,297,298,-1,298,297,299,-1,298,299,293,-1,293,299,300,-1,293,300,291,-1,301,302,303,-1,303,302,304,-1,303,304,273,-1,273,304,305,-1,273,305,274,-1,306,307,308,-1,308,307,309,-1,308,309,310,-1,310,309,311,-1,310,311,312,-1,312,311,313,-1,312,313,301,-1,301,313,314,-1,301,314,302,-1,308,315,306,-1,306,315,316,-1,306,316,317,-1,317,316,318,-1,319,320,321,-1,321,320,322,-1,321,322,323,-1,323,322,324,-1,323,324,325,-1,325,324,326,-1,325,326,327,-1,327,326,328,-1,327,328,318,-1,318,328,329,-1,318,329,317,-1,330,331,332,-1,330,332,333,-1,333,332,334,-1,333,334,335,-1,335,334,336,-1,335,336,337,-1,337,336,338,-1,337,338,339,-1,339,338,340,-1,339,340,341,-1,341,340,342,-1,341,342,319,-1,319,342,343,-1,319,343,320,-1,331,330,344,-1,344,330,345,-1,344,345,346,-1,346,345,347,-1,346,347,348,-1,348,347,349,-1,348,349,350,-1,350,349,351,-1,350,351,352,-1,352,351,353,-1,352,353,354,-1,354,353,355,-1,354,355,356,-1,356,355,357,-1,356,357,358,-1,358,357,359,-1,359,357,360,-1,359,360,361,-1,361,360,362,-1,361,362,363,-1,363,362,364,-1,363,364,365,-1,365,364,366,-1,366,364,367,-1,366,367,368,-1,368,367,369,-1,368,369,370,-1,370,369,371,-1,370,371,372,-1,372,371,373,-1,372,373,374,-1,374,373,375,-1,374,375,376,-1,376,375,377,-1,376,377,378,-1,378,377,379,-1,379,377,380,-1,379,380,381,-1,382,383,384,-1,384,383,385,-1,384,385,381,-1,381,385,386,-1,381,386,379,-1,384,387,382,-1,382,387,388,-1,382,388,389,-1,389,388,390,-1,389,390,391,-1,391,390,392,-1,392,390,393,-1,392,393,394,-1,394,393,395,-1,394,395,396,-1,396,395,397,-1,396,397,398,-1,398,397,399,-1,398,399,400,-1,400,399,401,-1,400,401,402,-1,402,401,403,-1,402,403,404,-1,405,406,407,-1,407,406,408,-1,407,408,409,-1,409,408,410,-1,409,410,411,-1,411,410,412,-1,411,412,413,-1,413,412,414,-1,413,414,415,-1,415,414,416,-1,415,416,417,-1,417,416,418,-1,417,418,419,-1,419,418,420,-1,419,420,421,-1,421,420,422,-1,421,422,423,-1,423,422,424,-1,423,424,425,-1,425,424,426,-1,425,426,427,-1,427,426,428,-1,427,428,429,-1,429,428,430,-1,429,430,431,-1,431,430,432,-1,431,432,433,-1,433,432,434,-1,433,434,435,-1,435,434,436,-1,435,436,437,-1,437,436,438,-1,437,438,439,-1,438,440,439,-1,439,440,441,-1,439,441,442,-1,442,441,443,-1,442,443,444,-1,444,443,445,-1,445,443,446,-1,445,446,447,-1,447,446,448,-1,447,448,449,-1,448,450,449,-1,449,450,451,-1,449,451,452,-1,452,451,453,-1,452,453,454,-1,454,453,455,-1,454,455,456,-1,456,455,457,-1,456,457,458,-1,458,457,459,-1,458,459,460,-1,460,459,461,-1,460,461,462,-1,462,461,463,-1,462,463,464,-1,464,463,465,-1,464,465,466,-1,466,465,467,-1,467,465,468,-1,467,468,469,-1,468,470,469,-1,469,470,471,-1,469,471,472,-1,472,471,473,-1,472,473,474,-1,474,473,475,-1,474,475,476,-1,476,475,477,-1,476,477,478,-1,478,477,479,-1,479,477,480,-1,479,480,481,-1,482,483,484,-1,484,483,485,-1,484,485,486,-1,486,485,487,-1,486,487,488,-1,488,487,489,-1,488,489,490,-1,490,489,491,-1,490,491,492,-1,492,491,493,-1,492,493,494,-1,494,493,481,-1,494,481,495,-1,495,481,480,-1,496,497,482,-1,482,497,498,-1,482,498,483,-1,496,499,497,-1,497,499,500,-1,497,500,501,-1,501,500,502,-1,501,502,503,-1,503,502,504,-1,503,504,505,-1,505,504,506,-1,505,506,507,-1,507,506,508,-1,506,509,508,-1,508,509,510,-1,508,510,511,-1,511,510,512,-1,511,512,513,-1,512,514,513,-1,513,514,515,-1,513,515,516,-1,516,515,517,-1,516,517,518,-1,518,517,519,-1,518,519,520,-1,520,519,521,-1,520,521,522,-1,523,524,525,-1,525,524,526,-1,525,526,527,-1,527,526,528,-1,527,528,529,-1,529,528,530,-1,529,530,531,-1,531,530,532,-1,531,532,405,-1,405,532,533,-1,405,533,406,-1,523,525,534,-1,534,525,535,-1,534,535,536,-1,536,535,537,-1,536,537,538,-1,538,537,539,-1,538,539,540,-1,
        ]
    }
}
Shape{
    appearance Appearance {
        material  Material 	{
            diffuseColor 1.0 1.0 0.9490196078431372
            specularColor 0.5019607843137255 0.5019607843137255 0.4745098039215686
            ambientIntensity 0.9942
            transparency 0.0
            shininess 0.5
        }
    }
    geometry IndexedFaceSet {
        ccw TRUE
        solid FALSE
        coord DEF co Coordinate {
            point [
                0.0 -1.6142 4.6622, 0.1333 -1.6087 4.6622, 0.1203 -1.4517 4.8197, 0.3963 -1.5648 4.6622, 0.3576 -1.4121 4.8197, 0.6484 -1.4782 4.6622, 0.5851 -1.334 4.8197, 0.8829 -1.3513 4.6622, 0.7967 -1.2195 4.8197, 1.0932 -1.1876 4.6622, 0.9866 -1.0717 4.8197, 1.2738 -0.9914 4.6622, 1.1495 -0.8947 4.8197, 1.4196 -0.7683 4.6622, 1.2811 -0.6933 4.8197, 1.5267 -0.5241 4.6622, 1.3778 -0.473 4.8197, 1.5922 -0.2657 4.6622, 1.4368 -0.2398 4.8197, 1.6142 -0.0 4.6622, 1.4567 0.0 4.8197, 1.5922 0.2657 4.6622, 1.4368 0.2398 4.8197, 1.5267 0.5241 4.6622, 1.3778 0.473 4.8197, 1.4196 0.7683 4.6622, 1.2811 0.6933 4.8197, 1.2738 0.9914 4.6622, 1.1495 0.8947 4.8197, 1.0932 1.1876 4.6622, 0.9866 1.0717 4.8197, 0.8829 1.3513 4.6622, 0.7967 1.2195 4.8197, 0.6484 1.4782 4.6622, 0.5851 1.334 4.8197, 0.3963 1.5648 4.6622, 0.3576 1.4121 4.8197, 0.1333 1.6087 4.6622, 0.1203 1.4517 4.8197, -0.1333 1.6087 4.6622, -0.1203 1.4517 4.8197, -0.3963 1.5648 4.6622, -0.3576 1.4121 4.8197, -0.6484 1.4782 4.6622, -0.5851 1.334 4.8197, -0.8829 1.3513 4.6622, -0.7967 1.2195 4.8197, -1.0932 1.1876 4.6622, -0.9866 1.0717 4.8197, -1.2738 0.9914 4.6622, -1.1495 0.8947 4.8197, -1.4196 0.7683 4.6622, -1.2811 0.6933 4.8197, -1.5267 0.5241 4.6622, -1.3778 0.473 4.8197, -1.5922 0.2657 4.6622, -1.4368 0.2398 4.8197, -1.6142 0.0 4.6622, -1.4567 -0.0 4.8197, -1.5922 -0.2657 4.6622, -1.4368 -0.2398 4.8197, -1.5267 -0.5241 4.6622, -1.3778 -0.473 4.8197, -1.4196 -0.7683 4.6622, -1.2811 -0.6933 4.8197, -1.2738 -0.9914 4.6622, -1.1495 -0.8947 4.8197, -1.0932 -1.1876 4.6622, -0.9866 -1.0717 4.8197, -0.8829 -1.3513 4.6622, -0.7967 -1.2195 4.8197, -0.6484 -1.4782 4.6622, -0.5851 -1.334 4.8197, -0.3963 -1.5648 4.6622, -0.3576 -1.4121 4.8197, -0.1333 -1.6087 4.6622, -0.1203 -1.4517 4.8197
            ]
        }
        coordIndex [
            0,1,2,-1,2,1,3,-1,2,3,4,-1,4,3,5,-1,4,5,6,-1,6,5,7,-1,6,7,8,-1,8,7,9,-1,8,9,10,-1,10,9,11,-1,10,11,12,-1,12,11,13,-1,12,13,14,-1,14,13,15,-1,14,15,16,-1,16,15,17,-1,16,17,18,-1,18,17,19,-1,18,19,20,-1,20,19,21,-1,20,21,22,-1,22,21,23,-1,22,23,24,-1,24,23,25,-1,24,25,26,-1,26,25,27,-1,26,27,28,-1,28,27,29,-1,28,29,30,-1,30,29,31,-1,30,31,32,-1,32,31,33,-1,32,33,34,-1,34,33,35,-1,34,35,36,-1,36,35,37,-1,36,37,38,-1,38,37,39,-1,38,39,40,-1,40,39,41,-1,40,41,42,-1,42,41,43,-1,42,43,44,-1,44,43,45,-1,44,45,46,-1,46,45,47,-1,46,47,48,-1,48,47,49,-1,48,49,50,-1,50,49,51,-1,50,51,52,-1,52,51,53,-1,52,53,54,-1,54,53,55,-1,54,55,56,-1,56,55,57,-1,56,57,58,-1,58,57,59,-1,58,59,60,-1,60,59,61,-1,60,61,62,-1,62,61,63,-1,62,63,64,-1,64,63,65,-1,64,65,66,-1,66,65,67,-1,66,67,68,-1,68,67,69,-1,68,69,70,-1,70,69,71,-1,70,71,72,-1,72,71,73,-1,72,73,74,-1,74,73,75,-1,74,75,76,-1,76,75,0,-1,76,0,2,-1,
        ]
    }
}
Shape{
    appearance Appearance {
        material  Material 	{
            diffuseColor 0.29411764705882354 0.29411764705882354 0.29411764705882354
            specularColor 0.14901960784313725 0.14901960784313725 0.14901960784313725
            ambientIntensity 0.2941
            transparency 0.0
            shininess 0.5
        }
    }
    geometry IndexedFaceSet {
        ccw TRUE
        solid FALSE
        coord DEF co Coordinate {
            point [
                0.4999 -1.2205 2.7782, 0.5 -1.2204 2.7703, 0.5725 -1.1871 2.781, 0.5725 -1.187 2.773, 0.6008 -1.1741 2.782, 0.6047 -1.1721 2.7742, 0.6595 -1.1409 2.7844, 0.6595 -1.1409 2.7764, 0.6967 -1.1198 2.7859, 0.7001 -1.1177 2.7779, 0.7121 -1.1094 2.7865, 0.7121 -1.1095 2.7784, 0.7428 -1.0884 2.7878, 0.7429 -1.0884 2.7797, 0.7875 -1.058 2.7897, 0.791 -1.0554 2.7817, 0.8221 -1.0298 2.7912, 0.8222 -1.0299 2.7831, 0.8759 -0.986 2.7935, 0.877 -0.9851 2.7855, 0.8969 -0.9657 2.7945, 0.8969 -0.9657 2.7865, 0.9007 -0.9621 2.7947, 0.9007 -0.9621 2.7867, 0.9558 -0.9088 2.7973, 0.9587 -0.9057 2.7895, 0.9668 -0.8963 2.7978, 0.9669 -0.8964 2.7899, 1.0283 -0.8259 2.801, 1.0308 -0.8228 2.7932, 1.0313 -0.8218 2.8011, 1.0314 -0.8219 2.7933, 1.0597 -0.7832 2.8028, 1.0597 -0.7832 2.7949, 1.0897 -0.7425 2.8045, 1.0897 -0.7424 2.7966, 1.0935 -0.7374 2.8047, 1.0959 -0.7338 2.797, 1.1417 -0.6588 2.808, 1.1417 -0.6587 2.7999, 1.1531 -0.6403 2.8087, 1.1537 -0.639 2.8007, 1.1839 -0.5787 2.8111, 1.1839 -0.5786 2.803, 1.1875 -0.5715 2.8114, 1.1875 -0.5714 2.8033, 1.2028 -0.541 2.8126, 1.2046 -0.5371 2.8046, 1.2268 -0.4812 2.8148, 1.2268 -0.4811 2.8067, 1.2438 -0.4387 2.8164, 1.2451 -0.4349 2.8084, 1.2593 -0.3881 2.8182, 1.2593 -0.3882 2.8101, 1.2694 -0.3551 2.8193, 1.2693 -0.3551 2.8113, 1.276 -0.3337 2.8201, 1.2771 -0.3295 2.8122, 1.2848 -0.293 2.8215, 1.2849 -0.2931 2.8135, 1.3 -0.2222 2.8239, 1.3003 -0.2209 2.816, 1.3034 -0.1963 2.8248, 1.3034 -0.1963 2.8168, 1.3132 -0.1197 2.8274, 1.313 -0.1197 2.8195, 1.3141 -0.1121 2.8277, 1.3145 -0.1078 2.8199, 1.3147 -0.0985 2.8281, 1.3149 -0.0985 2.8202, 1.3189 -0.002 2.8315, 1.3188 0.0001 2.8236, 1.3188 -0.0 2.8315, 1.3189 0.002 2.8236, 1.3149 0.0985 2.835, 1.3147 0.0986 2.827, 1.3145 0.1078 2.8353, 1.3141 0.1121 2.8274, 1.313 0.1197 2.8357, 1.3132 0.1197 2.8277, 1.3033 0.1964 2.8384, 1.3033 0.1964 2.8304, 1.3003 0.2208 2.8393, 1.3 0.2222 2.8313, 1.2848 0.2932 2.8418, 1.2847 0.2931 2.8337, 1.2771 0.3295 2.843, 1.276 0.3336 2.8351, 1.2693 0.3551 2.8439, 1.2694 0.3551 2.8359, 1.2592 0.3883 2.8451, 1.2593 0.3883 2.8371, 1.2451 0.4349 2.8468, 1.2438 0.4387 2.8389, 1.2267 0.4813 2.8484, 1.2268 0.4812 2.8404, 1.2046 0.537 2.8504, 1.2028 0.541 2.8426, 1.1874 0.5716 2.8518, 1.1875 0.5716 2.8438, 1.1839 0.5786 2.852, 1.1839 0.5787 2.8441, 1.1537 0.639 2.8543, 1.1531 0.6403 2.8464, 1.1417 0.6588 2.8551, 1.1417 0.6588 2.8472, 1.0959 0.7338 2.8582, 1.0935 0.7374 2.8504, 1.0896 0.7424 2.8586, 1.0897 0.7425 2.8506, 1.0597 0.7832 2.8603, 1.0597 0.7832 2.8523, 1.0314 0.822 2.862, 1.0313 0.8219 2.854, 1.0308 0.8227 2.862, 1.0283 0.8259 2.8541, 0.9668 0.8965 2.8654, 0.9667 0.8963 2.8573, 0.9588 0.9057 2.8658, 0.9558 0.9088 2.8579, 0.9007 0.9621 2.8686, 0.9007 0.9621 2.8605, 0.8968 0.9659 2.8687, 0.8968 0.9658 2.8607, 0.877 0.9851 2.8697, 0.8759 0.986 2.8616, 0.822 1.03 2.8721, 0.822 1.0299 2.864, 0.791 1.0554 2.8734, 0.7875 1.0579 2.8656, 0.7427 1.0885 2.8754, 0.7428 1.0884 2.8674, 0.7121 1.1095 2.8766, 0.7121 1.1094 2.8687, 0.7002 1.1177 2.8771, 0.6968 1.1198 2.8693, 0.6594 1.1409 2.8787, 0.6595 1.1409 2.8708, 0.6047 1.1721 2.8809, 0.6009 1.1741 2.8731, 0.5724 1.187 2.8821, 0.5725 1.1871 2.8742, 0.4999 1.2204 2.8848, 0.4999 1.2204 2.8769, -1.3664 -0.7883 2.8333, -1.3355 -0.8353 2.8349, -1.3409 -0.8387 2.8366, -1.1552 -1.0711 2.8434, -1.1188 -1.1124 2.845, -1.1216 -1.1151 2.8467, -1.4935 -0.5205 2.8265, -1.426 -0.6839 2.8316, -1.4284 -0.685 2.8338, -1.4209 0.6839 2.7894, -1.4217 0.6819 2.7895, -1.426 0.6839 2.7912, -1.5743 0.1768 2.8086, -1.5841 0.0 2.8136, -1.5862 0.0 2.8162, -1.0178 1.2205 2.7934, -1.127 1.1206 2.7977, -1.1261 1.1196 2.801, -1.0031 1.2205 2.7705, -1.0014 1.2204 2.7698, -1.0716 1.1541 2.7726, -1.0191 -1.2205 2.867, -1.0188 -1.2205 2.8692, -1.1275 -1.121 2.865, -1.0716 1.154 2.8083, -1.0013 1.2204 2.8056, -1.0049 1.2204 2.8041, -1.1574 1.073 2.8117, -1.1174 1.1108 2.8101, -1.1212 1.1148 2.8088, -1.0031 -1.2205 2.8846, -1.0014 -1.2204 2.8853, -1.0732 -1.1557 2.8825, -1.0048 -1.2205 2.8837, -1.1212 -1.1147 2.8794, -1.1228 -1.1163 2.8777, -1.0083 -1.2205 2.8819, -1.0124 -1.2205 2.8791, -1.0118 -1.2205 2.8798, -1.0101 -1.2205 2.881, -1.1246 -1.1181 2.8748, -1.126 -1.1196 2.8716, -1.0158 -1.2205 2.8757, -1.0187 -1.2205 2.8699, -1.0184 -1.2205 2.871, -1.127 -1.1205 2.8683, -1.0177 -1.2205 2.8724, -1.0167 -1.2205 2.8745, -1.019 -1.2205 2.8659, -1.1276 -1.1211 2.8617, -1.0184 -1.2205 2.8631, -1.0182 -1.2205 2.8626, -1.1272 -1.1207 2.8584, -1.0179 -1.2205 2.8619, -1.1263 -1.1198 2.8548, -1.016 -1.2205 2.8587, -1.0152 -1.2205 2.8578, -1.1249 -1.1184 2.8515, -1.013 -1.2205 2.8558, -1.1234 -1.1169 2.8489, -1.0113 -1.2205 2.8543, -1.0057 -1.2204 2.8513, -1.0082 -1.2205 2.8524, -1.0013 -1.2204 2.8495, -1.0733 -1.1556 2.8468, -1.1096 -1.1228 2.8454, -1.1174 1.1108 2.7744, -1.1216 1.1152 2.7761, -1.1573 1.0731 2.776, -1.1618 1.0689 2.7761, -1.0056 1.2205 2.7718, -1.1234 1.117 2.7783, -1.0102 1.2205 2.7741, -1.1249 1.1185 2.7808, -1.1263 1.1198 2.7842, -1.0162 1.2205 2.7799, -1.0159 1.2205 2.7795, -1.013 1.2205 2.7766, -1.0118 1.2205 2.7754, -1.1272 1.1207 2.7878, -1.1276 1.1211 2.7911, -1.0189 1.2205 2.7869, -1.0187 1.2205 2.7852, -1.0184 1.2205 2.7842, -1.0167 1.2205 2.7806, -1.0184 1.2205 2.7921, -1.0188 1.2205 2.7902, -1.1275 1.121 2.7944, -1.019 1.2205 2.7893, -1.0191 1.2205 2.7881, -1.0179 1.2205 2.7933, -1.1246 1.1182 2.8042, -1.0152 1.2205 2.7974, -1.016 1.2205 2.7964, -1.0082 1.2205 2.8028, -1.1228 1.1163 2.807, -1.0113 1.2205 2.8009, -1.0124 1.2205 2.7999, -1.5364 0.3493 2.8353, -1.5361 0.3503 2.8353, -1.5418 0.3506 2.834, -1.5063 0.4645 2.8319, -1.5717 0.1176 2.8421, -1.565 0.1757 2.8404, -1.5712 0.1764 2.839, -1.5582 0.2349 2.8387, -1.5517 0.2908 2.8371, -1.4109 0.708 2.8244, -1.4255 0.6836 2.8239, -1.4209 0.684 2.8252, -1.4218 0.6819 2.8253, -1.3641 0.7871 2.8218, -1.3404 0.8385 2.8188, -1.3355 0.8355 2.8202, -1.3041 0.8886 2.8184, -1.2994 0.8966 2.8182, -1.2337 0.9789 2.8152, -1.2386 0.9828 2.8138, -1.2316 0.9815 2.8151, -1.1619 1.0688 2.8119, -1.4959 0.5044 2.8308, -1.4897 0.5191 2.8303, -1.493 0.5204 2.8289, -1.4664 0.5751 2.8286, -1.5783 0.1772 2.8144, -1.5894 0.0 2.8231, -1.5796 0.1774 2.8181, -1.5899 0.0 2.8264, -1.5801 0.1774 2.8213, -1.5899 0.0 2.8297, -1.58 0.1774 2.8246, -1.5892 0.0 2.833, -1.5793 0.1773 2.8279, -1.5878 0.0 2.8363, -1.578 0.1772 2.8313, -1.5858 0.0 2.8395, -1.576 0.1769 2.8345, -1.5832 0.0 2.8423, -1.5734 0.1767 2.8373, -1.581 0.0 2.8441, -1.5769 0.0732 2.8433, -1.5469 0.3518 2.8061, -1.5488 0.3522 2.8094, -1.55 0.3525 2.813, -1.5505 0.3526 2.8163, -1.5505 0.3526 2.8196, -1.5498 0.3524 2.8229, -1.5485 0.3521 2.8262, -1.5465 0.3517 2.8294, -1.544 0.3511 2.8323, -1.496 0.5214 2.7985, -1.4979 0.5221 2.801, -1.4998 0.5227 2.8043, -1.501 0.5231 2.808, -1.5015 0.5233 2.8113, -1.5014 0.5233 2.8146, -1.5007 0.523 2.8178, -1.4995 0.5226 2.8212, -1.4976 0.5219 2.8244, -1.4951 0.5211 2.8272, -1.4284 0.685 2.7935, -1.4303 0.6859 2.796, -1.432 0.6867 2.7993, -1.4332 0.6873 2.803, -1.4336 0.6875 2.8062, -1.4335 0.6875 2.8095, -1.4329 0.6872 2.8128, -1.4317 0.6866 2.8161, -1.4299 0.6857 2.8194, -1.4275 0.6846 2.8222, -1.5815 0.0 2.8114, -1.5717 0.1765 2.8064, -1.5423 0.3507 2.8013, -1.239 0.9831 2.7811, -1.241 0.9848 2.7834, -1.2427 0.9861 2.7859, -1.2442 0.9873 2.7892, -1.2452 0.9881 2.7929, -1.2456 0.9884 2.7961, -1.2456 0.9883 2.7994, -1.245 0.9879 2.8027, -1.244 0.9871 2.806, -1.2424 0.9858 2.8093, -1.2403 0.9842 2.8121, -1.4664 0.5751 2.7928, -1.4898 0.5192 2.7946, -1.4935 0.5205 2.7963, -1.4958 0.5046 2.795, -1.5063 0.4645 2.7962, -1.5361 0.3504 2.7996, -1.5448 0.3513 2.8035, -1.5764 0.177 2.8111, -1.5881 0.0 2.8195, -1.5364 0.3493 2.7996, -1.5516 0.2911 2.8013, -1.5581 0.2349 2.8029, -1.565 0.1757 2.8046, -1.3041 0.8886 2.7827, -1.3355 0.8355 2.7845, -1.3409 0.8387 2.7862, -1.3641 0.787 2.7861, -1.4107 0.7083 2.7887, -1.3423 0.8396 2.8171, -1.3445 0.841 2.8143, -1.3462 0.8421 2.8111, -1.3473 0.8428 2.8077, -1.3479 0.8432 2.8045, -1.348 0.8432 2.8012, -1.3476 0.8429 2.7979, -1.3465 0.8422 2.7943, -1.3448 0.8412 2.7909, -1.343 0.8401 2.7884, -1.2316 0.9815 2.7793, -1.2337 0.9789 2.7794, -1.2992 0.8968 2.7824, -1.2332 -0.9826 2.8758, -1.2354 -0.9801 2.8757, -1.2386 -0.9828 2.8743, -1.2546 -0.9583 2.8749, -1.1093 -1.1232 2.8811, -1.1188 -1.1124 2.8807, -1.1552 -1.0711 2.8792, -1.493 -0.5203 2.8592, -1.4878 -0.5186 2.8606, -1.505 -0.4639 2.8589, -1.5418 -0.3506 2.8542, -1.5357 -0.366 2.856, -1.5382 -0.351 2.8555, -1.3015 -0.8869 2.8724, -1.3355 -0.8353 2.8706, -1.3404 -0.8385 2.8693, -1.3663 -0.7883 2.869, -1.3761 -0.7735 2.8685, -1.419 -0.683 2.8657, -1.4199 -0.681 2.8656, -1.4255 -0.6836 2.8642, -1.4695 -0.5764 2.8623, -1.4701 -0.5751 2.8623, -1.2456 -0.9883 2.8599, -1.245 -0.9879 2.8632, -1.244 -0.987 2.8666, -1.2424 -0.9858 2.8698, -1.2404 -0.9842 2.8726, -1.348 -0.8432 2.8516, -1.348 -0.8432 2.8549, -1.3474 -0.8428 2.8582, -1.3462 -0.8421 2.8615, -1.3445 -0.841 2.8647, -1.3423 -0.8396 2.8676, -1.4332 -0.6873 2.8433, -1.4336 -0.6875 2.8466, -1.4335 -0.6875 2.8499, -1.4329 -0.6872 2.8531, -1.4317 -0.6866 2.8565, -1.4299 -0.6857 2.8597, -1.4275 -0.6846 2.8625, -1.4997 -0.5227 2.8346, -1.501 -0.5231 2.8383, -1.5014 -0.5233 2.8415, -1.5014 -0.5232 2.8448, -1.5007 -0.523 2.8481, -1.4994 -0.5226 2.8514, -1.4975 -0.5219 2.8547, -1.4951 -0.5211 2.8575, -1.5469 -0.3517 2.8262, -1.5488 -0.3522 2.8296, -1.5501 -0.3524 2.8332, -1.5505 -0.3526 2.8365, -1.5505 -0.3525 2.8398, -1.5498 -0.3524 2.843, -1.5485 -0.3521 2.8464, -1.5465 -0.3516 2.8496, -1.544 -0.3511 2.8524, -1.239 -0.9831 2.8417, -1.2411 -0.9847 2.8439, -1.2427 -0.986 2.8464, -1.2442 -0.9872 2.8497, -1.2452 -0.988 2.8534, -1.2456 -0.9884 2.8566, -1.5743 -0.1767 2.8187, -1.5764 -0.177 2.8212, -1.5783 -0.1772 2.8245, -1.5796 -0.1773 2.8282, -1.5801 -0.1774 2.8314, -1.58 -0.1774 2.8347, -1.5793 -0.1773 2.838, -1.578 -0.1772 2.8413, -1.576 -0.1769 2.8446, -1.5734 -0.1766 2.8474, -1.5712 -0.1764 2.8491, -1.5717 -0.1765 2.8165, -1.5423 -0.3507 2.8215, -1.5449 -0.3513 2.8237, -1.4959 -0.5213 2.8288, -1.4979 -0.522 2.8313, -1.4303 -0.6859 2.8363, -1.432 -0.6867 2.8396, -1.3476 -0.8429 2.8483, -1.3465 -0.8423 2.8447, -1.3449 -0.8412 2.8414, -1.3431 -0.8401 2.8388, -1.3016 -0.8869 2.8367, -1.2548 -0.9581 2.8391, -1.2354 -0.9801 2.8399, -1.2331 -0.9826 2.84, -1.4695 -0.5763 2.8265, -1.4703 -0.5746 2.8265, -1.4878 -0.5186 2.8248, -1.505 -0.4639 2.8232, -1.5382 -0.3509 2.8198, -1.5358 -0.3655 2.8202, -1.5717 -0.1476 2.8139, -1.5671 -0.1758 2.8147, -1.5574 -0.2346 2.8164, -1.5384 -0.3499 2.8198, -1.4199 -0.681 2.8299, -1.419 -0.6829 2.8299, -1.3762 -0.7733 2.8328, -1.5384 -0.3499 2.8555, -1.5574 -0.2346 2.8522, -1.5671 -0.1758 2.8505, -1.5717 -0.1479 2.8497, -1.5724 -0.1179 2.8488, -1.5751 0.0001 2.8454, -1.5751 0.0001 2.8454, -1.5751 0.0001 2.8097, -1.5724 -0.1179 2.8131, -1.5717 0.1177 2.8063, -1.5768 0.0735 2.8076, -1.5751 0.0001 2.8097, -0.4999 1.2205 1.4947, -0.5898 1.2205 1.4795, -0.5725 1.187 1.4973, -0.6047 1.1721 1.4985, -0.6588 1.2205 1.4679, -0.6595 1.1409 1.5007, -0.7069 1.2205 1.4577, -0.7001 1.1177 1.5022, -0.8306 1.2205 1.4313, -0.7121 1.1095 1.5027, -0.7429 1.0884 1.504, -0.8332 1.2205 1.4306, -0.791 1.0554 1.506, -0.9753 1.2203 1.3948, -0.8222 1.0299 1.5074, -0.9007 0.9621 1.511, -0.8969 0.9657 1.5108, -1.0731 1.1553 1.391, -0.877 0.9851 1.5099, -1.0012 1.2203 1.3882, -1.1551 1.071 1.3944, -0.9587 0.9057 1.5139, -1.1186 1.1124 1.3928, -1.1109 1.1212 1.3925, -1.0314 0.8219 1.5177, -1.0308 0.8228 1.5176, -0.9669 0.8963 1.5143, -1.2331 0.9825 1.3978, -1.2352 0.98 1.3978, -1.0597 0.7832 1.5193, -1.2551 0.9574 1.3987, -1.0896 0.7424 1.521, -1.3016 0.8869 1.4011, -1.0959 0.7338 1.5213, -1.3355 0.8354 1.4029, -1.1417 0.6587 1.5243, -1.3664 0.7884 1.4045, -1.1537 0.639 1.5251, -1.3761 0.7737 1.405, -1.1839 0.5786 1.5274, -1.4189 0.6829 1.4079, -1.1874 0.5714 1.5276, -1.2046 0.5371 1.5289, -1.4198 0.681 1.4079, -1.2268 0.4811 1.531, -1.4692 0.5762 1.4112, -1.4706 0.5732 1.4113, -1.2451 0.4349 1.5327, -1.4876 0.5187 1.413, -1.2593 0.3881 1.5344, -1.5047 0.4637 1.4146, -1.2693 0.3551 1.5356, -1.5361 0.3628 1.4176, -1.2771 0.3295 1.5366, -1.2849 0.293 1.5379, -1.5381 0.3508 1.418, -1.3003 0.2209 1.5404, -1.5382 0.3498 1.418, -1.5573 0.2344 1.4214, -1.3034 0.1963 1.5413, -1.567 0.1758 1.4231, -1.313 0.1197 1.5439, -1.5717 0.1474 1.4239, -1.3145 0.1078 1.5443, -1.5725 0.1178 1.4247, -1.3149 0.0985 1.5446, -1.5754 -0.0 1.4281, -1.3188 -0.0 1.5479, -1.5754 -0.0001 1.4281, -1.3189 -0.002 1.548, -1.5771 -0.0703 1.4301, -1.3147 -0.0985 1.5513, -1.5716 -0.1177 1.4315, -1.3141 -0.1121 1.5517, -1.5358 -0.3504 1.4382, -1.2847 -0.2932 1.558, -1.5361 -0.3491 1.4382, -1.3 -0.2222 1.5555, -1.3131 -0.1197 1.552, -1.5648 -0.1755 1.4331, -1.3033 -0.1964 1.5546, -1.5579 -0.2349 1.4349, -1.5514 -0.2904 1.4365, -1.0713 -1.154 1.4652, -0.9007 -0.9621 1.5848, -1.1171 -1.1106 1.4634, -0.9558 -0.9088 1.5821, -1.157 -1.0729 1.4618, -0.9666 -0.8964 1.5816, -1.1623 -1.0679 1.4616, -1.0283 -0.8259 1.5784, -1.2314 -0.9814 1.4585, -1.0312 -0.8219 1.5782, -1.2336 -0.9787 1.4584, -1.0597 -0.7832 1.5766, -1.3006 -0.8948 1.4553, -1.0897 -0.7425 1.5749, -1.3042 -0.8887 1.4551, -1.0935 -0.7374 1.5747, -1.3356 -0.8355 1.4533, -1.1417 -0.6588 1.5716, -1.3641 -0.7871 1.4517, -1.1531 -0.6402 1.5709, -1.4122 -0.7054 1.449, -1.1839 -0.5787 1.5685, -1.421 -0.6842 1.4483, -1.1875 -0.5716 1.5683, -1.4219 -0.6821 1.4483, -1.2029 -0.541 1.5671, -1.4662 -0.5752 1.445, -1.2267 -0.4813 1.5649, -1.4894 -0.5191 1.4432, -1.2438 -0.4387 1.5633, -1.4958 -0.5038 1.4428, -1.2592 -0.3884 1.5614, -1.506 -0.4646 1.4416, -1.2694 -0.3551 1.5602, -1.276 -0.3336 1.5594, -0.6968 -1.1198 1.5938, -0.7121 -1.1094 1.5931, -0.8334 -1.2205 1.5183, -0.7427 -1.0885 1.5919, -0.8471 -1.2205 1.5146, -0.7876 -1.0579 1.59, -0.9748 -1.2204 1.476, -0.8219 -1.03 1.5884, -1.0013 -1.2203 1.468, -0.876 -0.986 1.586, -0.8967 -0.9659 1.585, -0.6594 -1.1409 1.5952, -0.7064 -1.2205 1.5526, -0.6009 -1.1741 1.5975, -0.6744 -1.2205 1.5612, -0.5725 -1.1871 1.5986, -0.59 -1.2204 1.5806, -0.4999 -1.2203 1.6014, 1.0114 1.2205 1.2951, 1.0134 1.2205 1.2969, 1.1249 1.1185 1.2925, 1.0154 1.2205 1.2986, 1.0162 1.2205 1.2995, 1.1262 1.1198 1.2959, 1.017 1.2205 1.3153, 1.0162 1.2205 1.3165, 1.1259 1.1195 1.3127, 1.0035 1.2205 1.3255, 1.0014 1.2204 1.3262, 1.0717 1.1539 1.3235, 1.0114 -1.2205 1.2418, 1.0124 -1.2205 1.2409, 1.1245 -1.1182 1.2453, 1.3014 -0.8868 1.2236, 1.3354 -0.8353 1.2254, 1.3403 -0.8385 1.2269, 1.364 0.7869 1.2742, 1.3353 0.8352 1.2758, 1.3404 0.8383 1.2774, 1.0014 1.2204 1.2905, 1.0055 1.2204 1.2921, 1.0718 1.154 1.2877, 1.1213 1.1149 1.2875, 1.1174 1.1109 1.2859, 1.2385 0.9827 1.2824, 1.2316 0.9814 1.281, 1.1612 1.0696 1.2842, 1.1575 1.073 1.2844, 1.3038 0.8884 1.2776, 1.2978 0.8986 1.2779, 1.2337 0.9789 1.2809, 1.4091 0.7108 1.2717, 1.4258 0.6836 1.2723, 1.4205 0.6837 1.2709, 1.4948 0.507 1.2654, 1.4897 0.5191 1.2658, 1.4933 0.5204 1.2673, 1.4662 0.5749 1.2675, 1.4214 0.6816 1.2708, 1.5061 0.4642 1.2641, 1.5419 0.3506 1.2622, 1.5362 0.3502 1.2607, 1.565 0.1757 1.2557, 1.5581 0.2347 1.2574, 1.5712 0.1764 1.2572, 1.5513 0.2929 1.259, 1.5364 0.3493 1.2607, 1.575 -0.0 1.2506, 1.575 0.0001 1.2506, 1.581 -0.0001 1.2522, 1.5767 0.0752 1.2528, 1.5718 0.1176 1.254, 1.5713 -0.1765 1.2471, 1.5716 -0.1454 1.2465, 1.5722 -0.1179 1.2473, 1.542 -0.3507 1.2421, 1.557 -0.2346 1.2439, 1.5666 -0.1759 1.2456, 1.536 -0.3634 1.2401, 1.5047 -0.4641 1.2371, 1.4932 -0.5204 1.237, 1.538 -0.3511 1.2405, 1.5382 -0.3499 1.2405, 1.42 -0.681 1.2305, 1.4695 -0.5766 1.2338, 1.4256 -0.6837 1.232, 1.4703 -0.575 1.2338, 1.4878 -0.5186 1.2355, 1.3663 -0.7883 1.227, 1.3763 -0.7732 1.2275, 1.419 -0.6831 1.2304, 1.2563 -0.9553 1.2213, 1.2386 -0.9829 1.2219, 1.2348 -0.9798 1.2204, 1.1108 -1.1213 1.215, 1.1186 -1.1124 1.2153, 1.1214 -1.1151 1.2169, 1.1548 -1.0711 1.2169, 1.2326 -0.9823 1.2203, 1.0032 -1.2205 1.2115, 1.0013 -1.2204 1.2108, 1.0729 -1.1556 1.2135, 1.0053 -1.2205 1.2125, 1.0133 -1.2205 1.2177, 1.0119 -1.2205 1.2163, 1.1232 -1.1169 1.219, 1.0103 -1.2205 1.2151, 1.0095 -1.2205 1.2147, 1.0164 -1.2205 1.221, 1.016 -1.2205 1.2204, 1.125 -1.1186 1.2219, 1.0185 -1.2205 1.2251, 1.0168 -1.2205 1.2216, 1.1263 -1.12 1.2252, 1.019 -1.2205 1.228, 1.0188 -1.2205 1.2262, 1.1272 -1.1209 1.2289, 1.0191 -1.2205 1.2302, 1.0192 -1.2205 1.2291, 1.1276 -1.1212 1.2322, 1.0178 -1.2205 1.2345, 1.018 -1.2205 1.2342, 1.1275 -1.1211 1.2355, 1.0185 -1.2205 1.233, 1.0189 -1.2205 1.2313, 1.0013 -1.2204 1.2465, 1.0046 -1.2204 1.2452, 1.0731 -1.1558 1.2493, 1.121 -1.1147 1.2499, 1.1116 -1.121 1.2508, 1.1189 -1.1127 1.2511, 1.1551 -1.0713 1.2526, 1.2382 -0.9826 1.2549, 1.2328 -0.9824 1.256, 1.3351 -0.8351 1.2612, 1.3014 -0.8868 1.2594, 1.3399 -0.8382 1.2599, 1.2572 -0.9545 1.2571, 1.235 -0.9799 1.2561, 1.4198 -0.6809 1.2662, 1.4188 -0.683 1.2661, 1.4251 -0.6835 1.265, 1.3782 -0.7692 1.2634, 1.3659 -0.788 1.2628, 1.4927 -0.5203 1.27, 1.4714 -0.5714 1.2697, 1.4691 -0.5764 1.2695, 1.5384 -0.3511 1.2763, 1.5365 -0.3627 1.2759, 1.5416 -0.3506 1.2751, 1.5049 -0.4641 1.2729, 1.4879 -0.5187 1.2712, 1.5709 -0.1765 1.2801, 1.5572 -0.2347 1.2796, 1.5386 -0.35 1.2763, 1.5748 -0.0 1.2864, 1.5724 -0.1179 1.283, 1.5805 -0.0001 1.2852, 1.5719 -0.1444 1.2822, 1.5668 -0.1759 1.2813, 1.5707 0.1763 1.2902, 1.5764 0.077 1.2886, 1.5748 0.0001 1.2864, 1.5578 0.2347 1.2931, 1.5648 0.1756 1.2914, 1.5716 0.1176 1.2897, 1.5508 0.2943 1.2948, 1.5414 0.3505 1.2952, 1.5364 0.3493 1.2965, 1.4899 0.5192 1.3015, 1.4955 0.5057 1.3011, 1.4929 0.5203 1.3003, 1.5064 0.4643 1.2999, 1.5362 0.3502 1.2965, 1.4665 0.575 1.3032, 1.4254 0.6834 1.3053, 1.4217 0.6818 1.3065, 1.3352 0.8352 1.3116, 1.3639 0.7869 1.31, 1.34 0.8381 1.3104, 1.41 0.7096 1.3074, 1.4208 0.6838 1.3066, 1.2381 0.9824 1.3154, 1.2335 0.9787 1.3166, 1.2967 0.8997 1.3137, 1.3036 0.8883 1.3134, 1.1173 1.1108 1.3217, 1.1574 1.0729 1.3201, 1.1209 1.1146 1.3205, 1.16 1.0705 1.32, 1.2314 0.9813 1.3167, 1.0048 1.2205 1.3249, 1.0126 1.2205 1.3202, 1.0122 1.2205 1.3206, 1.1229 1.1165 1.3184, 1.0105 1.2205 1.3218, 1.009 1.2205 1.3227, 1.0179 1.2205 1.3135, 1.019 1.2205 1.3107, 1.0187 1.2205 1.3118, 1.1269 1.1205 1.3093, 1.0191 1.2205 1.3102, 1.0193 1.2205 1.3067, 1.0193 1.2205 1.3079, 1.1274 1.121 1.3061, 1.0185 1.2205 1.3037, 1.0186 1.2205 1.3039, 1.1275 1.1211 1.3028, 1.0083 -1.2205 1.2437, 1.1229 -1.1166 1.2478, 1.2403 -0.9843 1.2528, 1.3422 -0.8397 1.2579, 1.4276 -0.6846 1.2629, 1.4952 -0.5211 1.2679, 1.5442 -0.3512 1.273, 1.5735 -0.1768 1.278, 1.5832 -0.0001 1.2831, 1.5733 0.1766 1.2881, 1.544 0.3511 1.2932, 1.4954 0.5212 1.2982, 1.4278 0.6846 1.3032, 1.3423 0.8395 1.3083, 1.2402 0.9841 1.3133, 1.2421 -0.9857 1.2503, 1.3441 -0.8409 1.2554, 1.4296 -0.6856 1.2604, 1.4974 -0.5219 1.2655, 1.5464 -0.3517 1.2705, 1.5758 -0.177 1.2756, 1.5855 -0.0001 1.2806, 1.5756 0.1769 1.2856, 1.5462 0.3516 1.2907, 1.4975 0.5219 1.2957, 1.4298 0.6856 1.3008, 1.3442 0.8407 1.3058, 1.242 0.9855 1.3109, 1.1245 1.1181 1.3159, 1.0153 -1.2205 1.2383, 1.126 -1.1197 1.2421, 1.2437 -0.987 1.2471, 1.3459 -0.8419 1.2522, 1.4315 -0.6865 1.2572, 1.4993 -0.5226 1.2622, 1.5484 -0.3521 1.2673, 1.5778 -0.1773 1.2723, 1.5875 -0.0001 1.2774, 1.5776 0.1771 1.2824, 1.5483 0.3521 1.2875, 1.4995 0.5226 1.2925, 1.4317 0.6865 1.2975, 1.346 0.8418 1.3026, 1.2436 0.9868 1.3076, 1.127 -1.1206 1.2387, 1.2448 -0.9878 1.2438, 1.347 -0.8427 1.2488, 1.4327 -0.6871 1.2539, 1.5006 -0.523 1.2589, 1.5497 -0.3524 1.2639, 1.5792 -0.1774 1.269, 1.5889 -0.0001 1.274, 1.579 0.1773 1.2791, 1.5496 0.3524 1.2841, 1.5008 0.523 1.2892, 1.4329 0.687 1.2942, 1.3471 0.8425 1.2993, 1.2447 0.9876 1.3043, 1.016 -1.2205 1.2374, 1.2453 -0.9883 1.2405, 1.3476 -0.843 1.2455, 1.4333 -0.6874 1.2506, 1.5013 -0.5232 1.2556, 1.5504 -0.3526 1.2607, 1.5799 -0.1775 1.2657, 1.5896 -0.0001 1.2708, 1.5797 0.1773 1.2758, 1.5503 0.3525 1.2808, 1.5015 0.5233 1.2859, 1.4336 0.6873 1.2909, 1.3477 0.8429 1.296, 1.2452 0.9881 1.301, 1.2454 -0.9884 1.2372, 1.3477 -0.8431 1.2422, 1.4334 -0.6874 1.2473, 1.5014 -0.5233 1.2523, 1.5505 -0.3526 1.2574, 1.58 -0.1775 1.2624, 1.5897 -0.0001 1.2675, 1.5798 0.1773 1.2725, 1.5504 0.3526 1.2776, 1.5016 0.5233 1.2826, 1.4337 0.6874 1.2876, 1.3478 0.843 1.2927, 1.2453 0.9881 1.2977, 1.245 -0.9881 1.234, 1.3473 -0.8429 1.239, 1.433 -0.6872 1.244, 1.5009 -0.5231 1.2491, 1.5501 -0.3525 1.2541, 1.5795 -0.1774 1.2592, 1.5892 -0.0001 1.2642, 1.5793 0.1773 1.2693, 1.5499 0.3524 1.2743, 1.5011 0.5231 1.2793, 1.4332 0.6872 1.2844, 1.3474 0.8427 1.2894, 1.245 0.9878 1.2945, 1.1271 1.1207 1.2995, 1.0181 1.2205 1.3027, 1.244 -0.9873 1.2303, 1.3463 -0.8422 1.2353, 1.4319 -0.6867 1.2404, 1.4998 -0.5227 1.2454, 1.5488 -0.3522 1.2505, 1.5783 -0.1773 1.2555, 1.588 -0.0001 1.2606, 1.5781 0.1772 1.2656, 1.5487 0.3522 1.2706, 1.4999 0.5227 1.2757, 1.4321 0.6866 1.2807, 1.3463 0.842 1.2858, 1.244 0.9871 1.2908, 1.2425 -0.9861 1.227, 1.3446 -0.8412 1.232, 1.4301 -0.6858 1.237, 1.498 -0.5221 1.2421, 1.547 -0.3518 1.2471, 1.5764 -0.1771 1.2522, 1.5861 -0.0001 1.2572, 1.5762 0.1769 1.2623, 1.5468 0.3517 1.2673, 1.4981 0.5221 1.2723, 1.4304 0.6858 1.2774, 1.3447 0.841 1.2824, 1.2425 0.9859 1.2875, 1.2406 -0.9846 1.2241, 1.3426 -0.8399 1.2291, 1.4279 -0.6848 1.2341, 1.4956 -0.5213 1.2392, 1.5446 -0.3513 1.2442, 1.5739 -0.1768 1.2493, 1.5836 -0.0001 1.2543, 1.5738 0.1767 1.2594, 1.5444 0.3512 1.2644, 1.4958 0.5213 1.2694, 1.4282 0.6848 1.2745, 1.3427 0.8397 1.2795, 1.2406 0.9843 1.2846, 1.1231 1.1168 1.2896, 1.0083 1.2205 1.2932
            ]
        }
        coordIndex [
            0,1,2,-1,2,1,3,-1,2,3,4,-1,4,3,5,-1,4,5,6,-1,6,5,7,-1,6,7,8,-1,8,7,9,-1,8,9,10,-1,10,9,11,-1,10,11,12,-1,12,11,13,-1,12,13,14,-1,14,13,15,-1,14,15,16,-1,16,15,17,-1,16,17,18,-1,18,17,19,-1,18,19,20,-1,20,19,21,-1,20,21,22,-1,22,21,23,-1,22,23,24,-1,24,23,25,-1,24,25,26,-1,26,25,27,-1,26,27,28,-1,28,27,29,-1,28,29,30,-1,30,29,31,-1,30,31,32,-1,32,31,33,-1,32,33,34,-1,34,33,35,-1,34,35,36,-1,36,35,37,-1,36,37,38,-1,38,37,39,-1,38,39,40,-1,40,39,41,-1,40,41,42,-1,42,41,43,-1,42,43,44,-1,44,43,45,-1,44,45,46,-1,46,45,47,-1,46,47,48,-1,48,47,49,-1,48,49,50,-1,50,49,51,-1,50,51,52,-1,52,51,53,-1,52,53,54,-1,54,53,55,-1,54,55,56,-1,56,55,57,-1,56,57,58,-1,58,57,59,-1,58,59,60,-1,60,59,61,-1,60,61,62,-1,62,61,63,-1,62,63,64,-1,64,63,65,-1,64,65,66,-1,66,65,67,-1,66,67,68,-1,68,67,69,-1,68,69,70,-1,70,69,71,-1,70,71,72,-1,72,71,73,-1,72,73,74,-1,74,73,75,-1,74,75,76,-1,76,75,77,-1,76,77,78,-1,78,77,79,-1,78,79,80,-1,80,79,81,-1,80,81,82,-1,82,81,83,-1,82,83,84,-1,84,83,85,-1,84,85,86,-1,86,85,87,-1,86,87,88,-1,88,87,89,-1,88,89,90,-1,90,89,91,-1,90,91,92,-1,92,91,93,-1,92,93,94,-1,94,93,95,-1,94,95,96,-1,96,95,97,-1,96,97,98,-1,98,97,99,-1,98,99,100,-1,100,99,101,-1,100,101,102,-1,102,101,103,-1,102,103,104,-1,104,103,105,-1,104,105,106,-1,106,105,107,-1,106,107,108,-1,108,107,109,-1,108,109,110,-1,110,109,111,-1,110,111,112,-1,112,111,113,-1,112,113,114,-1,114,113,115,-1,114,115,116,-1,116,115,117,-1,116,117,118,-1,118,117,119,-1,118,119,120,-1,120,119,121,-1,120,121,122,-1,122,121,123,-1,122,123,124,-1,124,123,125,-1,124,125,126,-1,126,125,127,-1,126,127,128,-1,128,127,129,-1,128,129,130,-1,130,129,131,-1,130,131,132,-1,132,131,133,-1,132,133,134,-1,134,133,135,-1,134,135,136,-1,136,135,137,-1,136,137,138,-1,138,137,139,-1,138,139,140,-1,140,139,141,-1,140,141,142,-1,142,141,143,-1,144,145,146,-1,147,148,149,-1,150,151,152,-1,153,154,155,-1,156,157,158,-1,159,160,161,-1,162,163,164,-1,165,166,167,-1,168,169,170,-1,171,172,173,-1,173,172,168,-1,174,175,176,-1,174,176,177,-1,176,178,177,-1,177,178,179,-1,177,179,180,-1,181,182,179,-1,179,182,183,-1,179,183,180,-1,179,184,181,-1,181,184,185,-1,181,185,186,-1,187,188,189,-1,189,188,190,-1,189,190,185,-1,185,190,191,-1,185,191,186,-1,165,167,192,-1,192,167,193,-1,192,193,194,-1,194,193,195,-1,195,193,196,-1,195,196,197,-1,197,196,198,-1,197,198,199,-1,199,198,200,-1,200,198,201,-1,200,201,202,-1,202,201,203,-1,202,203,204,-1,149,205,206,-1,207,205,208,-1,208,205,149,-1,208,149,209,-1,209,149,148,-1,164,210,211,-1,211,210,212,-1,211,212,213,-1,162,164,214,-1,164,211,214,-1,214,211,215,-1,214,215,216,-1,217,218,219,-1,219,220,217,-1,217,220,221,-1,217,221,215,-1,215,221,222,-1,215,222,216,-1,223,224,225,-1,225,226,223,-1,223,226,227,-1,223,227,218,-1,218,227,228,-1,218,228,219,-1,229,230,231,-1,231,230,232,-1,231,232,224,-1,224,232,233,-1,224,233,225,-1,160,159,231,-1,231,159,234,-1,231,234,229,-1,235,236,161,-1,161,236,237,-1,161,237,159,-1,168,170,173,-1,173,170,238,-1,173,238,239,-1,239,238,240,-1,239,240,235,-1,235,240,241,-1,235,241,236,-1,242,243,244,-1,244,243,245,-1,246,247,248,-1,248,247,249,-1,248,249,250,-1,251,252,253,-1,253,252,254,-1,251,255,256,-1,255,257,256,-1,256,257,258,-1,256,258,259,-1,259,260,261,-1,261,260,262,-1,261,262,263,-1,264,265,266,-1,266,265,267,-1,268,269,270,-1,270,269,271,-1,270,271,272,-1,272,271,273,-1,272,273,274,-1,274,273,275,-1,274,275,276,-1,276,275,277,-1,276,277,278,-1,278,277,279,-1,278,279,280,-1,280,279,281,-1,280,281,282,-1,282,281,283,-1,282,283,248,-1,248,283,284,-1,248,284,246,-1,285,268,286,-1,286,268,270,-1,286,270,287,-1,287,270,272,-1,287,272,288,-1,288,272,274,-1,288,274,289,-1,289,274,276,-1,289,276,290,-1,290,276,278,-1,290,278,291,-1,291,278,280,-1,291,280,292,-1,292,280,282,-1,292,282,293,-1,293,282,248,-1,293,248,244,-1,244,248,250,-1,244,250,242,-1,294,285,295,-1,295,285,286,-1,295,286,296,-1,296,286,287,-1,296,287,297,-1,297,287,288,-1,297,288,298,-1,298,288,289,-1,298,289,299,-1,299,289,290,-1,299,290,300,-1,300,290,291,-1,300,291,301,-1,301,291,292,-1,301,292,302,-1,302,292,293,-1,302,293,303,-1,303,293,244,-1,303,244,266,-1,266,244,245,-1,266,245,264,-1,155,294,304,-1,304,294,295,-1,304,295,305,-1,305,295,296,-1,305,296,306,-1,306,296,297,-1,306,297,307,-1,307,297,298,-1,307,298,308,-1,308,298,299,-1,308,299,309,-1,309,299,300,-1,309,300,310,-1,310,300,301,-1,310,301,311,-1,311,301,302,-1,311,302,312,-1,312,302,303,-1,312,303,313,-1,313,303,266,-1,313,266,252,-1,252,266,267,-1,252,267,254,-1,314,157,315,-1,315,157,156,-1,315,156,316,-1,213,317,211,-1,211,317,318,-1,211,318,215,-1,215,318,319,-1,215,319,217,-1,217,319,320,-1,217,320,218,-1,218,320,321,-1,218,321,223,-1,223,321,322,-1,223,322,224,-1,224,322,323,-1,224,323,231,-1,231,323,324,-1,231,324,160,-1,160,324,325,-1,160,325,161,-1,161,325,326,-1,161,326,235,-1,235,326,327,-1,235,327,239,-1,239,327,261,-1,239,261,173,-1,173,261,263,-1,173,263,171,-1,328,329,330,-1,330,329,331,-1,332,333,316,-1,331,332,330,-1,330,332,316,-1,330,316,334,-1,334,316,156,-1,334,156,335,-1,335,156,158,-1,335,158,336,-1,333,337,316,-1,316,337,338,-1,316,338,315,-1,315,338,339,-1,315,339,340,-1,341,342,343,-1,343,342,344,-1,343,344,345,-1,251,256,252,-1,252,256,346,-1,252,346,313,-1,313,346,347,-1,313,347,312,-1,312,347,348,-1,312,348,311,-1,311,348,349,-1,311,349,310,-1,310,349,350,-1,310,350,309,-1,309,350,351,-1,309,351,308,-1,308,351,352,-1,308,352,307,-1,307,352,353,-1,307,353,306,-1,306,353,354,-1,306,354,305,-1,305,354,355,-1,305,355,304,-1,304,355,343,-1,304,343,155,-1,155,343,345,-1,155,345,153,-1,213,356,317,-1,317,356,357,-1,317,357,358,-1,259,261,256,-1,256,261,327,-1,256,327,346,-1,346,327,326,-1,346,326,347,-1,347,326,325,-1,347,325,348,-1,348,325,324,-1,348,324,349,-1,349,324,323,-1,349,323,350,-1,350,323,322,-1,350,322,351,-1,351,322,321,-1,351,321,352,-1,352,321,320,-1,352,320,353,-1,353,320,319,-1,353,319,354,-1,354,319,318,-1,354,318,355,-1,355,318,317,-1,355,317,343,-1,343,317,358,-1,343,358,341,-1,154,328,155,-1,155,328,330,-1,155,330,294,-1,294,330,334,-1,294,334,285,-1,285,334,335,-1,285,335,268,-1,268,335,336,-1,268,336,269,-1,359,360,361,-1,361,360,362,-1,176,363,178,-1,178,363,364,-1,178,364,365,-1,366,367,368,-1,369,370,371,-1,372,373,374,-1,374,373,375,-1,374,375,376,-1,377,378,379,-1,379,378,380,-1,379,380,381,-1,382,189,383,-1,383,189,185,-1,383,185,384,-1,384,185,184,-1,384,184,385,-1,385,184,179,-1,385,179,386,-1,386,179,178,-1,386,178,361,-1,361,178,365,-1,361,365,359,-1,387,382,388,-1,388,382,383,-1,388,383,389,-1,389,383,384,-1,389,384,390,-1,390,384,385,-1,390,385,391,-1,391,385,386,-1,391,386,392,-1,392,386,361,-1,392,361,374,-1,374,361,362,-1,374,362,372,-1,393,387,394,-1,394,387,388,-1,394,388,395,-1,395,388,389,-1,395,389,396,-1,396,389,390,-1,396,390,397,-1,397,390,391,-1,397,391,398,-1,398,391,392,-1,398,392,399,-1,399,392,374,-1,399,374,379,-1,379,374,376,-1,379,376,377,-1,400,393,401,-1,401,393,394,-1,401,394,402,-1,402,394,395,-1,402,395,403,-1,403,395,396,-1,403,396,404,-1,404,396,397,-1,404,397,405,-1,405,397,398,-1,405,398,406,-1,406,398,399,-1,406,399,407,-1,407,399,379,-1,407,379,366,-1,366,379,381,-1,366,381,367,-1,408,400,409,-1,409,400,401,-1,409,401,410,-1,410,401,402,-1,410,402,411,-1,411,402,403,-1,411,403,412,-1,412,403,404,-1,412,404,413,-1,413,404,405,-1,413,405,414,-1,414,405,406,-1,414,406,415,-1,415,406,407,-1,415,407,416,-1,416,407,366,-1,416,366,369,-1,369,366,368,-1,369,368,370,-1,417,203,418,-1,418,203,201,-1,418,201,419,-1,419,201,198,-1,419,198,420,-1,420,198,196,-1,420,196,421,-1,421,196,193,-1,421,193,422,-1,422,193,167,-1,423,408,424,-1,424,408,409,-1,424,409,425,-1,425,409,410,-1,425,410,426,-1,426,410,411,-1,426,411,427,-1,427,411,412,-1,427,412,428,-1,428,412,413,-1,428,413,429,-1,429,413,414,-1,429,414,430,-1,430,414,415,-1,430,415,431,-1,431,415,416,-1,431,416,432,-1,432,416,369,-1,432,369,433,-1,434,435,436,-1,436,435,437,-1,436,437,438,-1,438,437,439,-1,438,439,440,-1,422,441,421,-1,421,441,442,-1,421,442,420,-1,420,442,443,-1,420,443,419,-1,419,443,444,-1,419,444,418,-1,418,444,146,-1,418,146,417,-1,145,445,146,-1,146,445,446,-1,146,446,417,-1,417,446,447,-1,417,447,448,-1,448,147,417,-1,417,147,149,-1,417,149,203,-1,203,149,206,-1,203,206,204,-1,449,151,450,-1,450,151,150,-1,450,150,451,-1,451,150,452,-1,453,454,435,-1,455,456,434,-1,434,456,457,-1,434,457,435,-1,435,457,458,-1,435,458,453,-1,454,452,435,-1,435,452,150,-1,435,150,437,-1,437,150,152,-1,437,152,439,-1,449,459,151,-1,151,459,460,-1,151,460,461,-1,441,440,442,-1,442,440,439,-1,442,439,443,-1,443,439,152,-1,443,152,444,-1,444,152,151,-1,444,151,146,-1,146,151,461,-1,146,461,144,-1,371,462,369,-1,369,462,463,-1,369,463,433,-1,433,463,464,-1,433,464,465,-1,466,467,283,-1,283,467,468,-1,283,468,284,-1,314,423,157,-1,157,423,424,-1,157,424,158,-1,158,424,425,-1,158,425,336,-1,336,425,426,-1,336,426,269,-1,269,426,427,-1,269,427,271,-1,271,427,428,-1,271,428,273,-1,273,428,429,-1,273,429,275,-1,275,429,430,-1,275,430,277,-1,277,430,431,-1,277,431,279,-1,279,431,432,-1,279,432,281,-1,281,432,433,-1,281,433,283,-1,283,433,465,-1,283,465,466,-1,469,470,314,-1,340,471,315,-1,315,471,472,-1,315,472,314,-1,314,472,473,-1,314,473,469,-1,470,455,314,-1,314,455,434,-1,314,434,423,-1,423,434,436,-1,423,436,408,-1,408,436,438,-1,408,438,400,-1,400,438,440,-1,400,440,393,-1,393,440,441,-1,393,441,387,-1,387,441,422,-1,387,422,382,-1,382,422,167,-1,382,167,189,-1,189,167,166,-1,189,166,187,-1,474,475,476,-1,476,475,477,-1,477,475,478,-1,477,478,479,-1,479,478,480,-1,479,480,481,-1,481,480,482,-1,481,482,483,-1,483,482,484,-1,484,482,485,-1,484,485,486,-1,486,485,487,-1,486,487,488,-1,489,490,491,-1,491,490,492,-1,488,487,492,-1,492,487,493,-1,492,493,491,-1,494,495,496,-1,496,495,489,-1,496,489,497,-1,497,489,491,-1,498,499,494,-1,494,499,500,-1,494,500,495,-1,494,501,498,-1,498,501,502,-1,498,502,503,-1,503,502,504,-1,503,504,505,-1,505,504,506,-1,505,506,507,-1,507,506,508,-1,507,508,509,-1,509,508,510,-1,509,510,511,-1,511,510,512,-1,511,512,513,-1,513,512,514,-1,513,514,515,-1,515,514,516,-1,516,514,517,-1,516,517,518,-1,517,519,518,-1,518,519,520,-1,518,520,521,-1,521,520,522,-1,521,522,523,-1,523,522,524,-1,523,524,525,-1,525,524,526,-1,525,526,527,-1,527,526,528,-1,528,526,529,-1,528,529,530,-1,529,531,530,-1,530,531,532,-1,530,532,533,-1,533,532,534,-1,533,534,535,-1,535,534,536,-1,535,536,537,-1,537,536,538,-1,537,538,539,-1,539,538,540,-1,539,540,541,-1,541,540,542,-1,541,542,543,-1,543,542,544,-1,543,544,545,-1,545,544,546,-1,545,546,547,-1,548,549,550,-1,550,549,551,-1,547,546,552,-1,552,546,553,-1,552,553,554,-1,554,553,555,-1,554,555,551,-1,551,555,556,-1,551,556,550,-1,557,558,559,-1,559,558,560,-1,559,560,561,-1,561,560,562,-1,561,562,563,-1,563,562,564,-1,563,564,565,-1,565,564,566,-1,565,566,567,-1,567,566,568,-1,567,568,569,-1,569,568,570,-1,569,570,571,-1,571,570,572,-1,571,572,573,-1,573,572,574,-1,573,574,575,-1,575,574,576,-1,575,576,577,-1,577,576,578,-1,577,578,579,-1,579,578,580,-1,579,580,581,-1,581,580,582,-1,581,582,583,-1,583,582,584,-1,583,584,585,-1,585,584,586,-1,585,586,587,-1,587,586,588,-1,587,588,589,-1,589,588,590,-1,589,590,548,-1,548,590,591,-1,548,591,549,-1,592,593,594,-1,594,593,595,-1,594,595,596,-1,596,595,597,-1,596,597,598,-1,598,597,599,-1,598,599,600,-1,600,599,601,-1,600,601,557,-1,557,601,602,-1,557,602,558,-1,592,594,603,-1,603,594,604,-1,603,604,605,-1,605,604,606,-1,605,606,607,-1,607,606,608,-1,607,608,609,-1,610,611,612,-1,613,614,615,-1,616,617,618,-1,619,620,621,-1,622,623,624,-1,625,626,627,-1,628,629,630,-1,631,632,633,-1,633,632,634,-1,633,634,635,-1,636,637,638,-1,636,638,634,-1,634,638,639,-1,634,639,635,-1,629,640,630,-1,630,640,641,-1,630,641,636,-1,636,641,642,-1,636,642,637,-1,628,630,643,-1,643,630,644,-1,643,644,645,-1,646,647,648,-1,648,647,649,-1,648,649,644,-1,644,649,650,-1,644,650,645,-1,646,648,651,-1,651,648,652,-1,651,652,653,-1,654,655,656,-1,656,655,657,-1,656,657,652,-1,652,657,658,-1,652,658,653,-1,659,660,661,-1,661,660,662,-1,661,662,656,-1,656,662,663,-1,656,663,654,-1,664,665,661,-1,661,665,666,-1,661,666,659,-1,667,668,664,-1,664,668,669,-1,664,669,665,-1,670,667,671,-1,671,667,672,-1,670,673,667,-1,667,673,674,-1,667,674,668,-1,675,676,677,-1,677,676,678,-1,677,678,672,-1,672,678,679,-1,672,679,671,-1,626,680,627,-1,627,680,681,-1,627,681,677,-1,677,681,682,-1,677,682,675,-1,625,627,683,-1,683,627,684,-1,683,684,685,-1,686,687,688,-1,688,687,689,-1,688,689,684,-1,684,689,690,-1,684,690,685,-1,691,692,693,-1,686,688,693,-1,693,688,694,-1,693,694,691,-1,695,696,697,-1,697,696,698,-1,697,698,699,-1,700,701,702,-1,703,704,705,-1,706,707,708,-1,709,710,711,-1,712,713,714,-1,714,713,715,-1,714,715,716,-1,717,718,719,-1,719,718,720,-1,719,720,721,-1,721,720,722,-1,722,720,723,-1,723,720,724,-1,723,724,725,-1,726,727,728,-1,728,727,729,-1,728,729,724,-1,724,729,730,-1,724,730,725,-1,731,732,733,-1,733,732,734,-1,733,734,728,-1,728,734,735,-1,728,735,726,-1,736,737,733,-1,733,737,738,-1,733,738,731,-1,739,740,741,-1,741,740,742,-1,741,742,736,-1,736,742,743,-1,736,743,737,-1,744,745,741,-1,741,745,746,-1,741,746,739,-1,747,748,749,-1,749,748,750,-1,749,750,744,-1,744,750,751,-1,744,751,745,-1,752,753,749,-1,749,753,754,-1,749,754,747,-1,755,756,752,-1,752,756,757,-1,752,757,753,-1,755,752,758,-1,758,752,759,-1,758,759,760,-1,761,762,763,-1,763,762,764,-1,763,764,759,-1,759,764,765,-1,759,765,760,-1,761,763,766,-1,766,763,767,-1,766,767,768,-1,769,770,771,-1,771,770,772,-1,771,772,767,-1,767,772,773,-1,767,773,768,-1,774,775,776,-1,774,776,771,-1,771,776,777,-1,771,777,769,-1,778,779,780,-1,780,779,781,-1,780,781,774,-1,774,781,782,-1,774,782,775,-1,778,780,621,-1,621,780,783,-1,621,783,619,-1,784,785,786,-1,786,785,787,-1,786,787,788,-1,616,618,789,-1,790,791,792,-1,790,792,793,-1,794,795,796,-1,797,798,799,-1,718,800,720,-1,720,800,801,-1,720,801,724,-1,724,801,802,-1,724,802,728,-1,728,802,803,-1,728,803,733,-1,733,803,804,-1,733,804,736,-1,736,804,805,-1,736,805,741,-1,741,805,806,-1,741,806,744,-1,744,806,807,-1,744,807,749,-1,749,807,808,-1,749,808,752,-1,752,808,809,-1,752,809,759,-1,759,809,810,-1,759,810,763,-1,763,810,811,-1,763,811,767,-1,767,811,812,-1,767,812,771,-1,771,812,813,-1,771,813,774,-1,774,813,814,-1,774,814,780,-1,780,814,786,-1,780,786,783,-1,783,786,788,-1,800,622,801,-1,801,622,624,-1,801,624,802,-1,802,624,815,-1,802,815,803,-1,803,815,816,-1,803,816,804,-1,804,816,817,-1,804,817,805,-1,805,817,818,-1,805,818,806,-1,806,818,819,-1,806,819,807,-1,807,819,820,-1,807,820,808,-1,808,820,821,-1,808,821,809,-1,809,821,822,-1,809,822,810,-1,810,822,823,-1,810,823,811,-1,811,823,824,-1,811,824,812,-1,812,824,825,-1,812,825,813,-1,813,825,826,-1,813,826,814,-1,814,826,827,-1,814,827,786,-1,786,827,828,-1,786,828,784,-1,623,829,624,-1,624,829,830,-1,624,830,815,-1,815,830,831,-1,815,831,816,-1,816,831,832,-1,816,832,817,-1,817,832,833,-1,817,833,818,-1,818,833,834,-1,818,834,819,-1,819,834,835,-1,819,835,820,-1,820,835,836,-1,820,836,821,-1,821,836,837,-1,821,837,822,-1,822,837,838,-1,822,838,823,-1,823,838,839,-1,823,839,824,-1,824,839,840,-1,824,840,825,-1,825,840,841,-1,825,841,826,-1,826,841,842,-1,826,842,827,-1,827,842,843,-1,827,843,828,-1,828,843,618,-1,828,618,784,-1,784,618,617,-1,830,844,831,-1,831,844,845,-1,831,845,832,-1,832,845,846,-1,832,846,833,-1,833,846,847,-1,833,847,834,-1,834,847,848,-1,834,848,835,-1,835,848,849,-1,835,849,836,-1,836,849,850,-1,836,850,837,-1,837,850,851,-1,837,851,838,-1,838,851,852,-1,838,852,839,-1,839,852,853,-1,839,853,840,-1,840,853,854,-1,840,854,841,-1,841,854,855,-1,841,855,842,-1,842,855,856,-1,842,856,843,-1,843,856,857,-1,843,857,618,-1,618,857,792,-1,618,792,789,-1,789,792,791,-1,829,858,830,-1,830,858,712,-1,830,712,844,-1,844,712,714,-1,844,714,845,-1,845,714,859,-1,845,859,846,-1,846,859,860,-1,846,860,847,-1,847,860,861,-1,847,861,848,-1,848,861,862,-1,848,862,849,-1,849,862,863,-1,849,863,850,-1,850,863,864,-1,850,864,851,-1,851,864,865,-1,851,865,852,-1,852,865,866,-1,852,866,853,-1,853,866,867,-1,853,867,854,-1,854,867,868,-1,854,868,855,-1,855,868,869,-1,855,869,856,-1,856,869,870,-1,856,870,857,-1,857,870,871,-1,857,871,792,-1,792,871,796,-1,792,796,793,-1,793,796,795,-1,716,709,714,-1,714,709,711,-1,714,711,859,-1,859,711,872,-1,859,872,860,-1,860,872,873,-1,860,873,861,-1,861,873,874,-1,861,874,862,-1,862,874,875,-1,862,875,863,-1,863,875,876,-1,863,876,864,-1,864,876,877,-1,864,877,865,-1,865,877,878,-1,865,878,866,-1,866,878,879,-1,866,879,867,-1,867,879,880,-1,867,880,868,-1,868,880,881,-1,868,881,869,-1,869,881,882,-1,869,882,870,-1,870,882,883,-1,870,883,871,-1,871,883,884,-1,871,884,796,-1,796,884,799,-1,796,799,794,-1,794,799,798,-1,710,706,711,-1,711,706,708,-1,711,708,872,-1,872,708,885,-1,872,885,873,-1,873,885,886,-1,873,886,874,-1,874,886,887,-1,874,887,875,-1,875,887,888,-1,875,888,876,-1,876,888,889,-1,876,889,877,-1,877,889,890,-1,877,890,878,-1,878,890,891,-1,878,891,879,-1,879,891,892,-1,879,892,880,-1,880,892,893,-1,880,893,881,-1,881,893,894,-1,881,894,882,-1,882,894,895,-1,882,895,883,-1,883,895,896,-1,883,896,884,-1,884,896,897,-1,884,897,799,-1,799,897,898,-1,799,898,797,-1,797,898,899,-1,707,703,708,-1,708,703,705,-1,708,705,885,-1,885,705,900,-1,885,900,886,-1,886,900,901,-1,886,901,887,-1,887,901,902,-1,887,902,888,-1,888,902,903,-1,888,903,889,-1,889,903,904,-1,889,904,890,-1,890,904,905,-1,890,905,891,-1,891,905,906,-1,891,906,892,-1,892,906,907,-1,892,907,893,-1,893,907,908,-1,893,908,894,-1,894,908,909,-1,894,909,895,-1,895,909,910,-1,895,910,896,-1,896,910,911,-1,896,911,897,-1,897,911,912,-1,897,912,898,-1,898,912,615,-1,898,615,899,-1,899,615,614,-1,704,700,705,-1,705,700,702,-1,705,702,900,-1,900,702,913,-1,900,913,901,-1,901,913,914,-1,901,914,902,-1,902,914,915,-1,902,915,903,-1,903,915,916,-1,903,916,904,-1,904,916,917,-1,904,917,905,-1,905,917,918,-1,905,918,906,-1,906,918,919,-1,906,919,907,-1,907,919,920,-1,907,920,908,-1,908,920,921,-1,908,921,909,-1,909,921,922,-1,909,922,910,-1,910,922,923,-1,910,923,911,-1,911,923,924,-1,911,924,912,-1,912,924,925,-1,912,925,615,-1,615,925,612,-1,615,612,613,-1,613,612,611,-1,701,695,702,-1,702,695,697,-1,702,697,913,-1,913,697,926,-1,913,926,914,-1,914,926,927,-1,914,927,915,-1,915,927,928,-1,915,928,916,-1,916,928,929,-1,916,929,917,-1,917,929,930,-1,917,930,918,-1,918,930,931,-1,918,931,919,-1,919,931,932,-1,919,932,920,-1,920,932,933,-1,920,933,921,-1,921,933,934,-1,921,934,922,-1,922,934,935,-1,922,935,923,-1,923,935,936,-1,923,936,924,-1,924,936,937,-1,924,937,925,-1,925,937,938,-1,925,938,612,-1,612,938,939,-1,612,939,610,-1,610,939,940,-1,699,694,697,-1,697,694,688,-1,697,688,926,-1,926,688,684,-1,926,684,927,-1,927,684,627,-1,927,627,928,-1,928,627,677,-1,928,677,929,-1,929,677,672,-1,929,672,930,-1,930,672,667,-1,930,667,931,-1,931,667,664,-1,931,664,932,-1,932,664,661,-1,932,661,933,-1,933,661,656,-1,933,656,934,-1,934,656,652,-1,934,652,935,-1,935,652,648,-1,935,648,936,-1,936,648,644,-1,936,644,937,-1,937,644,630,-1,937,630,938,-1,938,630,636,-1,938,636,939,-1,939,636,634,-1,939,634,940,-1,940,634,632,-1,
        ]
    }
}
Shape{
    appearance Appearance {
        material  Material 	{
            diffuseColor 1.0 1.0 0.9490196078431372
            specularColor 0.5019607843137255 0.5019607843137255 0.4745098039215686
            ambientIntensity 0.9942
            transparency 0.0
            shininess 0.5
        }
    }
    geometry IndexedFaceSet {
        ccw TRUE
        solid FALSE
        coord DEF co Coordinate {
            point [
                0.0 -1.6142 4.6622, -0.1333 -1.6087 4.6622, -0.1333 -1.6087 4.5047, -0.3963 -1.5648 4.6622, -0.3963 -1.5648 4.5047, -0.6484 -1.4782 4.6622, -0.6484 -1.4782 4.5047, -0.8829 -1.3513 4.6622, -0.8829 -1.3513 4.5047, -1.0932 -1.1876 4.6622, -1.0932 -1.1876 4.5047, -1.2738 -0.9914 4.6622, -1.2738 -0.9914 4.5047, -1.4196 -0.7683 4.6622, -1.4196 -0.7683 4.5047, -1.5267 -0.5241 4.6622, -1.5267 -0.5241 4.5047, -1.5922 -0.2657 4.6622, -1.5922 -0.2657 4.5047, -1.6142 0.0 4.6622, -1.6142 0.0 4.5047, -1.5922 0.2657 4.6622, -1.5922 0.2657 4.5047, -1.5267 0.5241 4.6622, -1.5267 0.5241 4.5047, -1.4196 0.7683 4.6622, -1.4196 0.7683 4.5047, -1.2738 0.9914 4.6622, -1.2738 0.9914 4.5047, -1.0932 1.1876 4.6622, -1.0932 1.1876 4.5047, -0.8829 1.3513 4.6622, -0.8829 1.3513 4.5047, -0.6484 1.4782 4.6622, -0.6484 1.4782 4.5047, -0.3963 1.5648 4.6622, -0.3963 1.5648 4.5047, -0.1333 1.6087 4.6622, -0.1333 1.6087 4.5047, 0.1333 1.6087 4.6622, 0.1333 1.6087 4.5047, 0.3963 1.5648 4.6622, 0.3963 1.5648 4.5047, 0.6484 1.4782 4.6622, 0.6484 1.4782 4.5047, 0.8829 1.3513 4.6622, 0.8829 1.3513 4.5047, 1.0932 1.1876 4.6622, 1.0932 1.1876 4.5047, 1.2738 0.9914 4.6622, 1.2738 0.9914 4.5047, 1.4196 0.7683 4.6622, 1.4196 0.7683 4.5047, 1.5267 0.5241 4.6622, 1.5267 0.5241 4.5047, 1.5922 0.2657 4.6622, 1.5922 0.2657 4.5047, 1.6142 -0.0 4.6622, 1.6142 0.0 4.5047, 1.5922 -0.2657 4.6622, 1.5922 -0.2657 4.5047, 1.5267 -0.5241 4.6622, 1.5267 -0.5241 4.5047, 1.4196 -0.7683 4.6622, 1.4196 -0.7683 4.5047, 1.2738 -0.9914 4.6622, 1.2738 -0.9914 4.5047, 1.0932 -1.1876 4.6622, 1.0932 -1.1876 4.5047, 0.8829 -1.3513 4.6622, 0.8829 -1.3513 4.5047, 0.6484 -1.4782 4.6622, 0.6484 -1.4782 4.5047, 0.3963 -1.5648 4.6622, 0.3963 -1.5648 4.5047, 0.1333 -1.6087 4.6622, 0.1333 -1.6087 4.5047
            ]
        }
        coordIndex [
            0,1,2,-1,2,1,3,-1,2,3,4,-1,4,3,5,-1,4,5,6,-1,6,5,7,-1,6,7,8,-1,8,7,9,-1,8,9,10,-1,10,9,11,-1,10,11,12,-1,12,11,13,-1,12,13,14,-1,14,13,15,-1,14,15,16,-1,16,15,17,-1,16,17,18,-1,18,17,19,-1,18,19,20,-1,20,19,21,-1,20,21,22,-1,22,21,23,-1,22,23,24,-1,24,23,25,-1,24,25,26,-1,26,25,27,-1,26,27,28,-1,28,27,29,-1,28,29,30,-1,30,29,31,-1,30,31,32,-1,32,31,33,-1,32,33,34,-1,34,33,35,-1,34,35,36,-1,36,35,37,-1,36,37,38,-1,38,37,39,-1,38,39,40,-1,40,39,41,-1,40,41,42,-1,42,41,43,-1,42,43,44,-1,44,43,45,-1,44,45,46,-1,46,45,47,-1,46,47,48,-1,48,47,49,-1,48,49,50,-1,50,49,51,-1,50,51,52,-1,52,51,53,-1,52,53,54,-1,54,53,55,-1,54,55,56,-1,56,55,57,-1,56,57,58,-1,58,57,59,-1,58,59,60,-1,60,59,61,-1,60,61,62,-1,62,61,63,-1,62,63,64,-1,64,63,65,-1,64,65,66,-1,66,65,67,-1,66,67,68,-1,68,67,69,-1,68,69,70,-1,70,69,71,-1,70,71,72,-1,72,71,73,-1,72,73,74,-1,74,73,75,-1,74,75,76,-1,76,75,0,-1,76,0,2,-1,
        ]
    }
}
Shape{
    appearance Appearance {
        material  Material 	{
            diffuseColor 0.29411764705882354 0.29411764705882354 0.29411764705882354
            specularColor 0.14901960784313725 0.14901960784313725 0.14901960784313725
            ambientIntensity 0.2941
            transparency 0.0
            shininess 0.5
        }
    }
    geometry IndexedFaceSet {
        ccw TRUE
        solid FALSE
        coord DEF co Coordinate {
            point [
                0.8306 1.2205 2.9481, 0.7002 1.1177 2.8771, 0.7068 1.2205 2.9217, 0.6594 1.1409 2.8787, 0.6587 1.2205 2.9114, 0.6047 1.1721 2.8809, 0.5897 1.2204 2.8999, 0.5724 1.187 2.8821, 0.4999 1.2204 2.8848, 0.877 0.9851 2.8697, 0.822 1.03 2.8721, 0.975 1.2204 2.9846, 0.791 1.0554 2.8734, 0.8329 1.2205 2.9487, 0.7427 1.0885 2.8754, 0.7121 1.1095 2.8766, 1.1551 1.0712 2.9851, 0.9588 0.9057 2.8658, 1.1187 1.1124 2.9867, 0.9007 0.9621 2.8686, 1.109 1.1235 2.9871, 0.8968 0.9659 2.8687, 1.0731 1.1558 2.9885, 1.0013 1.2204 2.9913, 1.0314 0.822 2.862, 1.0308 0.8227 2.862, 0.9668 0.8965 2.8654, 1.2332 0.9827 2.9818, 1.2354 0.9801 2.9817, 1.0597 0.7832 2.8603, 1.2544 0.9585 2.9809, 1.0896 0.7424 2.8586, 1.3015 0.8869 2.9784, 1.0959 0.7338 2.8582, 1.3355 0.8353 2.9766, 1.1417 0.6588 2.8551, 1.3663 0.7883 2.975, 1.1537 0.639 2.8543, 1.3759 0.7738 2.9745, 1.1839 0.5786 2.852, 1.4189 0.6831 2.9717, 1.1874 0.5716 2.8518, 1.2046 0.537 2.8504, 1.4199 0.681 2.9716, 1.2267 0.4813 2.8484, 1.4695 0.5766 2.9683, 1.4699 0.5756 2.9683, 1.2451 0.4349 2.8468, 1.4878 0.5186 2.9665, 1.2592 0.3883 2.8451, 1.5049 0.4641 2.9649, 1.2693 0.3551 2.8439, 1.5356 0.3663 2.962, 1.2771 0.3295 2.843, 1.2848 0.2932 2.8418, 1.5382 0.351 2.9615, 1.3003 0.2208 2.8393, 1.3189 -0.002 2.8315, 1.3188 -0.0 2.8315, 1.5752 -0.0001 2.9514, 1.3149 0.0985 2.835, 1.5723 0.1178 2.9548, 1.3145 0.1078 2.8353, 1.5716 0.1482 2.9557, 1.313 0.1197 2.8357, 1.5671 0.1758 2.9565, 1.3033 0.1964 2.8384, 1.5574 0.2346 2.9582, 1.5384 0.3499 2.9615, 1.5752 -0.0001 2.9514, 1.5769 -0.073 2.9493, 1.3147 -0.0985 2.8281, 1.5717 -0.1176 2.948, 1.3141 -0.1121 2.8277, 1.5362 -0.3502 2.9413, 1.2848 -0.293 2.8215, 1.5364 -0.3493 2.9413, 1.3 -0.2222 2.8239, 1.3132 -0.1197 2.8274, 1.565 -0.1757 2.9464, 1.3034 -0.1963 2.8248, 1.5582 -0.2347 2.9447, 1.5518 -0.2905 2.9431, 1.0716 -1.1539 2.9143, 0.9007 -0.9621 2.7947, 1.1173 -1.1108 2.9161, 0.9558 -0.9088 2.7973, 1.1574 -1.073 2.9177, 0.9668 -0.8963 2.7978, 1.1619 -1.0687 2.9179, 1.0283 -0.8259 2.801, 1.2316 -0.9814 2.9211, 1.0313 -0.8218 2.8011, 1.2336 -0.9789 2.9212, 1.0597 -0.7832 2.8028, 1.2995 -0.8964 2.9242, 1.0897 -0.7425 2.8045, 1.3041 -0.8886 2.9244, 1.0935 -0.7374 2.8047, 1.3355 -0.8355 2.9262, 1.1417 -0.6588 2.808, 1.3641 -0.7871 2.9278, 1.1531 -0.6403 2.8087, 1.411 -0.7077 2.9304, 1.1839 -0.5787 2.8111, 1.4209 -0.684 2.9312, 1.1875 -0.5715 2.8114, 1.4218 -0.682 2.9312, 1.2028 -0.541 2.8126, 1.4664 -0.5751 2.9346, 1.2268 -0.4812 2.8148, 1.4897 -0.5192 2.9363, 1.2438 -0.4387 2.8164, 1.4959 -0.5042 2.9367, 1.2593 -0.3881 2.8182, 1.5063 -0.4644 2.9379, 1.2694 -0.3551 2.8193, 1.276 -0.3337 2.8201, 0.6967 -1.1198 2.7859, 0.7121 -1.1094 2.7865, 0.8335 -1.2205 2.8614, 0.7428 -1.0884 2.7878, 0.8471 -1.2205 2.8652, 0.7875 -1.058 2.7897, 0.9751 -1.2203 2.9037, 0.8221 -1.0298 2.7912, 1.0012 -1.2203 2.9115, 0.8759 -0.986 2.7935, 0.8969 -0.9657 2.7945, 0.6595 -1.1409 2.7844, 0.7059 -1.2205 2.8266, 0.6008 -1.1741 2.782, 0.6918 -1.2205 2.8228, 0.5725 -1.1871 2.781, 0.5904 -1.2205 2.7992, 0.4999 -1.2205 2.7782, -0.9558 -0.9088 2.9996, -0.9667 -0.8963 2.9991, -1.1552 -1.0711 2.8792, -1.5751 0.0001 2.8454, -1.5751 0.0001 2.8454, -1.3188 -0.0 2.9653, -0.4999 1.2205 2.912, -0.5897 1.2205 2.897, -0.5724 1.187 2.9148, -0.6047 1.1721 2.916, -0.6562 1.2205 2.8859, -0.6595 1.1409 2.9181, -0.7066 1.2205 2.8753, -0.7001 1.1177 2.9197, -0.8113 1.2205 2.8532, -0.7121 1.1095 2.9202, -0.7428 1.0884 2.9214, -0.8339 1.2205 2.8476, -0.791 1.0554 2.9234, -0.9753 1.2204 2.8121, -0.8221 1.03 2.9248, -0.877 0.9851 2.9272, -1.0013 1.2204 2.8056, -1.0716 1.154 2.8083, -1.1574 1.073 2.8117, -0.9668 0.8964 2.9316, -0.9587 0.9057 2.9312, -1.1174 1.1108 2.8101, -0.9007 0.9621 2.9284, -0.8968 0.9658 2.9282, -1.0308 0.8228 2.935, -1.1619 1.0688 2.8119, -1.0314 0.822 2.935, -1.2316 0.9815 2.8151, -1.2337 0.9789 2.8152, -1.0597 0.7832 2.9366, -1.2994 0.8966 2.8182, -1.0896 0.7424 2.9383, -1.3041 0.8886 2.8184, -1.0959 0.7338 2.9387, -1.3355 0.8355 2.8202, -1.1417 0.6588 2.9417, -1.3641 0.7871 2.8218, -1.1537 0.639 2.9425, -1.4109 0.708 2.8244, -1.1839 0.5786 2.9448, -1.4209 0.684 2.8252, -1.1874 0.5715 2.945, -1.2046 0.5371 2.9464, -1.4218 0.6819 2.8253, -1.2268 0.4812 2.9484, -1.4664 0.5751 2.8286, -1.2451 0.4349 2.9502, -1.4897 0.5191 2.8303, -1.4959 0.5044 2.8308, -1.2593 0.3882 2.9518, -1.5063 0.4645 2.8319, -1.2693 0.3551 2.953, -1.5361 0.3503 2.8353, -1.2771 0.3295 2.954, -1.5582 0.2349 2.8387, -1.3003 0.2209 2.9577, -1.5501 0.2926 2.8376, -1.2848 0.2931 2.9552, -1.5364 0.3493 2.8353, -1.5517 0.2908 2.8371, -1.5769 0.0732 2.8433, -1.3149 0.0985 2.9619, -1.5717 0.1176 2.8421, -1.3145 0.1078 2.9616, -1.565 0.1757 2.8404, -1.313 0.1197 2.9612, -1.3033 0.1964 2.9586, -1.2438 -0.4387 2.9806, -1.2593 -0.3882 2.9788, -1.505 -0.4639 2.8589, -1.2694 -0.3551 2.9776, -1.5357 -0.366 2.856, -1.276 -0.3336 2.9769, -1.5382 -0.351 2.8555, -1.2847 -0.2931 2.9755, -1.5384 -0.3499 2.8555, -1.3 -0.2222 2.973, -1.5574 -0.2346 2.8522, -1.3033 -0.1964 2.9721, -1.5671 -0.1758 2.8505, -1.3132 -0.1197 2.9694, -1.5717 -0.1479 2.8497, -1.3141 -0.1121 2.9691, -1.5724 -0.1179 2.8488, -1.3147 -0.0985 2.9687, -1.3189 -0.002 2.9653, -1.4878 -0.5186 2.8606, -1.4701 -0.5751 2.8623, -1.2268 -0.4812 2.9822, -1.4695 -0.5764 2.8623, -1.2028 -0.541 2.9844, -1.4199 -0.681 2.8656, -1.1875 -0.5715 2.9855, -1.419 -0.683 2.8657, -1.1839 -0.5787 2.9858, -1.3761 -0.7735 2.8685, -1.1531 -0.6403 2.9882, -1.1417 -0.6588 2.9889, -1.0597 -0.7832 2.9941, -1.0897 -0.7425 2.9923, -1.3015 -0.8869 2.8724, -1.0935 -0.7374 2.9921, -1.3355 -0.8353 2.8706, -1.3663 -0.7883 2.869, -1.2332 -0.9826 2.8758, -1.2546 -0.9583 2.8749, -1.2354 -0.9801 2.8757, -1.0313 -0.8219 2.9957, -1.0283 -0.8259 2.9959, -1.1093 -1.1232 2.8811, -1.0732 -1.1557 2.8825, -0.9007 -0.9621 3.0022, -1.1188 -1.1124 2.8807, -0.6968 -1.1198 3.0111, -0.7121 -1.1094 3.0104, -0.8335 -1.2205 2.9355, -0.7428 -1.0884 3.0091, -0.8497 -1.2205 2.9311, -0.7875 -1.058 3.0073, -0.9751 -1.2204 2.8932, -0.822 -1.0299 3.0058, -1.0014 -1.2204 2.8853, -0.8759 -0.986 3.0034, -0.8968 -0.9658 3.0024, -0.6595 -1.1409 3.0125, -0.7057 -1.2205 2.9704, -0.6009 -1.1741 3.0149, -0.6968 -1.2205 2.9729, -0.5725 -1.1871 3.0159, -0.5905 -1.2205 2.9976, -0.4999 -1.2205 3.0187, -1.5382 0.3508 1.3822, -1.5384 0.3498 1.3823, -1.5419 0.3506 1.384, -1.5717 0.1764 1.389, -1.5817 0.0 1.3941, -1.5843 0.0 1.3963, -1.0174 1.2205 1.3761, -1.1267 1.1204 1.3803, -1.1258 1.1194 1.3837, -1.0187 -1.2205 1.4498, -1.0184 -1.2205 1.4518, -1.1273 -1.1208 1.4477, -1.018 -1.2205 1.4537, -1.0173 -1.2205 1.4551, -1.1268 -1.1203 1.4509, -1.0731 1.1553 1.391, -1.0012 1.2203 1.3882, -1.0046 1.2204 1.3868, -1.1186 1.1124 1.3928, -1.1109 1.1212 1.3925, -1.1209 1.1146 1.3914, -1.0713 -1.154 1.4652, -1.1171 -1.1106 1.4634, -1.121 -1.1145 1.462, -1.157 -1.0729 1.4618, -1.1623 -1.0679 1.4616, -1.0026 -1.2205 1.4674, -1.0013 -1.2203 1.468, -1.0045 -1.2205 1.4664, -1.1225 -1.1161 1.4603, -1.0079 -1.2205 1.4646, -1.0121 -1.2205 1.4618, -1.0113 -1.2205 1.4626, -1.0096 -1.2205 1.4638, -1.1244 -1.1179 1.4575, -1.1258 -1.1194 1.4543, -1.0154 -1.2205 1.4584, -1.0162 -1.2205 1.4573, -1.0183 -1.2205 1.4527, -1.0186 -1.2205 1.4486, -1.1273 -1.1209 1.4444, -1.018 -1.2205 1.4459, -1.0178 -1.2205 1.4453, -1.127 -1.1205 1.4411, -1.0176 -1.2205 1.4446, -1.126 -1.1196 1.4375, -1.0157 -1.2205 1.4415, -1.0149 -1.2205 1.4405, -1.1247 -1.1182 1.4341, -1.0127 -1.2205 1.4385, -1.0111 -1.2205 1.4371, -1.1232 -1.1167 1.4316, -1.0081 -1.2205 1.4351, -1.1213 -1.1149 1.4294, -1.0054 -1.2204 1.434, -1.0713 -1.154 1.4295, -1.0013 -1.2203 1.4322, -1.2334 -0.9786 1.4226, -1.2313 -0.9813 1.4227, -1.2389 -0.983 1.4243, -1.1615 -1.0686 1.4259, -1.157 -1.0729 1.4261, -1.1171 -1.1106 1.4277, -1.0012 1.2203 1.3525, -1.0733 1.1555 1.3553, -1.0026 1.2205 1.3531, -1.0052 1.2205 1.3545, -1.1213 1.115 1.3588, -1.1232 1.1168 1.361, -1.0096 1.2205 1.3567, -1.1247 1.1183 1.3635, -1.126 1.1197 1.3668, -1.0158 1.2205 1.3626, -1.0154 1.2205 1.362, -1.0126 1.2205 1.3593, -1.0113 1.2205 1.3579, -1.1269 1.1206 1.3705, -1.1273 1.1209 1.3738, -1.0185 1.2205 1.3696, -1.0183 1.2205 1.3678, -1.018 1.2205 1.3667, -1.0162 1.2205 1.3632, -1.018 1.2205 1.3746, -1.0184 1.2205 1.3729, -1.1272 1.1209 1.3771, -1.0186 1.2205 1.3719, -1.0187 1.2205 1.3707, -1.0175 1.2205 1.3758, -1.1244 1.118 1.3869, -1.0149 1.2205 1.3799, -1.0156 1.2205 1.379, -1.008 1.2205 1.3853, -1.1225 1.1162 1.3897, -1.011 1.2205 1.3834, -1.012 1.2205 1.3825, -1.5812 0.0 1.4267, -1.5725 0.1178 1.4247, -1.5717 0.1474 1.4239, -1.5382 0.3498 1.418, -1.5381 0.3508 1.418, -1.5414 0.3505 1.4167, -1.5361 0.3628 1.4176, -1.5047 0.4637 1.4146, -1.5712 0.1764 1.4217, -1.567 0.1758 1.4231, -1.5573 0.2344 1.4214, -1.2551 0.9574 1.3987, -1.2352 0.98 1.3978, -1.2385 0.9827 1.3965, -1.2331 0.9825 1.3978, -1.1551 1.071 1.3944, -1.3664 0.7884 1.4045, -1.3355 0.8354 1.4029, -1.3405 0.8386 1.4015, -1.3016 0.8869 1.4011, -1.4927 0.5203 1.4116, -1.4876 0.5187 1.413, -1.4706 0.5732 1.4113, -1.4692 0.5762 1.4112, -1.4198 0.681 1.4079, -1.4255 0.6838 1.4066, -1.4189 0.6829 1.4079, -1.3761 0.7737 1.405, -1.5783 0.1772 1.3971, -1.5896 0.0 1.4058, -1.5795 0.1773 1.4008, -1.5901 0.0 1.4091, -1.5801 0.1774 1.404, -1.59 0.0 1.4124, -1.58 0.1773 1.4073, -1.5893 0.0 1.4156, -1.5793 0.1773 1.4106, -1.588 0.0 1.419, -1.578 0.1771 1.4139, -1.586 0.0 1.4222, -1.5759 0.1769 1.4172, -1.5834 0.0 1.425, -1.5734 0.1766 1.42, -1.5465 0.3517 1.3887, -1.5484 0.3521 1.3921, -1.5497 0.3524 1.3957, -1.5502 0.3525 1.399, -1.5501 0.3525 1.4023, -1.5494 0.3523 1.4055, -1.5481 0.352 1.4089, -1.5461 0.3516 1.4121, -1.5436 0.351 1.4149, -1.4956 0.5214 1.3812, -1.4976 0.5221 1.3837, -1.4994 0.5227 1.387, -1.5006 0.5231 1.3907, -1.5011 0.5233 1.3939, -1.501 0.5233 1.3972, -1.5004 0.523 1.4005, -1.4991 0.5226 1.4038, -1.4972 0.5219 1.4071, -1.4947 0.5211 1.4099, -1.4931 0.5205 1.379, -1.5445 0.3512 1.3862, -1.5743 0.1767 1.3913, -1.5764 0.1769 1.3938, -1.5864 0.0 1.3988, -1.5883 0.0 1.4021, -1.4259 0.684 1.3739, -1.4283 0.6851 1.3761, -1.4302 0.686 1.3787, -1.4319 0.6868 1.382, -1.4331 0.6874 1.3856, -1.4335 0.6876 1.3889, -1.4334 0.6876 1.3922, -1.4328 0.6873 1.3955, -1.4316 0.6867 1.3988, -1.4298 0.6858 1.402, -1.4274 0.6847 1.4048, -1.5724 0.1178 1.389, -1.5718 0.1478 1.3881, -1.5671 0.1758 1.3873, -1.5574 0.2345 1.3856, -1.4708 0.5724 1.3756, -1.4876 0.5187 1.3772, -1.5048 0.4637 1.3789, -1.536 0.3642 1.3819, -1.3015 0.8868 1.3654, -1.3353 0.8352 1.3671, -1.3409 0.8388 1.3689, -1.3661 0.7881 1.3688, -1.3767 0.772 1.3693, -1.3431 0.8402 1.3711, -1.3449 0.8413 1.3736, -1.3465 0.8424 1.3769, -1.3476 0.843 1.3806, -1.3481 0.8433 1.3838, -1.348 0.8433 1.3871, -1.3474 0.8429 1.3904, -1.3463 0.8422 1.3938, -1.3446 0.8411 1.397, -1.3424 0.8397 1.3998, -1.1101 1.1223 1.3567, -1.1188 1.1125 1.3571, -1.1552 1.0711 1.3586, -1.2389 0.9831 1.3638, -1.2409 0.9847 1.366, -1.2426 0.986 1.3686, -1.2441 0.9872 1.3719, -1.2451 0.988 1.3755, -1.2455 0.9883 1.3788, -1.2454 0.9882 1.3821, -1.2449 0.9878 1.3854, -1.2439 0.987 1.3887, -1.2423 0.9857 1.3919, -1.2402 0.9841 1.3948, -1.2331 0.9825 1.362, -1.2353 0.9801 1.3621, -1.2552 0.9574 1.363, -1.4187 0.6828 1.3721, -1.4196 0.681 1.3722, -1.4691 0.5761 1.3755, -1.2314 -0.9814 1.4585, -1.2336 -0.9787 1.4584, -1.2385 -0.9826 1.457, -1.3006 -0.8948 1.4553, -1.3405 -0.8385 1.452, -1.3042 -0.8887 1.4551, -1.506 -0.4646 1.4416, -1.5358 -0.3504 1.4382, -1.5414 -0.3504 1.4368, -1.5361 -0.3491 1.4382, -1.5514 -0.2904 1.4365, -1.4662 -0.5752 1.445, -1.4894 -0.5191 1.4432, -1.4927 -0.5203 1.4419, -1.4958 -0.5038 1.4428, -1.3356 -0.8355 1.4533, -1.3641 -0.7871 1.4517, -1.4122 -0.7054 1.449, -1.421 -0.6842 1.4483, -1.4255 -0.6837 1.4469, -1.4219 -0.6821 1.4483, -1.2409 -0.9846 1.4266, -1.2426 -0.9859 1.4291, -1.2441 -0.9871 1.4324, -1.2451 -0.9879 1.4361, -1.2455 -0.9882 1.4393, -1.2454 -0.9881 1.4426, -1.2449 -0.9877 1.4459, -1.2439 -0.9869 1.4492, -1.2423 -0.9856 1.4525, -1.2402 -0.984 1.4553, -1.4948 -0.521 1.4402, -1.4275 -0.6847 1.4452, -1.4972 -0.5219 1.4373, -1.4299 -0.6858 1.4424, -1.4992 -0.5226 1.4341, -1.4317 -0.6867 1.4391, -1.5004 -0.523 1.4308, -1.4329 -0.6872 1.4358, -1.5011 -0.5232 1.4275, -1.4335 -0.6875 1.4325, -1.5012 -0.5232 1.4242, -1.4336 -0.6876 1.4292, -1.5007 -0.5231 1.4209, -1.4332 -0.6874 1.426, -1.4995 -0.5227 1.4173, -1.432 -0.6868 1.4223, -1.4976 -0.522 1.414, -1.4303 -0.686 1.419, -1.4956 -0.5213 1.4114, -1.4284 -0.6851 1.4165, -1.4932 -0.5205 1.4092, -1.426 -0.6839 1.4143, -1.364 -0.787 1.416, -1.3354 -0.8354 1.4176, -1.341 -0.8388 1.4193, -1.3039 -0.8885 1.4193, -1.2995 -0.8959 1.4196, -1.3424 -0.8397 1.4502, -1.3446 -0.841 1.4474, -1.3463 -0.8421 1.4442, -1.3475 -0.8428 1.4409, -1.3481 -0.8432 1.4376, -1.3481 -0.8432 1.4343, -1.3477 -0.843 1.431, -1.3466 -0.8423 1.4274, -1.345 -0.8413 1.424, -1.3432 -0.8401 1.4215, -1.5511 -0.2917 1.4007, -1.5419 -0.3506 1.4042, -1.5716 -0.1763 1.3991, -1.5445 -0.3511 1.4064, -1.5742 -0.1766 1.4013, -1.5465 -0.3516 1.4089, -1.5763 -0.1768 1.4039, -1.5484 -0.352 1.4122, -1.5782 -0.1771 1.4072, -1.5497 -0.3523 1.4159, -1.5795 -0.1772 1.4108, -1.5502 -0.3524 1.4191, -1.58 -0.1773 1.4141, -1.5501 -0.3524 1.4224, -1.5799 -0.1773 1.4174, -1.5494 -0.3522 1.4257, -1.5792 -0.1772 1.4207, -1.5481 -0.352 1.4291, -1.5779 -0.177 1.424, -1.5461 -0.3515 1.4323, -1.5759 -0.1768 1.4273, -1.5436 -0.3509 1.4351, -1.5733 -0.1765 1.4301, -1.5711 -0.1763 1.4318, -1.5579 -0.2349 1.4349, -1.5362 -0.3492 1.4024, -1.5358 -0.3504 1.4025, -1.5062 -0.4647 1.4059, -1.4963 -0.5029 1.407, -1.4211 -0.6842 1.4126, -1.4124 -0.7053 1.4133, -1.4896 -0.5191 1.4075, -1.4663 -0.5753 1.4092, -1.422 -0.6821 1.4125, -1.5648 -0.1755 1.4331, -1.5716 -0.1177 1.4315, -1.5771 -0.0703 1.4301, -1.5754 -0.0001 1.4281, -1.5754 -0.0 1.4281, -1.5751 -0.0 1.3924, -1.5751 -0.0001 1.3924, -1.5767 -0.0723 1.3944, -1.5714 -0.1176 1.3957, -1.5647 -0.1755 1.3974, -1.5577 -0.2349 1.3991, 0.9558 -0.9088 1.0966, 0.9666 -0.8964 1.0971, 1.1548 -1.0711 1.2169, 1.0512 0.7948 1.16, 1.0314 0.8219 1.1611, 1.2316 0.9814 1.281, 0.4999 1.2205 1.1841, 0.5898 1.2205 1.1992, 0.5725 1.187 1.1814, 0.6047 1.1721 1.1802, 0.6588 1.2205 1.2108, 0.6595 1.1409 1.1781, 0.7069 1.2205 1.2211, 0.6978 1.1191 1.1766, 0.8307 1.2205 1.2475, 0.7002 1.1177 1.1765, 0.7429 1.0884 1.1747, 0.8332 1.2205 1.2481, 0.791 1.0554 1.1727, 0.9754 1.2204 1.284, 0.8222 1.0299 1.1713, 0.877 0.9851 1.1688, 1.0014 1.2204 1.2905, 1.0718 1.154 1.2877, 1.1575 1.073 1.2844, 0.9588 0.9057 1.1649, 1.1174 1.1109 1.2859, 0.8969 0.9657 1.1679, 0.8893 0.9731 1.1682, 1.1612 1.0696 1.2842, 1.0308 0.8227 1.1611, 0.9669 0.8964 1.1644, 1.2337 0.9789 1.2809, 1.2978 0.8986 1.2779, 1.0896 0.7424 1.1578, 1.3038 0.8884 1.2776, 1.0959 0.7338 1.1574, 1.3353 0.8352 1.2758, 1.1417 0.6587 1.1545, 1.364 0.7869 1.2742, 1.1537 0.639 1.1537, 1.1781 0.5902 1.1518, 1.4091 0.7108 1.2717, 1.1875 0.5714 1.1511, 1.4205 0.6837 1.2709, 1.2046 0.537 1.1498, 1.4214 0.6816 1.2708, 1.2268 0.4811 1.1477, 1.4662 0.5749 1.2675, 1.2451 0.4349 1.146, 1.4897 0.5191 1.2658, 1.4948 0.507 1.2654, 1.2593 0.3881 1.1443, 1.5061 0.4642 1.2641, 1.266 0.3661 1.1435, 1.5362 0.3502 1.2607, 1.2771 0.3295 1.1422, 1.5581 0.2347 1.2574, 1.3003 0.2209 1.1383, 1.5501 0.2925 1.2585, 1.2849 0.293 1.1409, 1.5364 0.3493 1.2607, 1.5513 0.2929 1.259, 1.2438 -0.4387 1.1154, 1.2592 -0.3884 1.1173, 1.5047 -0.4641 1.2371, 1.2715 -0.3482 1.1187, 1.536 -0.3634 1.2401, 1.276 -0.3336 1.1193, 1.538 -0.3511 1.2405, 1.2847 -0.2932 1.1207, 1.5382 -0.3499 1.2405, 1.3 -0.2223 1.1232, 1.557 -0.2346 1.2439, 1.3033 -0.1965 1.1241, 1.5666 -0.1759 1.2456, 1.3141 -0.1121 1.127, 1.5716 -0.1454 1.2465, 1.3142 -0.1112 1.1271, 1.5722 -0.1179 1.2473, 1.3147 -0.0985 1.1275, 1.575 -0.0 1.2506, 1.3189 -0.002 1.1308, 1.575 0.0001 1.2506, 1.3188 -0.0 1.1308, 1.5767 0.0752 1.2528, 1.3149 0.0985 1.1341, 1.5718 0.1176 1.254, 1.3145 0.1078 1.1344, 1.565 0.1757 1.2557, 1.3117 0.1297 1.1352, 1.3034 0.1963 1.1375, 1.4878 -0.5186 1.2355, 1.4703 -0.575 1.2338, 1.2267 -0.4813 1.1139, 1.4695 -0.5766 1.2338, 1.2028 -0.541 1.1116, 1.42 -0.681 1.2305, 1.1875 -0.5716 1.1105, 1.419 -0.6831 1.2304, 1.1865 -0.5735 1.1104, 1.3763 -0.7732 1.2275, 1.1531 -0.6403 1.1079, 1.1417 -0.6588 1.1072, 1.3663 -0.7883 1.227, 1.3354 -0.8353 1.2254, 1.0935 -0.7374 1.1041, 1.3014 -0.8868 1.2236, 1.0897 -0.7425 1.1039, 1.0623 -0.7797 1.1023, 1.2563 -0.9553 1.2213, 1.0312 -0.8219 1.1005, 1.2348 -0.9798 1.2204, 1.2326 -0.9823 1.2203, 1.0283 -0.8259 1.1004, 1.1108 -1.1213 1.215, 1.0729 -1.1556 1.2135, 0.9028 -0.9601 1.094, 1.1186 -1.1124 1.2153, 0.6968 -1.1198 1.085, 0.7132 -1.1086 1.0856, 0.8334 -1.2205 1.1605, 0.7427 -1.0885 1.0869, 0.8471 -1.2205 1.1642, 0.7876 -1.0579 1.0887, 0.9749 -1.2204 1.2028, 0.8219 -1.03 1.0903, 1.0013 -1.2204 1.2108, 0.8759 -0.986 1.0927, 0.8967 -0.9659 1.0937, 0.6594 -1.1409 1.0835, 0.7064 -1.2205 1.1262, 0.6009 -1.1741 1.0813, 0.6744 -1.2205 1.1175, 0.5725 -1.1871 1.0802, 0.59 -1.2204 1.0981, 0.4999 -1.2203 1.0774
            ]
        }
        coordIndex [
            0,1,2,-1,2,1,3,-1,2,3,4,-1,4,3,5,-1,4,5,6,-1,6,5,7,-1,6,7,8,-1,9,10,11,-1,11,10,12,-1,11,12,13,-1,13,12,14,-1,13,14,0,-1,0,14,15,-1,0,15,1,-1,16,17,18,-1,18,17,19,-1,18,19,20,-1,20,19,21,-1,20,21,22,-1,22,21,9,-1,22,9,23,-1,23,9,11,-1,24,25,16,-1,16,25,26,-1,16,26,17,-1,16,27,24,-1,24,27,28,-1,24,28,29,-1,29,28,30,-1,29,30,31,-1,31,30,32,-1,31,32,33,-1,33,32,34,-1,33,34,35,-1,35,34,36,-1,35,36,37,-1,37,36,38,-1,37,38,39,-1,39,38,40,-1,39,40,41,-1,41,40,42,-1,42,40,43,-1,42,43,44,-1,43,45,44,-1,44,45,46,-1,44,46,47,-1,47,46,48,-1,47,48,49,-1,49,48,50,-1,49,50,51,-1,51,50,52,-1,51,52,53,-1,53,52,54,-1,54,52,55,-1,54,55,56,-1,57,58,59,-1,59,58,60,-1,59,60,61,-1,61,60,62,-1,61,62,63,-1,63,62,64,-1,63,64,65,-1,65,64,66,-1,65,66,67,-1,67,66,56,-1,67,56,68,-1,68,56,55,-1,59,69,57,-1,57,69,70,-1,57,70,71,-1,71,70,72,-1,71,72,73,-1,74,75,76,-1,76,75,77,-1,73,72,78,-1,78,72,79,-1,78,79,80,-1,80,79,81,-1,80,81,77,-1,77,81,82,-1,77,82,76,-1,83,84,85,-1,85,84,86,-1,85,86,87,-1,87,86,88,-1,87,88,89,-1,89,88,90,-1,89,90,91,-1,91,90,92,-1,91,92,93,-1,93,92,94,-1,93,94,95,-1,95,94,96,-1,95,96,97,-1,97,96,98,-1,97,98,99,-1,99,98,100,-1,99,100,101,-1,101,100,102,-1,101,102,103,-1,103,102,104,-1,103,104,105,-1,105,104,106,-1,105,106,107,-1,107,106,108,-1,107,108,109,-1,109,108,110,-1,109,110,111,-1,111,110,112,-1,111,112,113,-1,113,112,114,-1,113,114,115,-1,115,114,116,-1,115,116,74,-1,74,116,117,-1,74,117,75,-1,118,119,120,-1,120,119,121,-1,120,121,122,-1,122,121,123,-1,122,123,124,-1,124,123,125,-1,124,125,126,-1,126,125,127,-1,126,127,83,-1,83,127,128,-1,83,128,84,-1,118,120,129,-1,129,120,130,-1,129,130,131,-1,131,130,132,-1,131,132,133,-1,133,132,134,-1,133,134,135,-1,136,137,138,-1,139,140,141,-1,142,143,144,-1,144,143,145,-1,145,143,146,-1,145,146,147,-1,147,146,148,-1,147,148,149,-1,149,148,150,-1,149,150,151,-1,151,150,152,-1,152,150,153,-1,152,153,154,-1,154,153,155,-1,154,155,156,-1,156,155,157,-1,157,155,158,-1,157,158,159,-1,160,161,162,-1,160,162,163,-1,163,162,164,-1,163,164,159,-1,159,164,165,-1,159,165,157,-1,161,160,166,-1,166,160,167,-1,166,167,168,-1,167,169,168,-1,168,169,170,-1,168,170,171,-1,171,170,172,-1,171,172,173,-1,173,172,174,-1,173,174,175,-1,175,174,176,-1,175,176,177,-1,177,176,178,-1,177,178,179,-1,179,178,180,-1,179,180,181,-1,181,180,182,-1,181,182,183,-1,183,182,184,-1,184,182,185,-1,184,185,186,-1,186,185,187,-1,186,187,188,-1,187,189,188,-1,188,189,190,-1,188,190,191,-1,191,190,192,-1,191,192,193,-1,193,192,194,-1,193,194,195,-1,196,197,198,-1,198,197,199,-1,195,194,199,-1,199,194,200,-1,199,200,198,-1,198,200,201,-1,198,201,196,-1,139,141,202,-1,202,141,203,-1,202,203,204,-1,204,203,205,-1,204,205,206,-1,206,205,207,-1,206,207,196,-1,196,207,208,-1,196,208,197,-1,209,210,211,-1,211,210,212,-1,211,212,213,-1,213,212,214,-1,213,214,215,-1,215,214,216,-1,215,216,217,-1,217,216,218,-1,217,218,219,-1,219,218,220,-1,219,220,221,-1,221,220,222,-1,221,222,223,-1,223,222,224,-1,223,224,225,-1,225,224,226,-1,225,226,140,-1,140,226,227,-1,140,227,141,-1,211,228,209,-1,209,228,229,-1,209,229,230,-1,230,229,231,-1,230,231,232,-1,232,231,233,-1,232,233,234,-1,234,233,235,-1,234,235,236,-1,236,235,237,-1,236,237,238,-1,238,237,239,-1,240,241,242,-1,242,241,243,-1,242,243,244,-1,244,243,239,-1,244,239,245,-1,245,239,237,-1,138,137,246,-1,242,247,240,-1,240,247,248,-1,240,248,249,-1,249,248,246,-1,249,246,250,-1,250,246,137,-1,251,252,253,-1,136,138,253,-1,253,138,254,-1,253,254,251,-1,255,256,257,-1,257,256,258,-1,257,258,259,-1,259,258,260,-1,259,260,261,-1,261,260,262,-1,261,262,263,-1,263,262,264,-1,263,264,252,-1,252,264,265,-1,252,265,253,-1,255,257,266,-1,266,257,267,-1,266,267,268,-1,268,267,269,-1,268,269,270,-1,270,269,271,-1,270,271,272,-1,273,274,275,-1,276,277,278,-1,279,280,281,-1,282,283,284,-1,285,286,287,-1,288,289,290,-1,291,292,293,-1,293,292,288,-1,294,295,296,-1,296,295,297,-1,296,297,298,-1,299,300,294,-1,299,294,301,-1,294,296,301,-1,301,296,302,-1,301,302,303,-1,304,305,302,-1,302,305,306,-1,302,306,303,-1,302,307,304,-1,304,307,308,-1,304,308,309,-1,287,286,308,-1,308,286,310,-1,308,310,309,-1,284,283,287,-1,287,283,311,-1,287,311,285,-1,282,284,312,-1,312,284,313,-1,312,313,314,-1,314,313,315,-1,315,313,316,-1,315,316,317,-1,317,316,318,-1,317,318,319,-1,319,318,320,-1,320,318,321,-1,320,321,322,-1,322,321,323,-1,323,321,324,-1,323,324,325,-1,325,324,326,-1,325,326,327,-1,327,326,328,-1,327,328,329,-1,330,331,332,-1,332,331,333,-1,333,334,326,-1,326,334,335,-1,326,335,328,-1,336,337,338,-1,338,337,339,-1,337,340,339,-1,339,340,341,-1,339,341,342,-1,343,344,345,-1,345,346,343,-1,343,346,347,-1,343,347,341,-1,341,347,348,-1,341,348,342,-1,349,350,351,-1,351,352,349,-1,349,352,353,-1,349,353,344,-1,344,353,354,-1,344,354,345,-1,355,356,357,-1,357,356,358,-1,357,358,350,-1,350,358,359,-1,350,359,351,-1,280,279,357,-1,357,279,360,-1,357,360,355,-1,361,362,281,-1,281,362,363,-1,281,363,279,-1,288,290,293,-1,293,290,364,-1,293,364,365,-1,365,364,366,-1,365,366,361,-1,361,366,367,-1,361,367,362,-1,368,369,370,-1,371,372,373,-1,373,372,374,-1,373,374,375,-1,376,377,378,-1,379,380,381,-1,381,380,382,-1,381,382,383,-1,384,385,386,-1,386,385,387,-1,386,387,379,-1,388,389,390,-1,391,392,393,-1,393,392,394,-1,393,394,395,-1,396,397,398,-1,398,397,399,-1,398,399,400,-1,400,399,401,-1,400,401,402,-1,402,401,403,-1,402,403,404,-1,404,403,405,-1,404,405,406,-1,406,405,407,-1,406,407,408,-1,408,407,409,-1,408,409,410,-1,410,409,368,-1,410,368,376,-1,376,368,370,-1,376,370,377,-1,411,396,412,-1,412,396,398,-1,412,398,413,-1,413,398,400,-1,413,400,414,-1,414,400,402,-1,414,402,415,-1,415,402,404,-1,415,404,416,-1,416,404,406,-1,416,406,417,-1,417,406,408,-1,417,408,418,-1,418,408,410,-1,418,410,419,-1,419,410,376,-1,419,376,373,-1,373,376,378,-1,373,378,371,-1,420,411,421,-1,421,411,412,-1,421,412,422,-1,422,412,413,-1,422,413,423,-1,423,413,414,-1,423,414,424,-1,424,414,415,-1,424,415,425,-1,425,415,416,-1,425,416,426,-1,426,416,417,-1,426,417,427,-1,427,417,418,-1,427,418,428,-1,428,418,419,-1,428,419,429,-1,429,419,373,-1,429,373,388,-1,388,373,375,-1,388,375,389,-1,430,275,431,-1,431,275,432,-1,431,432,433,-1,433,432,434,-1,433,434,435,-1,436,420,437,-1,437,420,421,-1,437,421,438,-1,438,421,422,-1,438,422,439,-1,439,422,423,-1,439,423,440,-1,440,423,424,-1,440,424,441,-1,441,424,425,-1,441,425,442,-1,442,425,426,-1,442,426,443,-1,443,426,427,-1,443,427,444,-1,444,427,428,-1,444,428,445,-1,445,428,429,-1,445,429,446,-1,446,429,388,-1,446,388,393,-1,393,388,390,-1,393,390,391,-1,447,277,448,-1,448,277,276,-1,448,276,449,-1,449,276,450,-1,451,452,430,-1,430,452,453,-1,430,453,275,-1,275,453,454,-1,275,454,273,-1,274,450,275,-1,275,450,276,-1,275,276,432,-1,432,276,278,-1,432,278,434,-1,455,456,457,-1,457,456,458,-1,457,458,459,-1,459,436,457,-1,457,436,437,-1,457,437,460,-1,460,437,438,-1,460,438,461,-1,461,438,439,-1,461,439,462,-1,462,439,440,-1,462,440,463,-1,463,440,441,-1,463,441,464,-1,464,441,442,-1,464,442,465,-1,465,442,443,-1,465,443,466,-1,466,443,444,-1,466,444,467,-1,467,444,445,-1,467,445,468,-1,468,445,446,-1,468,446,469,-1,469,446,393,-1,469,393,386,-1,386,393,395,-1,386,395,384,-1,337,470,340,-1,340,470,471,-1,340,471,472,-1,472,473,340,-1,340,473,474,-1,340,474,341,-1,341,474,475,-1,341,475,343,-1,343,475,476,-1,343,476,344,-1,344,476,477,-1,344,477,349,-1,349,477,478,-1,349,478,350,-1,350,478,479,-1,350,479,357,-1,357,479,480,-1,357,480,280,-1,280,480,481,-1,280,481,281,-1,281,481,482,-1,281,482,361,-1,361,482,483,-1,361,483,365,-1,365,483,381,-1,365,381,293,-1,293,381,383,-1,293,383,291,-1,472,484,473,-1,473,484,485,-1,473,485,486,-1,379,381,386,-1,386,381,483,-1,386,483,469,-1,469,483,482,-1,469,482,468,-1,468,482,481,-1,468,481,467,-1,467,481,480,-1,467,480,466,-1,466,480,479,-1,466,479,465,-1,465,479,478,-1,465,478,464,-1,464,478,477,-1,464,477,463,-1,463,477,476,-1,463,476,462,-1,462,476,475,-1,462,475,461,-1,461,475,474,-1,461,474,460,-1,460,474,473,-1,460,473,457,-1,457,473,486,-1,457,486,455,-1,459,487,436,-1,436,487,488,-1,436,488,489,-1,489,451,436,-1,436,451,430,-1,436,430,420,-1,420,430,431,-1,420,431,411,-1,411,431,433,-1,411,433,396,-1,396,433,435,-1,396,435,397,-1,490,491,492,-1,492,491,493,-1,494,493,495,-1,496,497,498,-1,498,497,499,-1,498,499,500,-1,501,502,503,-1,503,502,504,-1,503,504,496,-1,495,505,494,-1,494,505,506,-1,494,506,507,-1,507,508,509,-1,509,508,510,-1,509,510,501,-1,333,326,332,-1,332,326,324,-1,332,324,511,-1,511,324,321,-1,511,321,512,-1,512,321,318,-1,512,318,513,-1,513,318,316,-1,513,316,514,-1,514,316,313,-1,514,313,515,-1,515,313,284,-1,515,284,516,-1,516,284,287,-1,516,287,517,-1,517,287,308,-1,517,308,518,-1,518,308,307,-1,518,307,519,-1,519,307,302,-1,519,302,520,-1,520,302,296,-1,520,296,492,-1,492,296,298,-1,492,298,490,-1,501,503,509,-1,509,503,521,-1,509,521,522,-1,522,521,523,-1,522,523,524,-1,524,523,525,-1,524,525,526,-1,526,525,527,-1,526,527,528,-1,528,527,529,-1,528,529,530,-1,530,529,531,-1,530,531,532,-1,532,531,533,-1,532,533,534,-1,534,533,535,-1,534,535,536,-1,536,535,537,-1,536,537,538,-1,538,537,539,-1,538,539,540,-1,540,539,541,-1,540,541,542,-1,543,544,545,-1,545,544,546,-1,545,546,547,-1,493,494,492,-1,492,494,548,-1,492,548,520,-1,520,548,549,-1,520,549,519,-1,519,549,550,-1,519,550,518,-1,518,550,551,-1,518,551,517,-1,517,551,552,-1,517,552,516,-1,516,552,553,-1,516,553,515,-1,515,553,554,-1,515,554,514,-1,514,554,555,-1,514,555,513,-1,513,555,556,-1,513,556,512,-1,512,556,557,-1,512,557,511,-1,511,557,545,-1,511,545,332,-1,332,545,547,-1,332,547,330,-1,558,559,560,-1,560,559,561,-1,560,561,562,-1,562,561,563,-1,562,563,564,-1,564,563,565,-1,564,565,566,-1,566,565,567,-1,566,567,568,-1,568,567,569,-1,568,569,570,-1,570,569,571,-1,570,571,572,-1,572,571,573,-1,572,573,574,-1,574,573,575,-1,574,575,576,-1,576,575,577,-1,576,577,578,-1,578,577,579,-1,578,579,580,-1,580,579,498,-1,580,498,581,-1,581,498,500,-1,581,500,582,-1,558,583,559,-1,559,583,584,-1,559,584,585,-1,496,498,503,-1,503,498,579,-1,503,579,521,-1,521,579,577,-1,521,577,523,-1,523,577,575,-1,523,575,525,-1,525,575,573,-1,525,573,527,-1,527,573,571,-1,527,571,529,-1,529,571,569,-1,529,569,531,-1,531,569,567,-1,531,567,533,-1,533,567,565,-1,533,565,535,-1,535,565,563,-1,535,563,537,-1,537,563,561,-1,537,561,539,-1,539,561,559,-1,539,559,541,-1,541,559,585,-1,541,585,586,-1,587,588,542,-1,586,589,541,-1,541,589,590,-1,541,590,542,-1,542,590,591,-1,542,591,587,-1,507,509,494,-1,494,509,522,-1,494,522,548,-1,548,522,524,-1,548,524,549,-1,549,524,526,-1,549,526,550,-1,550,526,528,-1,550,528,551,-1,551,528,530,-1,551,530,552,-1,552,530,532,-1,552,532,553,-1,553,532,534,-1,553,534,554,-1,554,534,536,-1,554,536,555,-1,555,536,538,-1,555,538,556,-1,556,538,540,-1,556,540,557,-1,557,540,542,-1,557,542,545,-1,545,542,588,-1,545,588,543,-1,582,592,581,-1,581,592,593,-1,581,593,594,-1,594,595,368,-1,368,595,596,-1,368,596,369,-1,447,597,277,-1,277,597,598,-1,277,598,599,-1,600,601,560,-1,560,601,602,-1,560,602,558,-1,594,368,581,-1,581,368,409,-1,581,409,580,-1,580,409,407,-1,580,407,578,-1,578,407,405,-1,578,405,576,-1,576,405,403,-1,576,403,574,-1,574,403,401,-1,574,401,572,-1,572,401,399,-1,572,399,570,-1,570,399,397,-1,570,397,568,-1,568,397,435,-1,568,435,566,-1,566,435,434,-1,566,434,564,-1,564,434,278,-1,564,278,562,-1,562,278,277,-1,562,277,560,-1,560,277,599,-1,560,599,600,-1,603,604,605,-1,606,607,608,-1,609,610,611,-1,611,610,612,-1,612,610,613,-1,612,613,614,-1,614,613,615,-1,614,615,616,-1,616,615,617,-1,616,617,618,-1,618,617,619,-1,619,617,620,-1,619,620,621,-1,621,620,622,-1,621,622,623,-1,623,622,624,-1,624,622,625,-1,624,625,626,-1,627,628,629,-1,629,628,630,-1,629,630,626,-1,626,630,631,-1,626,631,624,-1,608,607,632,-1,632,607,633,-1,632,633,627,-1,627,633,634,-1,627,634,628,-1,608,635,606,-1,606,635,636,-1,606,636,637,-1,637,636,638,-1,637,638,639,-1,639,638,640,-1,639,640,641,-1,641,640,642,-1,641,642,643,-1,643,642,644,-1,644,642,645,-1,644,645,646,-1,646,645,647,-1,646,647,648,-1,648,647,649,-1,648,649,650,-1,650,649,651,-1,650,651,652,-1,651,653,652,-1,652,653,654,-1,652,654,655,-1,655,654,656,-1,655,656,657,-1,657,656,658,-1,657,658,659,-1,660,661,662,-1,662,661,663,-1,659,658,663,-1,663,658,664,-1,663,664,662,-1,662,664,665,-1,662,665,660,-1,666,667,668,-1,668,667,669,-1,668,669,670,-1,670,669,671,-1,670,671,672,-1,672,671,673,-1,672,673,674,-1,674,673,675,-1,674,675,676,-1,676,675,677,-1,676,677,678,-1,678,677,679,-1,678,679,680,-1,680,679,681,-1,680,681,682,-1,682,681,683,-1,682,683,684,-1,684,683,685,-1,684,685,686,-1,686,685,687,-1,686,687,688,-1,688,687,689,-1,688,689,690,-1,690,689,691,-1,690,691,692,-1,692,691,693,-1,692,693,660,-1,660,693,694,-1,660,694,661,-1,668,695,666,-1,666,695,696,-1,666,696,697,-1,697,696,698,-1,697,698,699,-1,699,698,700,-1,699,700,701,-1,701,700,702,-1,701,702,703,-1,703,702,704,-1,703,704,705,-1,705,704,706,-1,704,707,706,-1,706,707,708,-1,706,708,709,-1,709,708,710,-1,709,710,711,-1,711,710,712,-1,712,710,713,-1,712,713,714,-1,714,713,715,-1,714,715,716,-1,605,604,716,-1,716,604,717,-1,716,717,714,-1,718,719,720,-1,603,605,720,-1,720,605,721,-1,720,721,718,-1,722,723,724,-1,724,723,725,-1,724,725,726,-1,726,725,727,-1,726,727,728,-1,728,727,729,-1,728,729,730,-1,730,729,731,-1,730,731,719,-1,719,731,732,-1,719,732,720,-1,722,724,733,-1,733,724,734,-1,733,734,735,-1,735,734,736,-1,735,736,737,-1,737,736,738,-1,737,738,739,-1,
        ]
    }
}
Shape{
    appearance Appearance {
        material  Material 	{
            diffuseColor 1.0 1.0 1.0
            specularColor 0.5019607843137255 0.5019607843137255 0.5019607843137255
            ambientIntensity 1.0
            transparency 0.0
            shininess 0.5
        }
    }
    geometry IndexedFaceSet {
        ccw TRUE
        solid FALSE
        coord DEF co Coordinate {
            point [
                -0.783 -1.0368 4.5047, -1.0932 -1.1876 4.5047, -0.9601 -0.8753 4.5047, -1.2738 -0.9914 4.5047, -1.1046 -0.6839 4.5047, -1.4196 -0.7683 4.5047, -1.2115 -0.4693 4.5047, -1.5267 -0.5241 4.5047, -1.2771 -0.2387 4.5047, -1.5922 -0.2657 4.5047, -1.2992 -0.0 4.5047, -1.6142 0.0 4.5047, -1.2771 0.2387 4.5047, -1.5922 0.2657 4.5047, -1.2115 0.4693 4.5047, -1.5267 0.5241 4.5047, -1.1046 0.6839 4.5047, -1.4196 0.7683 4.5047, -0.9601 0.8753 4.5047, 0.9601 -0.8753 4.5047, 1.0932 -1.1876 4.5047, 0.783 -1.0368 4.5047, 0.8829 -1.3513 4.5047, 0.5791 -1.163 4.5047, 0.6484 -1.4782 4.5047, 0.3555 -1.2496 4.5047, 0.3963 -1.5648 4.5047, 0.1199 -1.2937 4.5047, 0.1333 -1.6087 4.5047, -0.1199 -1.2937 4.5047, -0.1333 -1.6087 4.5047, -0.3555 -1.2496 4.5047, -0.3963 -1.5648 4.5047, -0.5791 -1.163 4.5047, -0.6484 -1.4782 4.5047, -0.8829 -1.3513 4.5047, 0.783 1.0368 4.5047, 1.0932 1.1876 4.5047, 0.9601 0.8753 4.5047, 1.2738 0.9914 4.5047, 1.1046 0.6839 4.5047, 1.4196 0.7683 4.5047, 1.2115 0.4693 4.5047, 1.5267 0.5241 4.5047, 1.2771 0.2387 4.5047, 1.5922 0.2657 4.5047, 1.2992 0.0 4.5047, 1.6142 0.0 4.5047, 1.2771 -0.2387 4.5047, 1.5922 -0.2657 4.5047, 1.2115 -0.4693 4.5047, 1.5267 -0.5241 4.5047, 1.1046 -0.6839 4.5047, 1.4196 -0.7683 4.5047, 1.2738 -0.9914 4.5047, -1.2738 0.9914 4.5047, -1.0932 1.1876 4.5047, -0.783 1.0368 4.5047, -0.8829 1.3513 4.5047, -0.5791 1.163 4.5047, -0.6484 1.4782 4.5047, -0.3555 1.2496 4.5047, -0.3963 1.5648 4.5047, -0.1199 1.2937 4.5047, -0.1333 1.6087 4.5047, 0.1199 1.2937 4.5047, 0.1333 1.6087 4.5047, 0.3555 1.2496 4.5047, 0.3963 1.5648 4.5047, 0.5791 1.163 4.5047, 0.6484 1.4782 4.5047, 0.8829 1.3513 4.5047
            ]
        }
        coordIndex [
            0,1,2,-1,2,1,3,-1,2,3,4,-1,4,3,5,-1,4,5,6,-1,6,5,7,-1,6,7,8,-1,8,7,9,-1,8,9,10,-1,10,9,11,-1,10,11,12,-1,12,11,13,-1,12,13,14,-1,14,13,15,-1,14,15,16,-1,16,15,17,-1,16,17,18,-1,19,20,21,-1,21,20,22,-1,21,22,23,-1,23,22,24,-1,23,24,25,-1,25,24,26,-1,25,26,27,-1,27,26,28,-1,27,28,29,-1,29,28,30,-1,29,30,31,-1,31,30,32,-1,31,32,33,-1,33,32,34,-1,33,34,0,-1,0,34,35,-1,0,35,1,-1,36,37,38,-1,38,37,39,-1,38,39,40,-1,40,39,41,-1,40,41,42,-1,42,41,43,-1,42,43,44,-1,44,43,45,-1,44,45,46,-1,46,45,47,-1,46,47,48,-1,48,47,49,-1,48,49,50,-1,50,49,51,-1,50,51,52,-1,52,51,53,-1,52,53,19,-1,19,53,54,-1,19,54,20,-1,17,55,18,-1,18,55,56,-1,18,56,57,-1,57,56,58,-1,57,58,59,-1,59,58,60,-1,59,60,61,-1,61,60,62,-1,61,62,63,-1,63,62,64,-1,63,64,65,-1,65,64,66,-1,65,66,67,-1,67,66,68,-1,67,68,69,-1,69,68,70,-1,69,70,36,-1,36,70,71,-1,36,71,37,-1,
        ]
    }
}
Shape{
    appearance Appearance {
        material  Material 	{
            diffuseColor 0.29411764705882354 0.29411764705882354 0.29411764705882354
            specularColor 0.14901960784313725 0.14901960784313725 0.14901960784313725
            ambientIntensity 0.2941
            transparency 0.0
            shininess 0.5
        }
    }
    geometry IndexedFaceSet {
        ccw TRUE
        solid FALSE
        coord DEF co Coordinate {
            point [
                1.3663 0.7883 2.975, 1.3355 0.8353 2.9766, 1.3409 0.8387 2.9784, 1.4935 0.5205 2.9683, 1.426 0.6839 2.9733, 1.4283 0.685 2.9755, 1.4209 -0.684 2.9312, 1.4218 -0.682 2.9312, 1.426 -0.6839 2.933, 1.5743 -0.1768 2.9503, 1.5841 -0.0 2.9554, 1.5862 -0.0 2.9579, 1.0191 1.2205 3.0087, 1.0188 1.2205 3.0109, 1.1275 1.1211 3.0067, 1.1551 1.0712 2.9851, 1.1187 1.1124 2.9867, 1.1216 1.1152 2.9884, 1.109 1.1235 2.9871, 1.0731 1.1558 2.9885, 1.0031 -1.2205 2.9122, 1.0012 -1.2203 2.9115, 1.0716 -1.1539 2.9143, 1.0056 -1.2205 2.9135, 1.1215 -1.1152 2.9178, 1.1234 -1.117 2.9201, 1.0102 -1.2205 2.9159, 1.1249 -1.1185 2.9226, 1.1262 -1.1199 2.9259, 1.0162 -1.2205 2.9217, 1.0159 -1.2205 2.9212, 1.013 -1.2205 2.9183, 1.0118 -1.2205 2.9171, 1.1271 -1.1208 2.9296, 1.1275 -1.1211 2.9328, 1.0189 -1.2205 2.9286, 1.0187 -1.2205 2.927, 1.0184 -1.2205 2.9259, 1.0167 -1.2205 2.9224, 1.1274 -1.1211 2.9361, 1.019 -1.2205 2.931, 1.0191 -1.2205 2.9298, 1.0178 -1.2205 2.9352, 1.0179 -1.2205 2.935, 1.0184 -1.2205 2.9338, 1.0188 -1.2205 2.9319, 1.127 -1.1206 2.9394, 1.126 -1.1196 2.9427, 1.016 -1.2205 2.9381, 1.0152 -1.2205 2.9391, 1.1246 -1.1182 2.946, 1.0124 -1.2205 2.9416, 1.1573 -1.073 2.9534, 1.1173 -1.1108 2.9519, 1.1212 -1.1148 2.9505, 1.0716 -1.154 2.9501, 1.0113 -1.2205 2.9426, 1.1227 -1.1164 2.9488, 1.0082 -1.2205 2.9445, 1.0049 -1.2204 2.9459, 1.0013 -1.2204 2.9473, 1.0031 1.2205 3.0263, 1.0013 1.2204 3.027, 1.0733 1.1557 3.0243, 1.0048 1.2205 3.0255, 1.1212 1.1148 3.0211, 1.1228 1.1164 3.0194, 1.0083 1.2205 3.0237, 1.0124 1.2205 3.0209, 1.0118 1.2205 3.0215, 1.0102 1.2205 3.0227, 1.1246 1.1182 3.0166, 1.126 1.1196 3.0133, 1.0159 1.2205 3.0174, 1.0187 1.2205 3.0116, 1.0184 1.2205 3.0127, 1.127 1.1206 3.01, 1.0177 1.2205 3.0142, 1.0167 1.2205 3.0162, 1.019 1.2205 3.0076, 1.1275 1.1211 3.0034, 1.0184 1.2205 3.0048, 1.0182 1.2205 3.0044, 1.1272 1.1208 3.0002, 1.0179 1.2205 3.0036, 1.1263 1.1198 2.9965, 1.016 1.2205 3.0004, 1.0152 1.2205 2.9995, 1.1249 1.1185 2.9932, 1.013 1.2205 2.9976, 1.1234 1.117 2.9907, 1.0113 1.2205 2.996, 1.0082 1.2205 2.9941, 1.0057 1.2204 2.9931, 1.0013 1.2204 2.9913, 1.5723 0.1179 2.9905, 1.5752 -0.0001 2.9872, 1.581 -0.0 2.9858, 1.5769 -0.0727 2.9851, 1.5364 -0.3493 2.9771, 1.5361 -0.3503 2.977, 1.5418 -0.3506 2.9757, 1.5063 -0.4645 2.9737, 1.5717 -0.1177 2.9838, 1.565 -0.1757 2.9821, 1.5712 -0.1764 2.9808, 1.5582 -0.2349 2.9804, 1.5518 -0.2904 2.9788, 1.4111 -0.7075 2.9662, 1.4255 -0.6837 2.9656, 1.4209 -0.684 2.9669, 1.4218 -0.682 2.967, 1.3641 -0.7871 2.9636, 1.3404 -0.8385 2.9606, 1.3355 -0.8355 2.9619, 1.3041 -0.8887 2.9602, 1.2997 -0.8961 2.9599, 1.2336 -0.9789 2.9569, 1.2386 -0.9828 2.9555, 1.2316 -0.9815 2.9568, 1.162 -1.0686 2.9536, 1.4959 -0.5042 2.9725, 1.4897 -0.5192 2.972, 1.493 -0.5204 2.9707, 1.4664 -0.5751 2.9703, 1.5783 -0.1772 2.9562, 1.5894 -0.0 2.9649, 1.5796 -0.1774 2.9598, 1.5899 -0.0 2.9681, 1.5801 -0.1774 2.9631, 1.5899 -0.0 2.9714, 1.58 -0.1774 2.9664, 1.5892 -0.0 2.9747, 1.5793 -0.1773 2.9697, 1.5878 -0.0 2.978, 1.578 -0.1772 2.973, 1.5858 -0.0 2.9813, 1.576 -0.177 2.9762, 1.5832 -0.0 2.9841, 1.5734 -0.1767 2.979, 1.5469 -0.3518 2.9478, 1.5488 -0.3522 2.9511, 1.55 -0.3525 2.9548, 1.5505 -0.3526 2.958, 1.5505 -0.3526 2.9613, 1.5498 -0.3524 2.9646, 1.5485 -0.3521 2.9679, 1.5465 -0.3517 2.9712, 1.544 -0.3511 2.974, 1.4959 -0.5214 2.9402, 1.4979 -0.5221 2.9428, 1.4997 -0.5227 2.9461, 1.501 -0.5231 2.9497, 1.5014 -0.5233 2.953, 1.5013 -0.5233 2.9563, 1.5007 -0.5231 2.9596, 1.4994 -0.5226 2.9629, 1.4975 -0.522 2.9661, 1.4951 -0.5211 2.969, 1.4283 -0.685 2.9352, 1.4302 -0.6859 2.9377, 1.432 -0.6868 2.941, 1.4331 -0.6873 2.9447, 1.4336 -0.6875 2.9479, 1.4335 -0.6875 2.9512, 1.4329 -0.6872 2.9545, 1.4317 -0.6866 2.9579, 1.4299 -0.6857 2.9611, 1.4275 -0.6846 2.9639, 1.5815 -0.0 2.9531, 1.5717 -0.1765 2.9481, 1.5423 -0.3507 2.9431, 1.4664 -0.5751 2.9346, 1.4897 -0.5192 2.9363, 1.4935 -0.5205 2.938, 1.4959 -0.5042 2.9367, 1.5063 -0.4644 2.9379, 1.5362 -0.3502 2.9413, 1.5448 -0.3513 2.9453, 1.5764 -0.177 2.9528, 1.5881 -0.0 2.9612, 1.5364 -0.3493 2.9413, 1.5518 -0.2905 2.9431, 1.5582 -0.2347 2.9447, 1.565 -0.1757 2.9464, 1.3041 -0.8886 2.9244, 1.3355 -0.8355 2.9262, 1.3409 -0.8388 2.9279, 1.3641 -0.7871 2.9278, 1.411 -0.7077 2.9304, 1.3423 -0.8397 2.9589, 1.3445 -0.8411 2.956, 1.3462 -0.8421 2.9528, 1.3473 -0.8428 2.9495, 1.3479 -0.8432 2.9462, 1.348 -0.8433 2.9429, 1.3476 -0.843 2.9396, 1.3465 -0.8423 2.936, 1.3448 -0.8413 2.9327, 1.3431 -0.8402 2.9301, 1.1574 -1.073 2.9177, 1.1619 -1.0687 2.9179, 1.1173 -1.1108 2.9161, 1.239 -0.9832 2.9229, 1.241 -0.9848 2.9251, 1.2427 -0.9861 2.9276, 1.2442 -0.9873 2.9309, 1.2452 -0.9881 2.9346, 1.2456 -0.9884 2.9379, 1.2455 -0.9884 2.9412, 1.245 -0.9879 2.9444, 1.2439 -0.9871 2.9478, 1.2424 -0.9858 2.951, 1.2403 -0.9842 2.9538, 1.2316 -0.9814 2.9211, 1.2336 -0.9789 2.9212, 1.2995 -0.8964 2.9242, 1.2332 0.9826 3.0175, 1.2354 0.9801 3.0174, 1.2386 0.9828 3.0161, 1.2543 0.9587 3.0166, 1.1086 1.1239 3.0229, 1.1187 1.1124 3.0225, 1.1551 1.0711 3.0209, 1.4878 0.5186 3.0023, 1.505 0.4639 3.0007, 1.493 0.5204 3.0009, 1.5356 0.3665 2.9977, 1.3015 0.8869 3.0141, 1.3355 0.8353 3.0124, 1.3404 0.8385 3.011, 1.3664 0.7883 3.0108, 1.3757 0.7741 3.0103, 1.419 0.683 3.0074, 1.4199 0.681 3.0073, 1.4255 0.6836 3.006, 1.4696 0.5764 3.004, 1.4697 0.5761 3.004, 1.2455 0.9883 3.0017, 1.245 0.9879 3.005, 1.244 0.9871 3.0083, 1.2424 0.9858 3.0115, 1.2403 0.9842 3.0143, 1.348 0.8432 2.9933, 1.3479 0.8432 2.9966, 1.3473 0.8428 2.9999, 1.3462 0.8421 3.0032, 1.3445 0.841 3.0065, 1.3423 0.8396 3.0093, 1.4332 0.6873 2.985, 1.4336 0.6875 2.9883, 1.4335 0.6875 2.9916, 1.4329 0.6872 2.9949, 1.4317 0.6866 2.9982, 1.4299 0.6857 3.0014, 1.4275 0.6846 3.0043, 1.4998 0.5227 2.9763, 1.501 0.5231 2.98, 1.5015 0.5233 2.9832, 1.5014 0.5233 2.9865, 1.5007 0.523 2.9898, 1.4995 0.5226 2.9932, 1.4975 0.5219 2.9964, 1.4951 0.5211 2.9992, 1.5469 0.3517 2.968, 1.5488 0.3522 2.9713, 1.55 0.3525 2.9749, 1.5505 0.3526 2.9782, 1.5505 0.3526 2.9815, 1.5498 0.3524 2.9848, 1.5485 0.3521 2.9881, 1.5465 0.3517 2.9914, 1.544 0.3511 2.9942, 1.5418 0.3506 2.9959, 1.5382 0.351 2.9973, 1.239 0.9832 2.9834, 1.241 0.9848 2.9856, 1.2427 0.9861 2.9881, 1.2442 0.9873 2.9915, 1.2452 0.9881 2.9951, 1.2456 0.9884 2.9984, 1.5743 0.1767 2.9604, 1.5764 0.177 2.9629, 1.5783 0.1772 2.9662, 1.5796 0.1773 2.9699, 1.5801 0.1774 2.9732, 1.58 0.1774 2.9765, 1.5793 0.1773 2.9797, 1.578 0.1772 2.9831, 1.576 0.1769 2.9863, 1.5734 0.1766 2.9891, 1.5712 0.1764 2.9908, 1.5717 0.1765 2.9582, 1.5423 0.3507 2.9632, 1.5449 0.3513 2.9654, 1.4959 0.5214 2.9705, 1.4979 0.5221 2.973, 1.4303 0.6859 2.9781, 1.432 0.6867 2.9814, 1.3476 0.843 2.9901, 1.3465 0.8423 2.9864, 1.3448 0.8412 2.9831, 1.3431 0.8401 2.9806, 1.3015 0.8869 2.9784, 1.2544 0.9585 2.9809, 1.2354 0.9801 2.9817, 1.2332 0.9827 2.9818, 1.4695 0.5766 2.9683, 1.4699 0.5756 2.9683, 1.4878 0.5186 2.9665, 1.5049 0.4641 2.9649, 1.5382 0.351 2.9615, 1.5356 0.3663 2.962, 1.5716 0.1482 2.9557, 1.5671 0.1758 2.9565, 1.5574 0.2346 2.9582, 1.5384 0.3499 2.9615, 1.4199 0.681 2.9716, 1.4189 0.6831 2.9717, 1.3759 0.7738 2.9745, 1.5383 0.3499 2.9972, 1.5574 0.2346 2.9939, 1.5671 0.1758 2.9922, 1.5716 0.1483 2.9914, 1.5752 -0.0001 2.9514, 1.5723 0.1178 2.9548, 1.5717 -0.1176 2.948, 1.5769 -0.073 2.9493, 1.5752 -0.0001 2.9514, -0.4999 1.2203 2.9199, -0.4999 1.2205 2.912, -0.5725 1.1871 2.9227, -0.5724 1.187 2.9148, -0.6009 1.1741 2.9238, -0.6047 1.1721 2.916, -0.6595 1.1409 2.926, -0.6595 1.1409 2.9181, -0.6968 1.1198 2.9275, -0.7001 1.1177 2.9197, -0.7121 1.1094 2.9281, -0.7121 1.1095 2.9202, -0.7428 1.0885 2.9294, -0.7428 1.0884 2.9214, -0.7876 1.0579 2.9312, -0.791 1.0554 2.9234, -0.8219 1.03 2.9328, -0.8221 1.03 2.9248, -0.8759 0.986 2.9352, -0.877 0.9851 2.9272, -0.8967 0.9659 2.9362, -0.8968 0.9658 2.9282, -0.9007 0.9621 2.9364, -0.9007 0.9621 2.9284, -0.9558 0.9088 2.9391, -0.9587 0.9057 2.9312, -0.9666 0.8964 2.9396, -0.9668 0.8964 2.9316, -1.0283 0.8259 2.9429, -1.0308 0.8228 2.935, -1.0312 0.8219 2.943, -1.0314 0.822 2.935, -1.0597 0.7832 2.9447, -1.0597 0.7832 2.9366, -1.0897 0.7425 2.9464, -1.0896 0.7424 2.9383, -1.0935 0.7374 2.9466, -1.0959 0.7338 2.9387, -1.1417 0.6588 2.9497, -1.1417 0.6588 2.9417, -1.1531 0.6403 2.9504, -1.1537 0.639 2.9425, -1.1839 0.5787 2.9527, -1.1839 0.5786 2.9448, -1.1875 0.5716 2.953, -1.1874 0.5715 2.945, -1.2028 0.541 2.9542, -1.2046 0.5371 2.9464, -1.2267 0.4813 2.9564, -1.2268 0.4812 2.9484, -1.2438 0.4387 2.958, -1.2451 0.4349 2.9502, -1.2592 0.3884 2.9598, -1.2593 0.3882 2.9518, -1.2694 0.3551 2.961, -1.2693 0.3551 2.953, -1.276 0.3336 2.9618, -1.2771 0.3295 2.954, -1.2847 0.2932 2.9632, -1.2848 0.2931 2.9552, -1.3 0.2222 2.9658, -1.3003 0.2209 2.9577, -1.3033 0.1965 2.9666, -1.3033 0.1964 2.9586, -1.3132 0.1197 2.9693, -1.313 0.1197 2.9612, -1.3141 0.1121 2.9696, -1.3145 0.1078 2.9616, -1.3147 0.0985 2.97, -1.3149 0.0985 2.9619, -1.3189 0.002 2.9733, -1.3188 -0.0 2.9653, -1.3188 0.0 2.9733, -1.3189 -0.002 2.9653, -1.3149 -0.0985 2.9766, -1.3147 -0.0985 2.9687, -1.3145 -0.1078 2.977, -1.3141 -0.1121 2.9691, -1.313 -0.1197 2.9774, -1.3132 -0.1197 2.9694, -1.3034 -0.1963 2.98, -1.3033 -0.1964 2.9721, -1.3003 -0.2209 2.9808, -1.3 -0.2222 2.973, -1.2849 -0.293 2.9834, -1.2847 -0.2931 2.9755, -1.2771 -0.3295 2.9847, -1.276 -0.3336 2.9769, -1.2693 -0.3551 2.9856, -1.2694 -0.3551 2.9776, -1.2593 -0.3881 2.9868, -1.2593 -0.3882 2.9788, -1.2451 -0.4349 2.9885, -1.2438 -0.4387 2.9806, -1.2268 -0.4811 2.9902, -1.2268 -0.4812 2.9822, -1.2046 -0.537 2.9923, -1.2028 -0.541 2.9844, -1.1875 -0.5714 2.9936, -1.1875 -0.5715 2.9855, -1.1839 -0.5786 2.9939, -1.1839 -0.5787 2.9858, -1.1537 -0.639 2.9962, -1.1531 -0.6403 2.9882, -1.1417 -0.6587 2.997, -1.1417 -0.6588 2.9889, -1.0959 -0.7338 2.9999, -1.0935 -0.7374 2.9921, -1.0896 -0.7424 3.0003, -1.0897 -0.7425 2.9923, -1.0597 -0.7832 3.002, -1.0597 -0.7832 2.9941, -1.0314 -0.8219 3.0036, -1.0313 -0.8219 2.9957, -1.0308 -0.8227 3.0036, -1.0283 -0.8259 2.9959, -0.9669 -0.8964 3.007, -0.9667 -0.8963 2.9991, -0.9588 -0.9057 3.0074, -0.9558 -0.9088 2.9996, -0.9007 -0.9621 3.0102, -0.9007 -0.9621 3.0022, -0.8969 -0.9657 3.0104, -0.8968 -0.9658 3.0024, -0.877 -0.9851 3.0114, -0.8759 -0.986 3.0034, -0.8222 -1.0299 3.0138, -0.822 -1.0299 3.0058, -0.791 -1.0554 3.0152, -0.7875 -1.058 3.0073, -0.7429 -1.0884 3.0172, -0.7428 -1.0884 3.0091, -0.7121 -1.1095 3.0185, -0.7121 -1.1094 3.0104, -0.7001 -1.1177 3.019, -0.6968 -1.1198 3.0111, -0.6595 -1.1409 3.0206, -0.6595 -1.1409 3.0125, -0.6047 -1.1721 3.0227, -0.6009 -1.1741 3.0149, -0.5725 -1.187 3.0239, -0.5725 -1.1871 3.0159, -0.4999 -1.2205 3.0266, -0.4999 -1.2205 3.0187, 0.0433 -1.6337 3.1858, 0.0433 -1.4991 3.1858, 0.0805 -1.6337 3.1858, 0.081 -1.4991 3.1858, 0.0854 -1.4992 3.1858, 0.1033 -1.5011 3.1858, 0.1418 -1.568 3.1858, 0.1406 -1.5856 3.1858, 0.1371 -1.6004 3.1858, 0.1272 -1.515 3.1858, 0.121 -1.5087 3.1858, 0.1143 -1.5046 3.1858, 0.134 -1.5262 3.1858, 0.1398 -1.5447 3.1858, 0.1308 -1.6133 3.1858, 0.1242 -1.6212 3.1858, 0.116 -1.6274 3.1858, 0.1077 -1.6311 3.1858, 0.0967 -1.633 3.1858, 0.2288 -1.5508 3.1858, 0.2887 -1.5508 3.1858, 0.2483 -1.6024 3.1858, 0.2702 -1.5994 3.1858, 0.2535 -1.6184 3.1858, 0.2626 -1.6203 3.1858, 0.2575 -1.6361 3.1858, -0.9007 0.9621 1.2356, -0.9558 0.9089 1.2382, -1.1552 1.0711 1.3586, -0.9668 0.8963 1.2387, -1.2331 0.9825 1.362, -1.0283 0.8259 1.2419, -1.0313 0.8218 1.2421, -1.2353 0.9801 1.3621, -1.0597 0.7832 1.2438, -1.2552 0.9574 1.363, -1.3015 0.8868 1.3654, -1.0898 0.7425 1.2455, -1.0935 0.7375 1.2457, -1.3353 0.8352 1.3671, -1.1417 0.6587 1.249, -1.3661 0.7881 1.3688, -1.3767 0.772 1.3693, -1.153 0.6403 1.2497, -1.1839 0.5787 1.2521, -1.4187 0.6828 1.3721, -1.1875 0.5715 1.2524, -1.4196 0.681 1.3722, -1.2028 0.541 1.2535, -1.4691 0.5761 1.3755, -1.2268 0.4811 1.2557, -1.4708 0.5724 1.3756, -1.2438 0.4387 1.2573, -1.4876 0.5187 1.3772, -1.5048 0.4637 1.3789, -1.2593 0.3881 1.2591, -1.2694 0.3551 1.2602, -1.536 0.3642 1.3819, -1.276 0.3337 1.261, -1.5382 0.3508 1.3822, -1.2848 0.293 1.2624, -1.5384 0.3498 1.3823, -1.3 0.2223 1.2648, -1.5574 0.2345 1.3856, -1.3034 0.1963 1.2657, -1.5671 0.1758 1.3873, -1.3132 0.1197 1.2684, -1.5718 0.1478 1.3881, -1.3141 0.1121 1.2686, -1.5724 0.1178 1.389, -1.3147 0.0985 1.2691, -1.5751 -0.0 1.3924, -1.3189 0.002 1.2725, -1.5751 -0.0001 1.3924, -1.3188 -0.0 1.2725, -1.5767 -0.0723 1.3944, -1.3149 -0.0985 1.276, -1.5714 -0.1176 1.3957, -1.3145 -0.1077 1.2763, -1.5647 -0.1755 1.3974, -1.313 -0.1197 1.2767, -1.5577 -0.2349 1.3991, -1.3033 -0.1965 1.2794, -1.5358 -0.3504 1.4025, -1.5362 -0.3492 1.4024, -1.2848 -0.2932 1.2827, -1.5497 -0.2925 1.4002, -1.3003 -0.2208 1.2802, -1.5511 -0.2917 1.4007, -1.2771 -0.3294 1.284, -1.2693 -0.3551 1.2849, -1.5062 -0.4647 1.4059, -1.2592 -0.3884 1.286, -1.4963 -0.5029 1.407, -1.2451 -0.4349 1.2877, -1.4896 -0.5191 1.4075, -1.4663 -0.5753 1.4092, -1.2267 -0.4813 1.2893, -1.422 -0.6821 1.4125, -1.2046 -0.537 1.2914, -1.4211 -0.6842 1.4126, -1.1874 -0.5716 1.2927, -1.1839 -0.5786 1.293, -1.4124 -0.7053 1.4133, -1.1538 -0.639 1.2953, -1.364 -0.787 1.416, -1.1417 -0.6588 1.2961, -1.3354 -0.8354 1.4176, -1.0959 -0.7338 1.2992, -1.3039 -0.8885 1.4193, -1.0896 -0.7424 1.2995, -1.2995 -0.8959 1.4196, -1.0597 -0.7832 1.3013, -1.2334 -0.9786 1.4226, -1.0314 -0.822 1.303, -1.2313 -0.9813 1.4227, -1.1615 -1.0686 1.4259, -1.0308 -0.8227 1.303, -1.157 -1.0729 1.4261, -0.9667 -0.8965 1.3063, -0.9588 -0.9057 1.3068, -1.1171 -1.1106 1.4277, -0.9007 -0.9621 1.3095, -1.0713 -1.154 1.4295, -0.8967 -0.9659 1.3097, -0.877 -0.985 1.3106, -1.0013 -1.2203 1.4322, -0.975 -1.2204 1.4256, -0.822 -1.0301 1.313, -0.791 -1.0553 1.3143, -0.8329 -1.2205 1.3896, -0.7427 -1.0885 1.3163, -0.8307 -1.2205 1.389, -0.7121 -1.1095 1.3176, -0.7002 -1.1177 1.3181, -0.7068 -1.2205 1.3626, -0.6594 -1.1409 1.3197, -0.6588 -1.2205 1.3524, -0.6047 -1.1721 1.3219, -0.5897 -1.2204 1.3408, -0.5724 -1.187 1.3231, -0.4999 -1.2203 1.3258, -1.1188 1.1125 1.3571, -1.1101 1.1223 1.3567, -0.8969 0.9657 1.2354, -1.0733 1.1555 1.3553, -0.8759 0.986 1.2344, -1.0012 1.2203 1.3525, -0.8221 1.0298 1.2321, -0.9752 1.2203 1.3447, -0.7875 1.058 1.2306, -0.8469 1.2205 1.3061, -0.7429 1.0884 1.2288, -0.8336 1.2205 1.3025, -0.7121 1.1094 1.2275, -0.6967 1.1198 1.2269, -0.6595 1.1409 1.2254, -0.7065 1.2205 1.2681, -0.6008 1.1741 1.223, -0.6743 1.2205 1.2593, -0.5725 1.1871 1.222, -0.5901 1.2205 1.2399, -0.4999 1.2205 1.2192, 0.4999 -1.2203 1.0774, 0.4999 -1.2203 1.0695, 0.5725 -1.1871 1.0802, 0.5724 -1.1869 1.0722, 0.6009 -1.1741 1.0813, 0.6048 -1.1721 1.0734, 0.6594 -1.1409 1.0835, 0.6595 -1.1409 1.0756, 0.6968 -1.1198 1.085, 0.7002 -1.1177 1.0772, 0.7132 -1.1086 1.0856, 0.7133 -1.1087 1.0777, 0.7427 -1.0885 1.0869, 0.7428 -1.0885 1.079, 0.7876 -1.0579 1.0887, 0.7911 -1.0553 1.081, 0.8219 -1.03 1.0903, 0.822 -1.0301 1.0823, 0.8759 -0.986 1.0927, 0.8771 -0.985 1.0847, 0.8967 -0.9659 1.0937, 0.8967 -0.9659 1.0856, 0.9028 -0.9601 1.094, 0.9028 -0.9601 1.0859, 0.9558 -0.9088 1.0966, 0.9588 -0.9056 1.0885, 0.9666 -0.8964 1.0971, 0.9667 -0.8966 1.0889, 1.0283 -0.8259 1.1004, 1.0309 -0.8227 1.0923, 1.0312 -0.8219 1.1005, 1.0313 -0.822 1.0923, 1.0623 -0.7797 1.1023, 1.0623 -0.7797 1.0941, 1.0897 -0.7425 1.1039, 1.0896 -0.7425 1.0957, 1.0935 -0.7374 1.1041, 1.0959 -0.7338 1.0961, 1.1417 -0.6588 1.1072, 1.1417 -0.6588 1.0991, 1.1531 -0.6403 1.1079, 1.1538 -0.639 1.0999, 1.1865 -0.5735 1.1104, 1.1864 -0.5735 1.1025, 1.1875 -0.5716 1.1105, 1.1874 -0.5715 1.1026, 1.2028 -0.541 1.1116, 1.2046 -0.537 1.1039, 1.2267 -0.4813 1.1139, 1.2267 -0.4813 1.1059, 1.2438 -0.4387 1.1154, 1.2452 -0.4348 1.1077, 1.2592 -0.3884 1.1173, 1.2592 -0.3884 1.1093, 1.2715 -0.3482 1.1187, 1.2714 -0.3482 1.1107, 1.276 -0.3336 1.1193, 1.2771 -0.3294 1.1113, 1.2847 -0.2932 1.1207, 1.2848 -0.2933 1.1126, 1.3 -0.2223 1.1232, 1.3003 -0.2208 1.1151, 1.3033 -0.1965 1.1241, 1.3033 -0.1965 1.1159, 1.3141 -0.1121 1.127, 1.3141 -0.1111 1.1188, 1.3142 -0.1112 1.1271, 1.3145 -0.1077 1.119, 1.3147 -0.0985 1.1275, 1.3149 -0.0986 1.1193, 1.3189 -0.002 1.1308, 1.3188 -0.0 1.1227, 1.3188 -0.0 1.1308, 1.3189 0.0021 1.1228, 1.3149 0.0985 1.1341, 1.3147 0.0985 1.1261, 1.3145 0.1078 1.1344, 1.3141 0.1122 1.1266, 1.3117 0.1297 1.1352, 1.3119 0.1297 1.1272, 1.3034 0.1963 1.1375, 1.3034 0.1963 1.1296, 1.3003 0.2209 1.1383, 1.3 0.2223 1.1305, 1.2849 0.293 1.1409, 1.2848 0.293 1.1329, 1.2771 0.3295 1.1422, 1.276 0.3337 1.1343, 1.266 0.3661 1.1435, 1.2661 0.3661 1.1355, 1.2593 0.3881 1.1443, 1.2593 0.3881 1.1362, 1.2451 0.4349 1.146, 1.2438 0.4388 1.138, 1.2268 0.4811 1.1477, 1.2268 0.4811 1.1395, 1.2046 0.537 1.1498, 1.2028 0.5411 1.1417, 1.1875 0.5714 1.1511, 1.1876 0.5715 1.1429, 1.1781 0.5902 1.1518, 1.1781 0.5902 1.1436, 1.1537 0.639 1.1537, 1.153 0.6403 1.1455, 1.1417 0.6587 1.1545, 1.1417 0.6587 1.1463, 1.0959 0.7338 1.1574, 1.0934 0.7375 1.1495, 1.0896 0.7424 1.1578, 1.0898 0.7425 1.1497, 1.0512 0.7948 1.16, 1.0512 0.7948 1.152, 1.0314 0.8219 1.1611, 1.0313 0.8218 1.1531, 1.0308 0.8227 1.1611, 1.0283 0.8259 1.1533, 0.9669 0.8964 1.1644, 0.9668 0.8963 1.1566, 0.9588 0.9057 1.1649, 0.9557 0.9089 1.1571, 0.8969 0.9657 1.1679, 0.8969 0.9657 1.1599, 0.8893 0.9731 1.1682, 0.8893 0.9731 1.1602, 0.877 0.9851 1.1688, 0.8759 0.9861 1.1609, 0.8222 1.0299 1.1713, 0.8221 1.0298 1.1632, 0.791 1.0554 1.1727, 0.7875 1.058 1.1647, 0.7429 1.0884 1.1747, 0.7429 1.0884 1.1665, 0.7002 1.1177 1.1765, 0.6978 1.1191 1.1684, 0.6978 1.1191 1.1766, 0.6967 1.1198 1.1684, 0.6595 1.1409 1.1781, 0.6596 1.1409 1.1699, 0.6047 1.1721 1.1802, 0.6008 1.1741 1.1722, 0.5725 1.187 1.1814, 0.5725 1.1871 1.1733, 0.4999 1.2205 1.1841, 0.4999 1.2205 1.1761
            ]
        }
        coordIndex [
            0,1,2,-1,3,4,5,-1,6,7,8,-1,9,10,11,-1,12,13,14,-1,15,16,17,-1,17,16,18,-1,17,18,19,-1,20,21,22,-1,20,22,23,-1,24,25,23,-1,23,25,26,-1,27,28,29,-1,29,30,27,-1,27,30,31,-1,27,31,25,-1,25,31,32,-1,25,32,26,-1,33,34,35,-1,35,36,33,-1,33,36,37,-1,33,37,28,-1,28,37,38,-1,28,38,29,-1,39,40,34,-1,34,40,41,-1,34,41,35,-1,42,43,39,-1,43,44,39,-1,39,44,45,-1,39,45,40,-1,39,46,42,-1,42,46,47,-1,42,47,48,-1,48,47,49,-1,49,47,50,-1,49,50,51,-1,52,53,54,-1,54,53,55,-1,51,50,56,-1,56,50,57,-1,56,57,58,-1,58,57,54,-1,58,54,59,-1,59,54,55,-1,59,55,60,-1,61,62,63,-1,61,63,64,-1,63,65,64,-1,64,65,66,-1,64,66,67,-1,68,69,66,-1,66,69,70,-1,66,70,67,-1,66,71,68,-1,68,71,72,-1,68,72,73,-1,74,75,76,-1,76,75,77,-1,76,77,72,-1,72,77,78,-1,72,78,73,-1,12,14,79,-1,79,14,80,-1,79,80,81,-1,81,80,82,-1,82,80,83,-1,82,83,84,-1,84,83,85,-1,84,85,86,-1,86,85,87,-1,87,85,88,-1,87,88,89,-1,89,88,90,-1,89,90,91,-1,92,17,93,-1,93,17,19,-1,93,19,94,-1,95,96,97,-1,97,96,98,-1,99,100,101,-1,101,100,102,-1,103,104,105,-1,105,104,106,-1,105,106,107,-1,108,109,110,-1,110,109,111,-1,108,112,113,-1,112,114,113,-1,113,114,115,-1,113,115,116,-1,116,117,118,-1,118,117,119,-1,118,119,120,-1,121,122,123,-1,123,122,124,-1,125,126,127,-1,127,126,128,-1,127,128,129,-1,129,128,130,-1,129,130,131,-1,131,130,132,-1,131,132,133,-1,133,132,134,-1,133,134,135,-1,135,134,136,-1,135,136,137,-1,137,136,138,-1,137,138,139,-1,139,138,97,-1,139,97,105,-1,105,97,98,-1,105,98,103,-1,140,125,141,-1,141,125,127,-1,141,127,142,-1,142,127,129,-1,142,129,143,-1,143,129,131,-1,143,131,144,-1,144,131,133,-1,144,133,145,-1,145,133,135,-1,145,135,146,-1,146,135,137,-1,146,137,147,-1,147,137,139,-1,147,139,148,-1,148,139,105,-1,148,105,101,-1,101,105,107,-1,101,107,99,-1,149,140,150,-1,150,140,141,-1,150,141,151,-1,151,141,142,-1,151,142,152,-1,152,142,143,-1,152,143,153,-1,153,143,144,-1,153,144,154,-1,154,144,145,-1,154,145,155,-1,155,145,146,-1,155,146,156,-1,156,146,147,-1,156,147,157,-1,157,147,148,-1,157,148,158,-1,158,148,101,-1,158,101,123,-1,123,101,102,-1,123,102,121,-1,8,149,159,-1,159,149,150,-1,159,150,160,-1,160,150,151,-1,160,151,161,-1,161,151,152,-1,161,152,162,-1,162,152,153,-1,162,153,163,-1,163,153,154,-1,163,154,164,-1,164,154,155,-1,164,155,165,-1,165,155,156,-1,165,156,166,-1,166,156,157,-1,166,157,167,-1,167,157,158,-1,167,158,168,-1,168,158,123,-1,168,123,109,-1,109,123,124,-1,109,124,111,-1,169,10,170,-1,170,10,9,-1,170,9,171,-1,172,173,174,-1,174,173,175,-1,176,177,171,-1,175,176,174,-1,174,176,171,-1,174,171,178,-1,178,171,9,-1,178,9,179,-1,179,9,11,-1,179,11,180,-1,177,181,171,-1,171,181,182,-1,171,182,170,-1,170,182,183,-1,170,183,184,-1,185,186,187,-1,187,186,188,-1,187,188,189,-1,108,113,109,-1,109,113,190,-1,109,190,168,-1,168,190,191,-1,168,191,167,-1,167,191,192,-1,167,192,166,-1,166,192,193,-1,166,193,165,-1,165,193,194,-1,165,194,164,-1,164,194,195,-1,164,195,163,-1,163,195,196,-1,163,196,162,-1,162,196,197,-1,162,197,161,-1,161,197,198,-1,161,198,160,-1,160,198,199,-1,160,199,159,-1,159,199,187,-1,159,187,8,-1,8,187,189,-1,8,189,6,-1,200,201,24,-1,23,22,24,-1,24,22,202,-1,24,202,200,-1,201,203,24,-1,24,203,204,-1,24,204,25,-1,25,204,205,-1,25,205,27,-1,27,205,206,-1,27,206,28,-1,28,206,207,-1,28,207,33,-1,33,207,208,-1,33,208,34,-1,34,208,209,-1,34,209,39,-1,39,209,210,-1,39,210,46,-1,46,210,211,-1,46,211,47,-1,47,211,212,-1,47,212,50,-1,50,212,213,-1,50,213,57,-1,57,213,118,-1,57,118,54,-1,54,118,120,-1,54,120,52,-1,201,214,203,-1,203,214,215,-1,203,215,216,-1,116,118,113,-1,113,118,213,-1,113,213,190,-1,190,213,212,-1,190,212,191,-1,191,212,211,-1,191,211,192,-1,192,211,210,-1,192,210,193,-1,193,210,209,-1,193,209,194,-1,194,209,208,-1,194,208,195,-1,195,208,207,-1,195,207,196,-1,196,207,206,-1,196,206,197,-1,197,206,205,-1,197,205,198,-1,198,205,204,-1,198,204,199,-1,199,204,203,-1,199,203,187,-1,187,203,216,-1,187,216,185,-1,7,172,8,-1,8,172,174,-1,8,174,149,-1,149,174,178,-1,149,178,140,-1,140,178,179,-1,140,179,125,-1,125,179,180,-1,125,180,126,-1,217,218,219,-1,219,218,220,-1,63,221,65,-1,65,221,222,-1,65,222,223,-1,224,225,226,-1,226,225,227,-1,228,229,230,-1,230,229,231,-1,230,231,232,-1,233,234,235,-1,235,234,236,-1,235,236,237,-1,238,76,239,-1,239,76,72,-1,239,72,240,-1,240,72,71,-1,240,71,241,-1,241,71,66,-1,241,66,242,-1,242,66,65,-1,242,65,219,-1,219,65,223,-1,219,223,217,-1,243,238,244,-1,244,238,239,-1,244,239,245,-1,245,239,240,-1,245,240,246,-1,246,240,241,-1,246,241,247,-1,247,241,242,-1,247,242,248,-1,248,242,219,-1,248,219,230,-1,230,219,220,-1,230,220,228,-1,249,243,250,-1,250,243,244,-1,250,244,251,-1,251,244,245,-1,251,245,252,-1,252,245,246,-1,252,246,253,-1,253,246,247,-1,253,247,254,-1,254,247,248,-1,254,248,255,-1,255,248,230,-1,255,230,235,-1,235,230,232,-1,235,232,233,-1,256,249,257,-1,257,249,250,-1,257,250,258,-1,258,250,251,-1,258,251,259,-1,259,251,252,-1,259,252,260,-1,260,252,253,-1,260,253,261,-1,261,253,254,-1,261,254,262,-1,262,254,255,-1,262,255,263,-1,263,255,235,-1,263,235,226,-1,226,235,237,-1,226,237,224,-1,264,256,265,-1,265,256,257,-1,265,257,266,-1,266,257,258,-1,266,258,267,-1,267,258,259,-1,267,259,268,-1,268,259,260,-1,268,260,269,-1,269,260,261,-1,269,261,270,-1,270,261,262,-1,270,262,271,-1,271,262,263,-1,271,263,272,-1,272,263,226,-1,272,226,273,-1,273,226,227,-1,273,227,274,-1,275,90,276,-1,276,90,88,-1,276,88,277,-1,277,88,85,-1,277,85,278,-1,278,85,83,-1,278,83,279,-1,279,83,80,-1,279,80,280,-1,280,80,14,-1,281,264,282,-1,282,264,265,-1,282,265,283,-1,283,265,266,-1,283,266,284,-1,284,266,267,-1,284,267,285,-1,285,267,268,-1,285,268,286,-1,286,268,269,-1,286,269,287,-1,287,269,270,-1,287,270,288,-1,288,270,271,-1,288,271,289,-1,289,271,272,-1,289,272,290,-1,290,272,273,-1,290,273,291,-1,292,293,294,-1,294,293,295,-1,294,295,296,-1,296,295,297,-1,296,297,298,-1,280,299,279,-1,279,299,300,-1,279,300,278,-1,278,300,301,-1,278,301,277,-1,277,301,302,-1,277,302,276,-1,276,302,2,-1,276,2,275,-1,1,303,2,-1,2,303,304,-1,2,304,275,-1,275,304,305,-1,275,305,306,-1,306,15,275,-1,275,15,17,-1,275,17,90,-1,90,17,92,-1,90,92,91,-1,307,4,308,-1,308,4,3,-1,308,3,309,-1,309,3,310,-1,311,312,293,-1,313,314,292,-1,292,314,315,-1,292,315,293,-1,293,315,316,-1,293,316,311,-1,312,310,293,-1,293,310,3,-1,293,3,295,-1,295,3,5,-1,295,5,297,-1,307,317,4,-1,4,317,318,-1,4,318,319,-1,299,298,300,-1,300,298,297,-1,300,297,301,-1,301,297,5,-1,301,5,302,-1,302,5,4,-1,302,4,2,-1,2,4,319,-1,2,319,0,-1,274,320,273,-1,273,320,321,-1,273,321,291,-1,291,321,322,-1,291,322,323,-1,169,281,10,-1,10,281,282,-1,10,282,11,-1,11,282,283,-1,11,283,180,-1,180,283,284,-1,180,284,126,-1,126,284,285,-1,126,285,128,-1,128,285,286,-1,128,286,130,-1,130,286,287,-1,130,287,132,-1,132,287,288,-1,132,288,134,-1,134,288,289,-1,134,289,136,-1,136,289,290,-1,136,290,138,-1,138,290,291,-1,138,291,97,-1,97,291,323,-1,97,323,95,-1,324,325,169,-1,184,326,170,-1,170,326,327,-1,170,327,169,-1,169,327,328,-1,169,328,324,-1,325,313,169,-1,169,313,292,-1,169,292,281,-1,281,292,294,-1,281,294,264,-1,264,294,296,-1,264,296,256,-1,256,296,298,-1,256,298,249,-1,249,298,299,-1,249,299,243,-1,243,299,280,-1,243,280,238,-1,238,280,14,-1,238,14,76,-1,76,14,13,-1,76,13,74,-1,329,330,331,-1,331,330,332,-1,331,332,333,-1,333,332,334,-1,333,334,335,-1,335,334,336,-1,335,336,337,-1,337,336,338,-1,337,338,339,-1,339,338,340,-1,339,340,341,-1,341,340,342,-1,341,342,343,-1,343,342,344,-1,343,344,345,-1,345,344,346,-1,345,346,347,-1,347,346,348,-1,347,348,349,-1,349,348,350,-1,349,350,351,-1,351,350,352,-1,351,352,353,-1,353,352,354,-1,353,354,355,-1,355,354,356,-1,355,356,357,-1,357,356,358,-1,357,358,359,-1,359,358,360,-1,359,360,361,-1,361,360,362,-1,361,362,363,-1,363,362,364,-1,363,364,365,-1,365,364,366,-1,365,366,367,-1,367,366,368,-1,367,368,369,-1,369,368,370,-1,369,370,371,-1,371,370,372,-1,371,372,373,-1,373,372,374,-1,373,374,375,-1,375,374,376,-1,375,376,377,-1,377,376,378,-1,377,378,379,-1,379,378,380,-1,379,380,381,-1,381,380,382,-1,381,382,383,-1,383,382,384,-1,383,384,385,-1,385,384,386,-1,385,386,387,-1,387,386,388,-1,387,388,389,-1,389,388,390,-1,389,390,391,-1,391,390,392,-1,391,392,393,-1,393,392,394,-1,393,394,395,-1,395,394,396,-1,395,396,397,-1,397,396,398,-1,397,398,399,-1,399,398,400,-1,399,400,401,-1,401,400,402,-1,401,402,403,-1,403,402,404,-1,403,404,405,-1,405,404,406,-1,405,406,407,-1,407,406,408,-1,407,408,409,-1,409,408,410,-1,409,410,411,-1,411,410,412,-1,411,412,413,-1,413,412,414,-1,413,414,415,-1,415,414,416,-1,415,416,417,-1,417,416,418,-1,417,418,419,-1,419,418,420,-1,419,420,421,-1,421,420,422,-1,421,422,423,-1,423,422,424,-1,423,424,425,-1,425,424,426,-1,425,426,427,-1,427,426,428,-1,427,428,429,-1,429,428,430,-1,429,430,431,-1,431,430,432,-1,431,432,433,-1,433,432,434,-1,433,434,435,-1,435,434,436,-1,435,436,437,-1,437,436,438,-1,437,438,439,-1,439,438,440,-1,439,440,441,-1,441,440,442,-1,441,442,443,-1,443,442,444,-1,443,444,445,-1,445,444,446,-1,445,446,447,-1,447,446,448,-1,447,448,449,-1,449,448,450,-1,449,450,451,-1,451,450,452,-1,451,452,453,-1,453,452,454,-1,453,454,455,-1,455,454,456,-1,455,456,457,-1,457,456,458,-1,457,458,459,-1,459,458,460,-1,459,460,461,-1,461,460,462,-1,461,462,463,-1,463,462,464,-1,463,464,465,-1,465,464,466,-1,465,466,467,-1,467,466,468,-1,467,468,469,-1,469,468,470,-1,469,470,471,-1,471,470,472,-1,473,474,475,-1,475,474,476,-1,475,476,477,-1,478,479,477,-1,477,479,480,-1,477,480,481,-1,482,478,483,-1,483,478,484,-1,482,485,478,-1,478,485,486,-1,478,486,479,-1,481,487,477,-1,477,487,488,-1,477,488,489,-1,489,490,477,-1,477,490,491,-1,477,491,475,-1,492,493,494,-1,494,493,495,-1,494,495,496,-1,496,495,497,-1,496,497,498,-1,499,500,501,-1,501,500,502,-1,501,502,503,-1,502,504,503,-1,503,504,505,-1,503,505,506,-1,506,505,507,-1,506,507,508,-1,508,507,509,-1,507,510,509,-1,509,510,511,-1,509,511,512,-1,512,511,513,-1,512,513,514,-1,514,513,515,-1,513,516,515,-1,515,516,517,-1,515,517,518,-1,518,517,519,-1,518,519,520,-1,520,519,521,-1,520,521,522,-1,522,521,523,-1,522,523,524,-1,524,523,525,-1,524,525,526,-1,526,525,527,-1,525,528,527,-1,527,528,529,-1,527,529,530,-1,530,529,531,-1,530,531,532,-1,532,531,533,-1,532,533,534,-1,534,533,535,-1,534,535,536,-1,536,535,537,-1,536,537,538,-1,538,537,539,-1,538,539,540,-1,540,539,541,-1,540,541,542,-1,542,541,543,-1,542,543,544,-1,544,543,545,-1,544,545,546,-1,546,545,547,-1,546,547,548,-1,548,547,549,-1,548,549,550,-1,550,549,551,-1,550,551,552,-1,552,551,553,-1,552,553,554,-1,554,553,555,-1,556,557,558,-1,558,557,559,-1,558,559,560,-1,557,561,559,-1,559,561,554,-1,559,554,560,-1,560,554,555,-1,558,562,556,-1,556,562,563,-1,556,563,564,-1,564,563,565,-1,564,565,566,-1,566,565,567,-1,566,567,568,-1,568,567,569,-1,569,567,570,-1,569,570,571,-1,571,570,572,-1,571,572,573,-1,572,574,573,-1,573,574,575,-1,573,575,576,-1,576,575,577,-1,576,577,578,-1,578,577,579,-1,578,579,580,-1,580,579,581,-1,580,581,582,-1,582,581,583,-1,582,583,584,-1,584,583,585,-1,584,585,586,-1,586,585,587,-1,586,587,588,-1,588,587,589,-1,589,587,590,-1,589,590,591,-1,590,592,591,-1,591,592,593,-1,591,593,594,-1,594,593,595,-1,594,595,596,-1,595,597,596,-1,596,597,598,-1,596,598,599,-1,599,598,600,-1,598,601,600,-1,600,601,602,-1,600,602,603,-1,603,602,604,-1,603,604,605,-1,604,606,605,-1,605,606,607,-1,605,607,608,-1,608,607,609,-1,608,609,610,-1,610,609,611,-1,610,611,612,-1,612,611,613,-1,612,613,614,-1,501,615,499,-1,499,615,616,-1,499,616,617,-1,617,616,618,-1,617,618,619,-1,619,618,620,-1,619,620,621,-1,621,620,622,-1,621,622,623,-1,623,622,624,-1,623,624,625,-1,625,624,626,-1,625,626,627,-1,627,626,628,-1,628,626,629,-1,629,626,630,-1,629,630,631,-1,631,630,632,-1,631,632,633,-1,633,632,634,-1,633,634,635,-1,636,637,638,-1,638,637,639,-1,638,639,640,-1,640,639,641,-1,640,641,642,-1,642,641,643,-1,642,643,644,-1,644,643,645,-1,644,645,646,-1,646,645,647,-1,646,647,648,-1,648,647,649,-1,648,649,650,-1,650,649,651,-1,650,651,652,-1,652,651,653,-1,652,653,654,-1,654,653,655,-1,654,655,656,-1,656,655,657,-1,656,657,658,-1,658,657,659,-1,658,659,660,-1,660,659,661,-1,660,661,662,-1,662,661,663,-1,662,663,664,-1,664,663,665,-1,664,665,666,-1,666,665,667,-1,666,667,668,-1,668,667,669,-1,668,669,670,-1,670,669,671,-1,670,671,672,-1,672,671,673,-1,672,673,674,-1,674,673,675,-1,674,675,676,-1,676,675,677,-1,676,677,678,-1,678,677,679,-1,678,679,680,-1,680,679,681,-1,680,681,682,-1,682,681,683,-1,682,683,684,-1,684,683,685,-1,684,685,686,-1,686,685,687,-1,686,687,688,-1,688,687,689,-1,688,689,690,-1,690,689,691,-1,690,691,692,-1,692,691,693,-1,692,693,694,-1,694,693,695,-1,694,695,696,-1,696,695,697,-1,696,697,698,-1,698,697,699,-1,698,699,700,-1,700,699,701,-1,700,701,702,-1,702,701,703,-1,702,703,704,-1,704,703,705,-1,704,705,706,-1,706,705,707,-1,706,707,708,-1,708,707,709,-1,708,709,710,-1,710,709,711,-1,710,711,712,-1,712,711,713,-1,712,713,714,-1,714,713,715,-1,714,715,716,-1,716,715,717,-1,716,717,718,-1,718,717,719,-1,718,719,720,-1,720,719,721,-1,720,721,722,-1,722,721,723,-1,722,723,724,-1,724,723,725,-1,724,725,726,-1,726,725,727,-1,726,727,728,-1,728,727,729,-1,728,729,730,-1,730,729,731,-1,730,731,732,-1,732,731,733,-1,732,733,734,-1,734,733,735,-1,734,735,736,-1,736,735,737,-1,736,737,738,-1,738,737,739,-1,738,739,740,-1,740,739,741,-1,740,741,742,-1,742,741,743,-1,742,743,744,-1,744,743,745,-1,744,745,746,-1,746,745,747,-1,746,747,748,-1,748,747,749,-1,748,749,750,-1,750,749,751,-1,750,751,752,-1,752,751,753,-1,752,753,754,-1,754,753,755,-1,754,755,756,-1,756,755,757,-1,756,757,758,-1,758,757,759,-1,758,759,760,-1,760,759,761,-1,760,761,762,-1,762,761,763,-1,762,763,764,-1,764,763,765,-1,764,765,766,-1,766,765,767,-1,766,767,768,-1,768,767,769,-1,768,769,770,-1,770,769,771,-1,770,771,772,-1,772,771,773,-1,772,773,774,-1,774,773,775,-1,774,775,776,-1,776,775,777,-1,776,777,778,-1,778,777,779,-1,
        ]
    }
}
Shape{
    appearance Appearance {
        material  Material 	{
            diffuseColor 1.0 1.0 1.0
            specularColor 0.5019607843137255 0.5019607843137255 0.5019607843137255
            ambientIntensity 1.0
            transparency 0.0
            shininess 0.5
        }
    }
    geometry IndexedFaceSet {
        ccw TRUE
        solid FALSE
        coord DEF co Coordinate {
            point [
                -1.2992 0.0 4.4654, -1.2771 0.2387 4.5047, -1.2771 0.2387 4.4654, -1.2115 0.4693 4.5047, -1.2115 0.4693 4.4654, -1.1046 0.6839 4.5047, -1.1046 0.6839 4.4654, -0.9601 0.8753 4.5047, -0.9601 0.8753 4.4654, -0.783 1.0368 4.5047, -0.783 1.0368 4.4654, -0.5791 1.163 4.5047, -0.5791 1.163 4.4654, -0.3555 1.2496 4.5047, -0.3555 1.2496 4.4654, -0.1199 1.2937 4.5047, -0.1199 1.2937 4.4654, 0.1199 1.2937 4.5047, 0.1199 1.2937 4.4654, 0.3555 1.2496 4.5047, 0.3555 1.2496 4.4654, 0.5791 1.163 4.5047, 0.5791 1.163 4.4654, 0.783 1.0368 4.5047, 0.783 1.0368 4.4654, 0.9601 0.8753 4.5047, 0.9601 0.8753 4.4654, 1.1046 0.6839 4.5047, 1.1046 0.6839 4.4654, 1.2115 0.4693 4.5047, 1.2115 0.4693 4.4654, 1.2771 0.2387 4.5047, 1.2771 0.2387 4.4654, 1.2992 0.0 4.5047, 1.2992 0.0 4.4654, 1.2771 -0.2387 4.5047, 1.2771 -0.2387 4.4654, 1.2115 -0.4693 4.5047, 1.2115 -0.4693 4.4654, 1.1046 -0.6839 4.5047, 1.1046 -0.6839 4.4654, 0.9601 -0.8753 4.5047, 0.9601 -0.8753 4.4654, 0.783 -1.0368 4.5047, 0.783 -1.0368 4.4654, 0.5791 -1.163 4.5047, 0.5791 -1.163 4.4654, 0.3555 -1.2496 4.5047, 0.3555 -1.2496 4.4654, 0.1199 -1.2937 4.5047, 0.1199 -1.2937 4.4654, -0.1199 -1.2937 4.5047, -0.1199 -1.2937 4.4654, -0.3555 -1.2496 4.5047, -0.3555 -1.2496 4.4654, -0.5791 -1.163 4.5047, -0.5791 -1.163 4.4654, -0.783 -1.0368 4.5047, -0.783 -1.0368 4.4654, -0.9601 -0.8753 4.5047, -0.9601 -0.8753 4.4654, -1.1046 -0.6839 4.5047, -1.1046 -0.6839 4.4654, -1.2115 -0.4693 4.5047, -1.2115 -0.4693 4.4654, -1.2771 -0.2387 4.5047, -1.2771 -0.2387 4.4654, -1.2992 -0.0 4.5047
            ]
        }
        coordIndex [
            0,1,2,-1,2,1,3,-1,2,3,4,-1,4,3,5,-1,4,5,6,-1,6,5,7,-1,6,7,8,-1,8,7,9,-1,8,9,10,-1,10,9,11,-1,10,11,12,-1,12,11,13,-1,12,13,14,-1,14,13,15,-1,14,15,16,-1,16,15,17,-1,16,17,18,-1,18,17,19,-1,18,19,20,-1,20,19,21,-1,20,21,22,-1,22,21,23,-1,22,23,24,-1,24,23,25,-1,24,25,26,-1,26,25,27,-1,26,27,28,-1,28,27,29,-1,28,29,30,-1,30,29,31,-1,30,31,32,-1,32,31,33,-1,32,33,34,-1,34,33,35,-1,34,35,36,-1,36,35,37,-1,36,37,38,-1,38,37,39,-1,38,39,40,-1,40,39,41,-1,40,41,42,-1,42,41,43,-1,42,43,44,-1,44,43,45,-1,44,45,46,-1,46,45,47,-1,46,47,48,-1,48,47,49,-1,48,49,50,-1,50,49,51,-1,50,51,52,-1,52,51,53,-1,52,53,54,-1,54,53,55,-1,54,55,56,-1,56,55,57,-1,56,57,58,-1,58,57,59,-1,58,59,60,-1,60,59,61,-1,60,61,62,-1,62,61,63,-1,62,63,64,-1,64,63,65,-1,64,65,66,-1,66,65,67,-1,66,67,0,-1,0,67,1,-1,
        ]
    }
}
Shape{
    appearance Appearance {
        material  Material 	{
            diffuseColor 0.29411764705882354 0.29411764705882354 0.29411764705882354
            specularColor 0.14901960784313725 0.14901960784313725 0.14901960784313725
            ambientIntensity 0.2941
            transparency 0.0
            shininess 0.5
        }
    }
    geometry IndexedFaceSet {
        ccw TRUE
        solid FALSE
        coord DEF co Coordinate {
            point [
                0.9007 0.9621 3.144, 0.9558 0.9088 3.1414, 1.1551 1.0711 3.0209, 0.9667 0.8963 3.1408, 1.2332 0.9826 3.0175, 1.0283 0.8259 3.1376, 1.0313 0.8219 3.1374, 1.2354 0.9801 3.0174, 1.0597 0.7832 3.1358, 1.2543 0.9587 3.0166, 1.3015 0.8869 3.0141, 1.0897 0.7425 3.134, 1.0935 0.7374 3.1338, 1.3355 0.8353 3.0124, 1.1417 0.6588 3.1306, 1.3664 0.7883 3.0108, 1.3757 0.7741 3.0103, 1.1531 0.6403 3.1299, 1.1839 0.5787 3.1275, 1.419 0.683 3.0074, 1.1875 0.5715 3.1273, 1.4199 0.681 3.0073, 1.2028 0.541 3.1261, 1.4696 0.5764 3.004, 1.2268 0.4812 3.1239, 1.4697 0.5761 3.004, 1.2438 0.4387 3.1224, 1.4878 0.5186 3.0023, 1.505 0.4639 3.0007, 1.2593 0.3882 3.1206, 1.2694 0.3551 3.1194, 1.5356 0.3665 2.9977, 1.276 0.3336 3.1186, 1.5382 0.351 2.9973, 1.2847 0.2931 3.1172, 1.5383 0.3499 2.9972, 1.3 0.2222 3.1147, 1.5574 0.2346 2.9939, 1.3033 0.1964 3.1138, 1.5671 0.1758 2.9922, 1.3132 0.1197 3.1111, 1.5716 0.1483 2.9914, 1.3141 0.1121 3.1109, 1.5723 0.1179 2.9905, 1.3147 0.0985 3.1104, 1.5752 -0.0001 2.9872, 1.3033 -0.1964 3.1003, 1.5582 -0.2349 2.9804, 1.313 -0.1197 3.1029, 1.565 -0.1757 2.9821, 1.3145 -0.1078 3.1034, 1.5717 -0.1177 2.9838, 1.3149 -0.0985 3.1037, 1.5769 -0.0727 2.9851, 1.3188 -0.0 3.107, 1.3189 0.002 3.1071, 1.5361 -0.3503 2.977, 1.5364 -0.3493 2.9771, 1.2848 -0.2931 3.097, 1.5501 -0.2926 2.9793, 1.3003 -0.2209 3.0995, 1.5518 -0.2904 2.9788, 1.2771 -0.3295 3.0957, 1.2693 -0.3551 3.0948, 1.5063 -0.4645 2.9737, 1.2593 -0.3882 3.0936, 1.4959 -0.5042 2.9725, 1.2451 -0.4349 3.0919, 1.4897 -0.5192 2.972, 1.4664 -0.5751 2.9703, 1.2268 -0.4812 3.0902, 1.4218 -0.682 2.967, 1.2046 -0.537 3.0881, 1.4209 -0.684 2.9669, 1.1874 -0.5715 3.0868, 1.1839 -0.5786 3.0865, 1.4111 -0.7075 2.9662, 1.1537 -0.639 3.0842, 1.3641 -0.7871 2.9636, 1.1417 -0.6588 3.0834, 1.3355 -0.8355 2.9619, 1.0959 -0.7338 3.0804, 1.3041 -0.8887 2.9602, 1.0896 -0.7424 3.0801, 1.2997 -0.8961 2.9599, 1.0597 -0.7832 3.0784, 1.2336 -0.9789 2.9569, 1.0314 -0.822 3.0767, 1.2316 -0.9815 2.9568, 1.162 -1.0686 2.9536, 1.0308 -0.8227 3.0767, 1.1573 -1.073 2.9534, 0.9668 -0.8964 3.0733, 0.9588 -0.9057 3.0729, 1.1173 -1.1108 2.9519, 0.9007 -0.9621 3.0701, 1.0716 -1.154 2.9501, 0.8968 -0.9658 3.0699, 0.877 -0.9851 3.069, 1.0013 -1.2204 2.9473, 0.9753 -1.2204 2.9538, 0.8221 -1.03 3.0665, 0.791 -1.0554 3.0652, 0.8339 -1.2205 2.9893, 0.7428 -1.0884 3.0632, 0.8113 -1.2205 2.995, 0.7121 -1.1095 3.0619, 0.7001 -1.1177 3.0614, 0.7066 -1.2205 3.017, 0.6595 -1.1409 3.0598, 0.6562 -1.2205 3.0276, 0.6047 -1.1721 3.0577, 0.5897 -1.2205 3.0387, 0.5724 -1.187 3.0565, 0.4999 -1.2204 3.0538, 1.1187 1.1124 3.0225, 1.1086 1.1239 3.0229, 0.8969 0.9658 3.1441, 1.0733 1.1557 3.0243, 0.8759 0.986 3.1451, 1.0013 1.2204 3.027, 0.822 1.0299 3.1475, 0.9751 1.2204 3.0349, 0.7875 1.058 3.149, 0.8496 1.2205 3.0728, 0.7428 1.0884 3.1509, 0.8335 1.2205 3.0772, 0.7121 1.1094 3.1521, 0.6967 1.1198 3.1528, 0.6595 1.1409 3.1543, 0.7058 1.2205 3.1121, 0.6009 1.1741 3.1566, 0.6968 1.2205 3.1146, 0.5725 1.1871 3.1577, 0.5905 1.2205 3.1393, 0.4999 1.2205 3.1604, -1.0715 1.1541 3.056, -0.9007 0.9621 2.9364, -1.1174 1.1108 3.0578, -0.9558 0.9088 2.9391, -1.1572 1.0731 3.0594, -0.9666 0.8964 2.9396, -1.162 1.0686 3.0596, -1.0283 0.8259 2.9429, -1.2315 0.9815 3.0628, -1.0312 0.8219 2.943, -1.2337 0.9788 3.0629, -1.0597 0.7832 2.9447, -1.2998 0.896 3.0659, -1.0897 0.7425 2.9464, -1.3041 0.8887 3.0662, -1.0935 0.7374 2.9466, -1.3355 0.8355 3.0679, -1.1417 0.6588 2.9497, -1.3641 0.7871 3.0695, -1.1531 0.6403 2.9504, -1.4112 0.7075 3.0722, -1.1839 0.5787 2.9527, -1.4209 0.6841 3.0729, -1.1875 0.5716 2.953, -1.4218 0.6819 3.073, -1.2028 0.541 2.9542, -1.4663 0.5752 3.0763, -1.2267 0.4813 2.9564, -1.4897 0.5191 3.078, -1.2438 0.4387 2.958, -1.4959 0.5042 3.0785, -1.2592 0.3884 2.9598, -1.5063 0.4647 3.0796, -1.2694 0.3551 2.961, -1.5361 0.3505 3.083, -1.276 0.3336 2.9618, -1.2847 0.2932 2.9632, -1.5364 0.3492 3.0831, -1.3 0.2222 2.9658, -1.5518 0.2904 3.0848, -1.5582 0.235 3.0864, -1.3033 0.1965 2.9666, -1.565 0.1757 3.0881, -1.3132 0.1197 2.9693, -1.5717 0.1177 3.0898, -1.3141 0.1121 2.9696, -1.3147 0.0985 2.97, -1.5769 0.0726 3.0911, -1.3189 0.002 2.9733, -1.5752 0.0001 3.0931, -1.3188 0.0 2.9733, -1.5752 0.0001 3.0931, -1.3149 -0.0985 2.9766, -1.5723 -0.1178 3.0965, -1.3145 -0.1078 2.977, -1.5716 -0.1484 3.0974, -1.313 -0.1197 2.9774, -1.567 -0.1759 3.0982, -1.3034 -0.1963 2.98, -1.5574 -0.2345 3.0999, -1.3003 -0.2209 2.9808, -1.5383 -0.3499 3.1032, -1.5382 -0.3508 3.1033, -1.2849 -0.293 2.9834, -1.5356 -0.3665 3.1037, -1.2771 -0.3295 2.9847, -1.2693 -0.3551 2.9856, -1.505 -0.4638 3.1066, -1.2593 -0.3881 2.9868, -1.4878 -0.5187 3.1083, -1.2451 -0.4349 2.9885, -1.4697 -0.5762 3.11, -1.2268 -0.4811 2.9902, -1.4696 -0.5763 3.11, -1.4199 -0.681 3.1133, -1.2046 -0.537 2.9923, -1.419 -0.6829 3.1134, -1.1875 -0.5714 2.9936, -1.1839 -0.5786 2.9939, -1.3757 -0.7741 3.1163, -1.1537 -0.639 2.9962, -1.3664 -0.7883 3.1168, -1.1417 -0.6587 2.997, -1.3354 -0.8353 3.1184, -1.0959 -0.7338 2.9999, -1.3015 -0.8869 3.1201, -1.0896 -0.7424 3.0003, -1.2542 -0.9587 3.1226, -1.0597 -0.7832 3.002, -1.2353 -0.9802 3.1234, -1.0314 -0.8219 3.0036, -1.0308 -0.8227 3.0036, -1.1552 -1.0711 3.1269, -1.2332 -0.9826 3.1235, -0.9669 -0.8964 3.007, -0.9588 -0.9057 3.0074, -1.1187 -1.1124 3.1285, -0.9007 -0.9621 3.0102, -1.1085 -1.124 3.1289, -0.8969 -0.9657 3.0104, -1.0734 -1.1556 3.1302, -0.877 -0.9851 3.0114, -1.0013 -1.2203 3.133, -0.9754 -1.2204 3.1265, -0.8222 -1.0299 3.0138, -0.791 -1.0554 3.0152, -0.8332 -1.2205 3.0906, -0.7429 -1.0884 3.0172, -0.8306 -1.2205 3.09, -0.7121 -1.1095 3.0185, -0.7001 -1.1177 3.019, -0.7069 -1.2205 3.0636, -0.6595 -1.1409 3.0206, -0.6586 -1.2205 3.0533, -0.6047 -1.1721 3.0227, -0.5898 -1.2205 3.0417, -0.5725 -1.187 3.0239, -0.4999 -1.2205 3.0266, -0.6968 1.1198 2.9275, -0.7121 1.1094 2.9281, -0.8334 1.2205 3.003, -0.7428 1.0885 2.9294, -0.8473 1.2205 3.0067, -0.7876 1.0579 2.9312, -0.9749 1.2204 3.0453, -0.8219 1.03 2.9328, -1.0013 1.2204 3.0533, -0.8759 0.986 2.9352, -0.8967 0.9659 2.9362, -0.6595 1.1409 2.926, -0.7059 1.2205 2.9683, -0.6009 1.1741 2.9238, -0.692 1.2205 2.9645, -0.5725 1.1871 2.9227, -0.5903 1.2204 2.9409, -0.4999 1.2203 2.9199
            ]
        }
        coordIndex [
            0,1,2,-1,2,1,3,-1,2,3,4,-1,3,5,4,-1,4,5,6,-1,4,6,7,-1,7,6,8,-1,7,8,9,-1,9,8,10,-1,8,11,10,-1,10,11,12,-1,10,12,13,-1,13,12,14,-1,13,14,15,-1,15,14,16,-1,14,17,16,-1,16,17,18,-1,16,18,19,-1,19,18,20,-1,19,20,21,-1,21,20,22,-1,21,22,23,-1,23,22,24,-1,23,24,25,-1,25,24,26,-1,25,26,27,-1,27,26,28,-1,26,29,28,-1,28,29,30,-1,28,30,31,-1,31,30,32,-1,31,32,33,-1,33,32,34,-1,33,34,35,-1,35,34,36,-1,35,36,37,-1,37,36,38,-1,37,38,39,-1,39,38,40,-1,39,40,41,-1,41,40,42,-1,41,42,43,-1,43,42,44,-1,43,44,45,-1,46,47,48,-1,48,47,49,-1,48,49,50,-1,50,49,51,-1,50,51,52,-1,52,51,53,-1,52,53,54,-1,54,53,45,-1,54,45,55,-1,55,45,44,-1,56,57,58,-1,58,57,59,-1,58,59,60,-1,57,61,59,-1,59,61,47,-1,59,47,60,-1,60,47,46,-1,58,62,56,-1,56,62,63,-1,56,63,64,-1,64,63,65,-1,64,65,66,-1,66,65,67,-1,66,67,68,-1,68,67,69,-1,69,67,70,-1,69,70,71,-1,71,70,72,-1,71,72,73,-1,72,74,73,-1,73,74,75,-1,73,75,76,-1,76,75,77,-1,76,77,78,-1,78,77,79,-1,78,79,80,-1,80,79,81,-1,80,81,82,-1,82,81,83,-1,82,83,84,-1,84,83,85,-1,84,85,86,-1,86,85,87,-1,86,87,88,-1,88,87,89,-1,89,87,90,-1,89,90,91,-1,90,92,91,-1,91,92,93,-1,91,93,94,-1,94,93,95,-1,94,95,96,-1,95,97,96,-1,96,97,98,-1,96,98,99,-1,99,98,100,-1,98,101,100,-1,100,101,102,-1,100,102,103,-1,103,102,104,-1,103,104,105,-1,104,106,105,-1,105,106,107,-1,105,107,108,-1,108,107,109,-1,108,109,110,-1,110,109,111,-1,110,111,112,-1,112,111,113,-1,112,113,114,-1,2,115,0,-1,0,115,116,-1,0,116,117,-1,117,116,118,-1,117,118,119,-1,119,118,120,-1,119,120,121,-1,121,120,122,-1,121,122,123,-1,123,122,124,-1,123,124,125,-1,125,124,126,-1,125,126,127,-1,127,126,128,-1,128,126,129,-1,129,126,130,-1,129,130,131,-1,131,130,132,-1,131,132,133,-1,133,132,134,-1,133,134,135,-1,136,137,138,-1,138,137,139,-1,138,139,140,-1,140,139,141,-1,140,141,142,-1,142,141,143,-1,142,143,144,-1,144,143,145,-1,144,145,146,-1,146,145,147,-1,146,147,148,-1,148,147,149,-1,148,149,150,-1,150,149,151,-1,150,151,152,-1,152,151,153,-1,152,153,154,-1,154,153,155,-1,154,155,156,-1,156,155,157,-1,156,157,158,-1,158,157,159,-1,158,159,160,-1,160,159,161,-1,160,161,162,-1,162,161,163,-1,162,163,164,-1,164,163,165,-1,164,165,166,-1,166,165,167,-1,166,167,168,-1,168,167,169,-1,168,169,170,-1,169,171,170,-1,170,171,172,-1,170,172,173,-1,173,172,174,-1,173,174,175,-1,175,174,176,-1,176,174,177,-1,176,177,178,-1,178,177,179,-1,178,179,180,-1,179,181,180,-1,180,181,182,-1,180,182,183,-1,183,182,184,-1,183,184,185,-1,185,184,186,-1,185,186,187,-1,187,186,188,-1,187,188,189,-1,189,188,190,-1,189,190,191,-1,191,190,192,-1,191,192,193,-1,193,192,194,-1,193,194,195,-1,195,194,196,-1,195,196,197,-1,197,196,198,-1,198,196,199,-1,198,199,200,-1,199,201,200,-1,200,201,202,-1,200,202,203,-1,203,202,204,-1,203,204,205,-1,205,204,206,-1,205,206,207,-1,207,206,208,-1,207,208,209,-1,209,208,210,-1,210,208,211,-1,210,211,212,-1,211,213,212,-1,212,213,214,-1,212,214,215,-1,215,214,216,-1,215,216,217,-1,217,216,218,-1,217,218,219,-1,219,218,220,-1,219,220,221,-1,221,220,222,-1,221,222,223,-1,223,222,224,-1,223,224,225,-1,225,224,226,-1,227,228,226,-1,226,228,229,-1,226,229,225,-1,227,230,228,-1,228,230,231,-1,228,231,232,-1,232,231,233,-1,232,233,234,-1,234,233,235,-1,234,235,236,-1,236,235,237,-1,236,237,238,-1,238,237,239,-1,237,240,239,-1,239,240,241,-1,239,241,242,-1,242,241,243,-1,242,243,244,-1,243,245,244,-1,244,245,246,-1,244,246,247,-1,247,246,248,-1,247,248,249,-1,249,248,250,-1,249,250,251,-1,251,250,252,-1,251,252,253,-1,254,255,256,-1,256,255,257,-1,256,257,258,-1,258,257,259,-1,258,259,260,-1,260,259,261,-1,260,261,262,-1,262,261,263,-1,262,263,136,-1,136,263,264,-1,136,264,137,-1,254,256,265,-1,265,256,266,-1,265,266,267,-1,267,266,268,-1,267,268,269,-1,269,268,270,-1,269,270,271,-1,
        ]
    }
}
Shape{
    appearance Appearance {
        material  Material 	{
            diffuseColor 1.0 1.0 0.9490196078431372
            specularColor 0.5019607843137255 0.5019607843137255 0.4745098039215686
            ambientIntensity 0.9942
            transparency 0.0
            shininess 0.5
        }
    }
    geometry IndexedFaceSet {
        ccw TRUE
        solid FALSE
        coord DEF co Coordinate {
            point [
                0.0433 -1.4991 3.1858, 0.0433 -1.6337 3.1858, 0.0433 -1.4991 3.1465, 0.0433 -1.6337 3.1465, 0.0805 -1.6337 3.1858, 0.0805 -1.6337 3.1465, 0.1077 -1.6311 3.1858, 0.1077 -1.6311 3.1465, 0.0967 -1.633 3.1465, 0.0967 -1.633 3.1858, 0.1242 -1.6212 3.1858, 0.1242 -1.6212 3.1465, 0.116 -1.6274 3.1465, 0.116 -1.6274 3.1858, 0.1371 -1.6004 3.1858, 0.1371 -1.6004 3.1465, 0.1308 -1.6133 3.1465, 0.1308 -1.6133 3.1858, 0.1418 -1.568 3.1858, 0.1418 -1.568 3.1465, 0.1406 -1.5856 3.1465, 0.1406 -1.5856 3.1858, 0.134 -1.5262 3.1858, 0.134 -1.5262 3.1465, 0.1398 -1.5447 3.1465, 0.1398 -1.5447 3.1858, 0.1143 -1.5046 3.1858, 0.1143 -1.5046 3.1465, 0.121 -1.5087 3.1465, 0.121 -1.5087 3.1858, 0.1272 -1.515 3.1465, 0.1272 -1.515 3.1858, 0.081 -1.4991 3.1858, 0.081 -1.4991 3.1465, 0.0854 -1.4992 3.1465, 0.0854 -1.4992 3.1858, 0.1033 -1.5011 3.1465, 0.1033 -1.5011 3.1858, 0.2288 -1.5508 3.1858, 0.2483 -1.6024 3.1858, 0.2288 -1.5508 3.1465, 0.2483 -1.6024 3.1465, 0.2575 -1.6361 3.1858, 0.2575 -1.6361 3.1465, 0.2535 -1.6184 3.1465, 0.2535 -1.6184 3.1858, 0.2702 -1.5994 3.1858, 0.2702 -1.5994 3.1465, 0.2626 -1.6203 3.1465, 0.2626 -1.6203 3.1858, 0.2887 -1.5508 3.1858, 0.2887 -1.5508 3.1465
            ]
        }
        coordIndex [
            0,1,2,-1,2,1,3,-1,1,4,3,-1,3,4,5,-1,6,7,8,-1,6,8,9,-1,9,8,5,-1,9,5,4,-1,10,11,12,-1,10,12,13,-1,13,12,7,-1,13,7,6,-1,14,15,16,-1,14,16,17,-1,17,16,11,-1,17,11,10,-1,18,19,20,-1,18,20,21,-1,21,20,15,-1,21,15,14,-1,22,23,24,-1,22,24,25,-1,25,24,19,-1,25,19,18,-1,26,27,28,-1,26,28,29,-1,29,28,30,-1,29,30,31,-1,31,30,23,-1,31,23,22,-1,32,33,34,-1,32,34,35,-1,35,34,36,-1,35,36,37,-1,37,36,27,-1,37,27,26,-1,32,0,33,-1,33,0,2,-1,38,39,40,-1,40,39,41,-1,42,43,44,-1,42,44,45,-1,45,44,41,-1,45,41,39,-1,46,47,48,-1,46,48,49,-1,49,48,43,-1,49,43,42,-1,46,50,47,-1,47,50,51,-1,50,38,51,-1,51,38,40,-1,
        ]
    }
}
Shape{
    appearance Appearance {
        material  Material 	{
            diffuseColor 0.29411764705882354 0.29411764705882354 0.29411764705882354
            specularColor 0.14901960784313725 0.14901960784313725 0.14901960784313725
            ambientIntensity 0.2941
            transparency 0.0
            shininess 0.5
        }
    }
    geometry IndexedFaceSet {
        ccw TRUE
        solid FALSE
        coord DEF co Coordinate {
            point [
                -0.4999 -1.2203 1.3179, -0.4999 -1.2203 1.3258, -0.5725 -1.1871 1.3151, -0.5724 -1.187 1.3231, -0.6009 -1.1741 1.3141, -0.6047 -1.1721 1.3219, -0.6594 -1.1409 1.3118, -0.6594 -1.1409 1.3197, -0.6968 -1.1198 1.3103, -0.7002 -1.1177 1.3181, -0.7121 -1.1094 1.3097, -0.7121 -1.1095 1.3176, -0.7427 -1.0885 1.3084, -0.7427 -1.0885 1.3163, -0.7876 -1.0579 1.3065, -0.791 -1.0553 1.3143, -0.8219 -1.03 1.305, -0.822 -1.0301 1.313, -0.876 -0.986 1.3025, -0.877 -0.985 1.3106, -0.8967 -0.9659 1.3015, -0.8967 -0.9659 1.3097, -0.9007 -0.9621 1.3013, -0.9007 -0.9621 1.3095, -0.9558 -0.9088 1.2987, -0.9588 -0.9057 1.3068, -0.9667 -0.8964 1.2981, -0.9667 -0.8965 1.3063, -1.0283 -0.8259 1.2949, -1.0308 -0.8227 1.303, -1.0312 -0.8219 1.2948, -1.0314 -0.822 1.303, -1.0597 -0.7832 1.2931, -1.0597 -0.7832 1.3013, -1.0897 -0.7425 1.2914, -1.0896 -0.7424 1.2995, -1.0935 -0.7374 1.2912, -1.0959 -0.7338 1.2992, -1.1417 -0.6588 1.2881, -1.1417 -0.6588 1.2961, -1.1531 -0.6402 1.2874, -1.1538 -0.639 1.2953, -1.1839 -0.5787 1.2851, -1.1839 -0.5786 1.293, -1.1875 -0.5716 1.2848, -1.1874 -0.5716 1.2927, -1.2029 -0.541 1.2836, -1.2046 -0.537 1.2914, -1.2267 -0.4813 1.2814, -1.2267 -0.4813 1.2893, -1.2438 -0.4387 1.2798, -1.2451 -0.4349 1.2877, -1.2592 -0.3884 1.2779, -1.2592 -0.3884 1.286, -1.2694 -0.3551 1.2767, -1.2693 -0.3551 1.2849, -1.276 -0.3336 1.276, -1.2771 -0.3294 1.284, -1.2847 -0.2932 1.2745, -1.2848 -0.2932 1.2827, -1.3 -0.2222 1.272, -1.3003 -0.2208 1.2802, -1.3033 -0.1964 1.2711, -1.3033 -0.1965 1.2794, -1.3131 -0.1197 1.2685, -1.313 -0.1197 1.2767, -1.3141 -0.1121 1.2683, -1.3145 -0.1077 1.2763, -1.3147 -0.0985 1.2678, -1.3149 -0.0985 1.276, -1.3189 -0.002 1.2646, -1.3188 -0.0 1.2725, -1.3188 -0.0 1.2645, -1.3189 0.002 1.2725, -1.3149 0.0985 1.2612, -1.3147 0.0985 1.2691, -1.3145 0.1078 1.2609, -1.3141 0.1121 1.2686, -1.313 0.1197 1.2605, -1.3132 0.1197 1.2684, -1.3034 0.1963 1.2578, -1.3034 0.1963 1.2657, -1.3003 0.2209 1.257, -1.3 0.2223 1.2648, -1.2849 0.293 1.2544, -1.2848 0.293 1.2624, -1.2771 0.3295 1.2531, -1.276 0.3337 1.261, -1.2693 0.3551 1.2521, -1.2694 0.3551 1.2602, -1.2593 0.3881 1.2509, -1.2593 0.3881 1.2591, -1.2451 0.4349 1.2492, -1.2438 0.4387 1.2573, -1.2268 0.4811 1.2475, -1.2268 0.4811 1.2557, -1.2046 0.5371 1.2455, -1.2028 0.541 1.2535, -1.1874 0.5715 1.2442, -1.1875 0.5715 1.2524, -1.1839 0.5786 1.2439, -1.1839 0.5787 1.2521, -1.1537 0.639 1.2416, -1.153 0.6403 1.2497, -1.1417 0.6588 1.2408, -1.1417 0.6587 1.249, -1.0959 0.7338 1.2379, -1.0935 0.7375 1.2457, -1.0896 0.7424 1.2375, -1.0898 0.7425 1.2455, -1.0597 0.7832 1.2358, -1.0597 0.7832 1.2438, -1.0314 0.8219 1.2342, -1.0313 0.8218 1.2421, -1.0308 0.8228 1.2342, -1.0283 0.8259 1.2419, -0.9669 0.8963 1.2308, -0.9668 0.8963 1.2387, -0.9587 0.9057 1.2304, -0.9558 0.9089 1.2382, -0.9007 0.9621 1.2276, -0.9007 0.9621 1.2356, -0.8969 0.9657 1.2274, -0.8969 0.9657 1.2354, -0.877 0.9851 1.2264, -0.8759 0.986 1.2344, -0.8222 1.0299 1.2239, -0.8221 1.0298 1.2321, -0.791 1.0554 1.2225, -0.7875 1.058 1.2306, -0.7429 1.0884 1.2205, -0.7429 1.0884 1.2288, -0.7121 1.1095 1.2193, -0.7121 1.1094 1.2275, -0.7001 1.1177 1.2188, -0.6967 1.1198 1.2269, -0.6595 1.1409 1.2172, -0.6595 1.1409 1.2254, -0.6047 1.1721 1.2151, -0.6008 1.1741 1.223, -0.5724 1.187 1.2139, -0.5725 1.1871 1.222, -0.4999 1.2205 1.2112, -0.4999 1.2205 1.2192, 1.0716 1.1538 1.04, 0.8969 0.9657 1.1599, 1.1171 1.1106 1.0382, 0.9557 0.9089 1.1571, 1.1572 1.0727 1.0366, 0.9668 0.8963 1.1566, 1.1616 1.0685 1.0365, 1.0283 0.8259 1.1533, 1.2313 0.9812 1.0333, 1.0313 0.8218 1.1531, 1.2335 0.9786 1.0332, 1.0512 0.7948 1.152, 1.2997 0.8958 1.0301, 1.0898 0.7425 1.1497, 1.304 0.8885 1.0299, 1.0934 0.7375 1.1495, 1.3355 0.8353 1.0281, 1.1417 0.6587 1.1463, 1.3641 0.787 1.0265, 1.153 0.6403 1.1455, 1.4124 0.7053 1.0238, 1.1781 0.5902 1.1436, 1.4212 0.684 1.0231, 1.1876 0.5715 1.1429, 1.4221 0.682 1.0231, 1.2028 0.5411 1.1417, 1.4664 0.575 1.0198, 1.2268 0.4811 1.1395, 1.4896 0.5191 1.018, 1.2438 0.4388 1.138, 1.4962 0.5031 1.0175, 1.2593 0.3881 1.1362, 1.5063 0.4643 1.0164, 1.2661 0.3661 1.1355, 1.5359 0.3501 1.013, 1.276 0.3337 1.1343, 1.2848 0.293 1.1329, 1.5362 0.3492 1.013, 1.3 0.2223 1.1305, 1.5511 0.2917 1.0113, 1.5578 0.2347 1.0097, 1.3034 0.1963 1.1296, 1.5647 0.1755 1.0079, 1.3119 0.1297 1.1272, 1.5715 0.1176 1.0063, 1.3141 0.1122 1.1266, 1.3147 0.0985 1.1261, 1.5768 0.0721 1.005, 1.3189 0.0021 1.1228, 1.5752 0.0 1.0029, 1.3188 -0.0 1.1227, 1.5752 -0.0001 1.0029, 1.3149 -0.0986 1.1193, 1.5725 -0.1179 0.9995, 1.3145 -0.1077 1.119, 1.5718 -0.1475 0.9987, 1.3141 -0.1111 1.1188, 1.5671 -0.1759 0.9979, 1.5574 -0.2347 0.9962, 1.3033 -0.1965 1.1159, 1.3003 -0.2208 1.1151, 1.5383 -0.3499 0.9928, 1.5381 -0.3511 0.9928, 1.2848 -0.2933 1.1126, 1.5361 -0.3635 0.9924, 1.2771 -0.3294 1.1113, 1.2714 -0.3482 1.1107, 1.5047 -0.4641 0.9894, 1.2592 -0.3884 1.1093, 1.4876 -0.5187 0.9878, 1.2452 -0.4348 1.1077, 1.471 -0.5719 0.9862, 1.2267 -0.4813 1.1059, 1.4689 -0.5763 0.986, 1.4196 -0.681 0.9827, 1.2046 -0.537 1.1039, 1.4187 -0.6829 0.9827, 1.1874 -0.5715 1.1026, 1.1864 -0.5735 1.1025, 1.3768 -0.7719 0.9799, 1.1538 -0.639 1.0999, 1.3661 -0.7882 0.9793, 1.1417 -0.6588 1.0991, 1.3352 -0.8354 0.9777, 1.0959 -0.7338 1.0961, 1.3015 -0.8869 0.9759, 1.0896 -0.7425 1.0957, 1.2555 -0.9571 0.9735, 1.0623 -0.7797 1.0941, 1.2352 -0.9802 0.9726, 1.0313 -0.822 1.0923, 1.0309 -0.8227 1.0923, 1.155 -1.0713 0.9692, 1.233 -0.9827 0.9725, 0.9667 -0.8966 1.0889, 0.9588 -0.9056 1.0885, 1.1188 -1.1125 0.9676, 0.9028 -0.9601 1.0859, 1.1108 -1.1215 0.9673, 0.8967 -0.9659 1.0856, 1.0729 -1.1557 0.9658, 0.8771 -0.985 1.0847, 1.0013 -1.2203 0.963, 0.975 -1.2204 0.9697, 0.822 -1.0301 1.0823, 0.7911 -1.0553 1.081, 0.8329 -1.2205 1.0057, 0.7428 -1.0885 1.079, 0.8307 -1.2205 1.0063, 0.7133 -1.1087 1.0777, 0.7002 -1.1177 1.0772, 0.7068 -1.2205 1.0326, 0.6595 -1.1409 1.0756, 0.6588 -1.2205 1.0428, 0.6048 -1.1721 1.0734, 0.5897 -1.2204 1.0544, 0.5724 -1.1869 1.0722, 0.4999 -1.2203 1.0695, 0.6967 1.1198 1.1684, 0.6978 1.1191 1.1684, 0.8337 1.2205 1.0928, 0.7429 1.0884 1.1665, 0.847 1.2205 1.0892, 0.7875 1.058 1.1647, 0.9753 1.2204 1.0506, 0.8221 1.0298 1.1632, 1.0013 1.2204 1.0428, 0.8759 0.9861 1.1609, 0.8893 0.9731 1.1602, 0.6596 1.1409 1.1699, 0.7066 1.2205 1.1272, 0.6008 1.1741 1.1722, 0.6744 1.2205 1.1359, 0.5725 1.1871 1.1733, 0.5901 1.2205 1.1553, 0.4999 1.2205 1.1761, 0.9601 0.8753 4.4654, 1.3389 1.443 4.4654, 0.783 1.0368 4.4654, 1.1089 1.6265 4.4654, 0.5791 1.163 4.4654, 0.8541 1.7736 4.4654, 0.3555 1.2496 4.4654, 0.5802 1.881 4.4654, 0.1199 1.2937 4.4654, 0.783 -1.0368 4.4654, 1.3389 -1.443 4.4654, 0.9601 -0.8753 4.4654, 1.539 -1.2273 4.4654, 1.1046 -0.6839 4.4654, 1.7048 -0.9843 4.4654, 1.2115 -0.4693 4.4654, 1.8324 -0.7192 4.4654, 1.2771 -0.2387 4.4654, 1.9191 -0.438 4.4654, 1.963 -0.1471 4.4654, 1.2992 0.0 4.4654, 1.963 0.1471 4.4654, 1.2771 0.2387 4.4654, 1.9191 0.438 4.4654, 1.2115 0.4693 4.4654, 1.8324 0.7192 4.4654, 1.1046 0.6839 4.4654, 1.7048 0.9843 4.4654, 1.539 1.2273 4.4654, -0.1199 -1.2937 4.4654, 0.0 -1.9685 4.4654, 0.1199 -1.2937 4.4654, 0.2934 -1.9465 4.4654, 0.3555 -1.2496 4.4654, 0.5802 -1.881 4.4654, 0.5791 -1.163 4.4654, 0.8541 -1.7736 4.4654, 1.1089 -1.6265 4.4654, -0.9601 -0.8753 4.4654, -1.3389 -1.443 4.4654, -0.783 -1.0368 4.4654, -1.1089 -1.6265 4.4654, -0.5791 -1.163 4.4654, -0.8541 -1.7736 4.4654, -0.3555 -1.2496 4.4654, -0.5802 -1.881 4.4654, -0.2934 -1.9465 4.4654, -1.2771 0.2387 4.4654, -1.963 0.1471 4.4654, -1.2992 0.0 4.4654, -1.963 -0.1471 4.4654, -1.2771 -0.2387 4.4654, -1.9191 -0.438 4.4654, -1.2115 -0.4693 4.4654, -1.8324 -0.7192 4.4654, -1.1046 -0.6839 4.4654, -1.7048 -0.9843 4.4654, -1.539 -1.2273 4.4654, -0.783 1.0368 4.4654, -1.3389 1.443 4.4654, -0.9601 0.8753 4.4654, -1.539 1.2273 4.4654, -1.1046 0.6839 4.4654, -1.7048 0.9843 4.4654, -1.2115 0.4693 4.4654, -1.8324 0.7192 4.4654, -1.9191 0.438 4.4654, 0.2934 1.9465 4.4654, 0.0 1.9685 4.4654, -0.1199 1.2937 4.4654, -0.2934 1.9465 4.4654, -0.3555 1.2496 4.4654, -0.5802 1.881 4.4654, -0.5791 1.163 4.4654, -0.8541 1.7736 4.4654, -1.1089 1.6265 4.4654, 0.4999 1.2205 3.1604, 0.4999 1.2203 3.1683, 0.5725 1.1871 3.1577, 0.6047 1.1721 3.1644, 0.6009 1.1741 3.1566, 0.6338 1.1555 3.1633, 0.6595 1.1409 3.1543, 0.7002 1.1177 3.1606, 0.877 0.985 3.1531, 0.822 1.0299 3.1475, 0.791 1.0553 3.1568, 0.7875 1.058 3.149, 0.7736 1.0673 3.1575, 0.7428 1.0884 3.1509, 0.7121 1.1095 3.1601, 0.7121 1.1094 3.1521, 0.6967 1.1198 3.1528, 1.0597 0.7832 3.1438, 1.0313 0.8219 3.1374, 1.0309 0.8227 3.1455, 1.0283 0.8259 3.1376, 1.0147 0.8413 3.1464, 0.9588 0.9056 3.1493, 0.9667 0.8963 3.1408, 0.9558 0.9088 3.1414, 0.9007 0.962 3.152, 0.9007 0.9621 3.144, 0.9007 0.9621 3.152, 0.8969 0.9658 3.1441, 0.8759 0.986 3.1451, 1.1538 0.639 3.1378, 1.1417 0.6588 3.1306, 1.1131 0.7056 3.1406, 1.0935 0.7374 3.1338, 1.0959 0.7338 3.1417, 1.0897 0.7425 3.134, 1.0597 0.7832 3.1358, 1.2451 0.4348 3.1301, 1.2268 0.4812 3.1239, 1.2046 0.537 3.1339, 1.2028 0.541 3.1261, 1.1938 0.5586 3.1347, 1.1875 0.5715 3.1273, 1.1839 0.5786 3.1355, 1.1839 0.5787 3.1275, 1.1531 0.6403 3.1299, 1.313 0.1197 3.1192, 1.3033 0.1964 3.1138, 1.3003 0.2208 3.1227, 1.3 0.2222 3.1147, 1.2951 0.2452 3.1235, 1.2847 0.2931 3.1172, 1.2771 0.3294 3.1264, 1.276 0.3336 3.1186, 1.2693 0.3551 3.1273, 1.2694 0.3551 3.1194, 1.2541 0.4052 3.1291, 1.2593 0.3882 3.1206, 1.2438 0.4387 3.1224, 1.3189 -0.0021 3.115, 1.3189 0.002 3.1071, 1.3156 0.0795 3.1178, 1.3147 0.0985 3.1104, 1.3145 0.1077 3.1188, 1.3141 0.1121 3.1109, 1.3132 0.1197 3.1111, 1.276 -0.3337 3.1035, 1.2848 -0.2931 3.097, 1.2936 -0.2522 3.1063, 1.3003 -0.2209 3.0995, 1.3 -0.2223 3.1073, 1.3033 -0.1964 3.1003, 1.3132 -0.1197 3.1109, 1.313 -0.1197 3.1029, 1.3141 -0.1121 3.1112, 1.3145 -0.1078 3.1034, 1.3151 -0.0884 3.112, 1.3149 -0.0985 3.1037, 1.3188 -0.0 3.107, 1.2028 -0.541 3.0961, 1.2268 -0.4812 3.0902, 1.2438 -0.4388 3.0998, 1.2451 -0.4349 3.0919, 1.252 -0.412 3.1007, 1.2593 -0.3882 3.0936, 1.2694 -0.3551 3.1027, 1.2693 -0.3551 3.0948, 1.2771 -0.3295 3.0957, 1.0934 -0.7375 3.0883, 1.0959 -0.7338 3.0804, 1.1087 -0.7127 3.0893, 1.1417 -0.6588 3.0834, 1.153 -0.6403 3.0922, 1.1537 -0.639 3.0842, 1.1839 -0.5787 3.0946, 1.1839 -0.5786 3.0865, 1.1902 -0.5661 3.0951, 1.1874 -0.5715 3.0868, 1.2046 -0.537 3.0881, 0.9557 -0.9089 3.0807, 0.9588 -0.9057 3.0729, 0.9668 -0.8964 3.0733, 1.0093 -0.8476 3.0835, 1.0308 -0.8227 3.0767, 1.0283 -0.8259 3.0844, 1.0314 -0.822 3.0767, 1.0597 -0.7832 3.0863, 1.0597 -0.7832 3.0784, 1.0896 -0.7424 3.0801, 0.9007 -0.9621 3.0701, 0.906 -0.957 3.0783, 0.9007 -0.9621 3.0781, 0.7121 -1.1094 3.07, 0.7428 -1.0884 3.0632, 0.7797 -1.0633 3.0728, 0.791 -1.0554 3.0652, 0.7875 -1.058 3.0731, 0.8221 -1.03 3.0665, 0.8759 -0.9861 3.0769, 0.877 -0.9851 3.069, 0.8968 -0.9658 3.0699, 0.4999 -1.2205 3.0617, 0.4999 -1.2204 3.0538, 0.5724 -1.187 3.0565, 0.6008 -1.1741 3.0656, 0.6047 -1.1721 3.0577, 0.6387 -1.1527 3.0671, 0.6595 -1.1409 3.0598, 0.6967 -1.1198 3.0694, 0.7001 -1.1177 3.0614, 0.7121 -1.1095 3.0619, -1.3664 -0.7883 3.1168, -1.3354 -0.8353 3.1184, -1.3408 -0.8388 3.1201, -1.1552 -1.0711 3.1269, -1.1187 -1.1124 3.1285, -1.1216 -1.1152 3.1302, -1.4935 -0.5206 3.11, -1.426 -0.6839 3.115, -1.4283 -0.685 3.1173, -1.4209 0.6841 3.0729, -1.4218 0.6819 3.073, -1.426 0.6838 3.0747, -1.0178 1.2205 3.0769, -1.127 1.1205 3.0811, -1.126 1.1196 3.0845, -1.0031 1.2205 3.0539, -1.0013 1.2204 3.0533, -1.0715 1.1541 3.056, -1.0191 -1.2205 3.1505, -1.0188 -1.2205 3.1526, -1.1275 -1.1211 3.1485, -1.1081 -1.1245 3.1647, -1.1187 -1.1124 3.1642, -1.1212 -1.1148 3.1628, -1.141 1.0884 3.0945, -1.1173 1.1108 3.0936, -1.1212 1.1147 3.0922, -1.0014 1.2204 3.089, -1.1067 -1.1257 3.1647, -1.0032 -1.2205 3.1681, -1.0014 -1.2204 3.1688, -1.0049 -1.2205 3.1672, -1.1228 -1.1164 3.1611, -1.0083 -1.2205 3.1654, -1.0125 -1.2205 3.1626, -1.0119 -1.2205 3.1632, -1.0102 -1.2205 3.1644, -1.1246 -1.1182 3.1583, -1.1261 -1.1196 3.1551, -1.0159 -1.2205 3.1591, -1.0188 -1.2205 3.1533, -1.0185 -1.2205 3.1544, -1.127 -1.1206 3.1517, -1.0177 -1.2205 3.1559, -1.0167 -1.2205 3.1579, -1.019 -1.2205 3.1493, -1.1276 -1.1211 3.1452, -1.0184 -1.2205 3.1465, -1.0182 -1.2205 3.1461, -1.1272 -1.1208 3.1419, -1.0179 -1.2205 3.1453, -1.1263 -1.1199 3.1382, -1.016 -1.2205 3.1421, -1.0152 -1.2205 3.1412, -1.1249 -1.1185 3.1349, -1.0131 -1.2205 3.1393, -1.1234 -1.117 3.1324, -1.0113 -1.2205 3.1377, -1.0057 -1.2204 3.1348, -1.0082 -1.2205 3.1358, -1.0013 -1.2203 3.133, -1.0734 -1.1556 3.1302, -1.1085 -1.124 3.1289, -1.1174 1.1108 3.0578, -1.1216 1.1151 3.0596, -1.1572 1.0731 3.0594, -1.162 1.0686 3.0596, -1.0056 1.2205 3.0553, -1.1234 1.1169 3.0618, -1.0101 1.2205 3.0576, -1.1249 1.1184 3.0643, -1.1263 1.1198 3.0676, -1.0162 1.2205 3.0634, -1.0158 1.2205 3.0629, -1.013 1.2205 3.0601, -1.0118 1.2205 3.0588, -1.1272 1.1207 3.0713, -1.1275 1.121 3.0745, -1.0189 1.2205 3.0704, -1.0187 1.2205 3.0687, -1.0184 1.2205 3.0676, -1.0167 1.2205 3.0641, -1.0184 1.2205 3.0755, -1.0188 1.2205 3.0737, -1.1275 1.121 3.0778, -1.019 1.2205 3.0727, -1.0191 1.2205 3.0716, -1.0179 1.2205 3.0767, -1.1246 1.1181 3.0877, -1.0152 1.2205 3.0808, -1.016 1.2205 3.0799, -1.0049 1.2204 3.0876, -1.0082 1.2205 3.0862, -1.1228 1.1163 3.0905, -1.0113 1.2205 3.0843, -1.0124 1.2205 3.0833, -1.5746 -0.0251 3.1296, -1.5752 0.0001 3.1289, -1.581 -0.0 3.1275, -1.577 0.0721 3.1268, -1.5364 0.3492 3.1188, -1.5285 0.3794 3.1179, -1.5418 0.3505 3.1174, -1.4959 0.5043 3.1142, -1.565 0.1757 3.1239, -1.5647 0.1786 3.1238, -1.5712 0.1764 3.1225, -1.5518 0.2903 3.1205, -1.4256 0.6836 3.1074, -1.4218 0.6819 3.1087, -1.4113 0.7071 3.1079, -1.3808 0.7589 3.1062, -1.3405 0.8385 3.1023, -1.3356 0.8355 3.1037, -1.3 0.8958 3.1017, -1.2715 0.9314 3.1004, -1.2386 0.9828 3.0973, -1.2337 0.9788 3.0986, -1.1621 1.0685 3.0954, -1.493 0.5203 3.1124, -1.4897 0.5191 3.1138, -1.4669 0.5739 3.1121, -1.5783 0.1772 3.0979, -1.5894 -0.0 3.1066, -1.5796 0.1773 3.1016, -1.59 -0.0 3.1099, -1.5801 0.1774 3.1048, -1.5899 -0.0 3.1132, -1.58 0.1774 3.1081, -1.5892 -0.0 3.1164, -1.5794 0.1773 3.1114, -1.5878 -0.0 3.1198, -1.578 0.1771 3.1147, -1.5858 -0.0 3.123, -1.576 0.1769 3.118, -1.5832 -0.0 3.1258, -1.5734 0.1766 3.1208, -1.5469 0.3517 3.0895, -1.5488 0.3521 3.0929, -1.55 0.3524 3.0965, -1.5505 0.3525 3.0998, -1.5505 0.3525 3.1031, -1.5498 0.3524 3.1063, -1.5485 0.3521 3.1097, -1.5465 0.3516 3.1129, -1.544 0.351 3.1157, -1.4959 0.5213 3.082, -1.4979 0.522 3.0845, -1.4997 0.5227 3.0878, -1.5009 0.5231 3.0915, -1.5014 0.5233 3.0947, -1.5013 0.5232 3.098, -1.5007 0.523 3.1013, -1.4994 0.5226 3.1046, -1.4975 0.5219 3.1079, -1.4951 0.521 3.1107, -1.4284 0.685 3.0769, -1.4303 0.6859 3.0794, -1.432 0.6867 3.0828, -1.4332 0.6873 3.0864, -1.4336 0.6875 3.0897, -1.4335 0.6875 3.093, -1.4329 0.6872 3.0963, -1.4317 0.6866 3.0996, -1.4299 0.6857 3.1028, -1.4275 0.6846 3.1056, -1.5423 0.3507 3.0848, -1.5718 0.1764 3.0898, -1.5743 0.1767 3.0921, -1.5841 -0.0 3.0971, -1.5862 -0.0 3.0996, -1.239 0.9831 3.0646, -1.2411 0.9847 3.0668, -1.2427 0.986 3.0694, -1.2442 0.9872 3.0727, -1.2453 0.988 3.0763, -1.2457 0.9883 3.0796, -1.2456 0.9883 3.0829, -1.245 0.9879 3.0862, -1.244 0.987 3.0895, -1.2424 0.9858 3.0927, -1.2404 0.9842 3.0956, -1.565 0.1757 3.0881, -1.5717 0.1177 3.0898, -1.5769 0.0726 3.0911, -1.5815 -0.0 3.0949, -1.4663 0.5752 3.0763, -1.4897 0.5191 3.078, -1.4935 0.5205 3.0797, -1.4959 0.5042 3.0785, -1.5063 0.4647 3.0796, -1.5361 0.3505 3.083, -1.5449 0.3512 3.087, -1.5764 0.177 3.0946, -1.5882 -0.0 3.1029, -1.5364 0.3492 3.0831, -1.5518 0.2904 3.0848, -1.5582 0.235 3.0864, -1.3041 0.8887 3.0662, -1.3355 0.8355 3.0679, -1.3409 0.8387 3.0697, -1.3641 0.7871 3.0695, -1.4112 0.7075 3.0722, -1.3423 0.8396 3.1006, -1.3445 0.841 3.0978, -1.3463 0.8421 3.0945, -1.3474 0.8428 3.0912, -1.348 0.8432 3.0879, -1.3481 0.8432 3.0846, -1.3476 0.8429 3.0814, -1.3465 0.8423 3.0777, -1.3449 0.8412 3.0744, -1.3431 0.8401 3.0719, -1.2315 0.9815 3.0628, -1.2337 0.9788 3.0629, -1.2998 0.896 3.0659, -1.254 -0.959 3.1583, -1.2386 -0.9828 3.1578, -1.2421 -0.9724 3.1589, -1.2353 -0.9802 3.1592, -1.4199 -0.681 3.1491, -1.4486 -0.6208 3.1472, -1.4255 -0.6837 3.1477, -1.4695 -0.5768 3.1458, -1.493 -0.5204 3.1427, -1.4878 -0.5187 3.144, -1.5162 -0.4282 3.1413, -1.3754 -0.7746 3.152, -1.3404 -0.8385 3.1527, -1.3566 -0.8032 3.153, -1.3355 -0.8353 3.1541, -1.2455 -0.9884 3.1434, -1.245 -0.9879 3.1467, -1.2439 -0.9871 3.15, -1.2423 -0.9858 3.1533, -1.2403 -0.9842 3.1561, -1.348 -0.8432 3.1351, -1.3479 -0.8432 3.1384, -1.3473 -0.8428 3.1416, -1.3462 -0.8421 3.145, -1.3444 -0.841 3.1482, -1.3422 -0.8396 3.151, -1.4331 -0.6873 3.1268, -1.4336 -0.6875 3.13, -1.4335 -0.6875 3.1333, -1.4329 -0.6872 3.1366, -1.4317 -0.6866 3.1399, -1.4299 -0.6857 3.1432, -1.4275 -0.6846 3.146, -1.4998 -0.5227 3.1181, -1.501 -0.5232 3.1217, -1.5015 -0.5233 3.125, -1.5014 -0.5233 3.1283, -1.5007 -0.5231 3.1316, -1.4995 -0.5226 3.1349, -1.4976 -0.522 3.1381, -1.4951 -0.5211 3.1409, -1.5469 -0.3518 3.1097, -1.5488 -0.3522 3.113, -1.55 -0.3525 3.1167, -1.5505 -0.3526 3.1199, -1.5504 -0.3526 3.1232, -1.5498 -0.3524 3.1265, -1.5485 -0.3521 3.1299, -1.5465 -0.3517 3.1331, -1.5439 -0.3511 3.1359, -1.5418 -0.3506 3.1376, -1.5355 -0.3668 3.1395, -1.239 -0.9832 3.1251, -1.241 -0.9848 3.1274, -1.2427 -0.9861 3.1299, -1.2442 -0.9873 3.1332, -1.2452 -0.9881 3.1369, -1.2456 -0.9884 3.1401, -1.5743 -0.1768 3.1021, -1.5764 -0.177 3.1047, -1.5783 -0.1772 3.108, -1.5796 -0.1774 3.1116, -1.5801 -0.1774 3.1149, -1.58 -0.1774 3.1182, -1.5793 -0.1773 3.1215, -1.578 -0.1772 3.1248, -1.5759 -0.177 3.128, -1.5734 -0.1767 3.1309, -1.5712 -0.1764 3.1326, -1.5717 -0.1765 3.0999, -1.5423 -0.3507 3.105, -1.5448 -0.3513 3.1072, -1.496 -0.5214 3.1122, -1.498 -0.5221 3.1147, -1.4302 -0.6859 3.1198, -1.432 -0.6868 3.1231, -1.3475 -0.843 3.1318, -1.3464 -0.8423 3.1282, -1.3448 -0.8412 3.1248, -1.343 -0.8401 3.1223, -1.3015 -0.8869 3.1201, -1.2542 -0.9587 3.1226, -1.2353 -0.9802 3.1234, -1.2332 -0.9826 3.1235, -1.505 -0.4638 3.1066, -1.4878 -0.5187 3.1083, -1.4697 -0.5762 3.11, -1.4696 -0.5763 3.11, -1.5382 -0.3508 3.1033, -1.5356 -0.3665 3.1037, -1.5716 -0.1484 3.0974, -1.567 -0.1759 3.0982, -1.5574 -0.2345 3.0999, -1.5383 -0.3499 3.1032, -1.4199 -0.681 3.1133, -1.419 -0.6829 3.1134, -1.3757 -0.7741 3.1163, -1.5383 -0.3499 3.139, -1.5583 -0.2285 3.1355, -1.567 -0.1759 3.1339, -1.5715 -0.1487 3.1332, -1.5752 0.0001 3.0931, -1.5752 0.0001 3.0931, -1.5723 -0.1178 3.0965
            ]
        }
        coordIndex [
            0,1,2,-1,2,1,3,-1,2,3,4,-1,4,3,5,-1,4,5,6,-1,6,5,7,-1,6,7,8,-1,8,7,9,-1,8,9,10,-1,10,9,11,-1,10,11,12,-1,12,11,13,-1,12,13,14,-1,14,13,15,-1,14,15,16,-1,16,15,17,-1,16,17,18,-1,18,17,19,-1,18,19,20,-1,20,19,21,-1,20,21,22,-1,22,21,23,-1,22,23,24,-1,24,23,25,-1,24,25,26,-1,26,25,27,-1,26,27,28,-1,28,27,29,-1,28,29,30,-1,30,29,31,-1,30,31,32,-1,32,31,33,-1,32,33,34,-1,34,33,35,-1,34,35,36,-1,36,35,37,-1,36,37,38,-1,38,37,39,-1,38,39,40,-1,40,39,41,-1,40,41,42,-1,42,41,43,-1,42,43,44,-1,44,43,45,-1,44,45,46,-1,46,45,47,-1,46,47,48,-1,48,47,49,-1,48,49,50,-1,50,49,51,-1,50,51,52,-1,52,51,53,-1,52,53,54,-1,54,53,55,-1,54,55,56,-1,56,55,57,-1,56,57,58,-1,58,57,59,-1,58,59,60,-1,60,59,61,-1,60,61,62,-1,62,61,63,-1,62,63,64,-1,64,63,65,-1,64,65,66,-1,66,65,67,-1,66,67,68,-1,68,67,69,-1,68,69,70,-1,70,69,71,-1,70,71,72,-1,72,71,73,-1,72,73,74,-1,74,73,75,-1,74,75,76,-1,76,75,77,-1,76,77,78,-1,78,77,79,-1,78,79,80,-1,80,79,81,-1,80,81,82,-1,82,81,83,-1,82,83,84,-1,84,83,85,-1,84,85,86,-1,86,85,87,-1,86,87,88,-1,88,87,89,-1,88,89,90,-1,90,89,91,-1,90,91,92,-1,92,91,93,-1,92,93,94,-1,94,93,95,-1,94,95,96,-1,96,95,97,-1,96,97,98,-1,98,97,99,-1,98,99,100,-1,100,99,101,-1,100,101,102,-1,102,101,103,-1,102,103,104,-1,104,103,105,-1,104,105,106,-1,106,105,107,-1,106,107,108,-1,108,107,109,-1,108,109,110,-1,110,109,111,-1,110,111,112,-1,112,111,113,-1,112,113,114,-1,114,113,115,-1,114,115,116,-1,116,115,117,-1,116,117,118,-1,118,117,119,-1,118,119,120,-1,120,119,121,-1,120,121,122,-1,122,121,123,-1,122,123,124,-1,124,123,125,-1,124,125,126,-1,126,125,127,-1,126,127,128,-1,128,127,129,-1,128,129,130,-1,130,129,131,-1,130,131,132,-1,132,131,133,-1,132,133,134,-1,134,133,135,-1,134,135,136,-1,136,135,137,-1,136,137,138,-1,138,137,139,-1,138,139,140,-1,140,139,141,-1,140,141,142,-1,142,141,143,-1,144,145,146,-1,146,145,147,-1,146,147,148,-1,148,147,149,-1,148,149,150,-1,150,149,151,-1,150,151,152,-1,152,151,153,-1,152,153,154,-1,154,153,155,-1,154,155,156,-1,156,155,157,-1,156,157,158,-1,158,157,159,-1,158,159,160,-1,160,159,161,-1,160,161,162,-1,162,161,163,-1,162,163,164,-1,164,163,165,-1,164,165,166,-1,166,165,167,-1,166,167,168,-1,168,167,169,-1,168,169,170,-1,170,169,171,-1,170,171,172,-1,172,171,173,-1,172,173,174,-1,174,173,175,-1,174,175,176,-1,176,175,177,-1,176,177,178,-1,177,179,178,-1,178,179,180,-1,178,180,181,-1,181,180,182,-1,181,182,183,-1,183,182,184,-1,184,182,185,-1,184,185,186,-1,186,185,187,-1,186,187,188,-1,187,189,188,-1,188,189,190,-1,188,190,191,-1,191,190,192,-1,191,192,193,-1,193,192,194,-1,193,194,195,-1,195,194,196,-1,195,196,197,-1,197,196,198,-1,197,198,199,-1,199,198,200,-1,199,200,201,-1,201,200,202,-1,200,203,202,-1,202,203,204,-1,202,204,205,-1,205,204,206,-1,206,204,207,-1,206,207,208,-1,207,209,208,-1,208,209,210,-1,208,210,211,-1,211,210,212,-1,211,212,213,-1,213,212,214,-1,213,214,215,-1,215,214,216,-1,215,216,217,-1,217,216,218,-1,218,216,219,-1,218,219,220,-1,219,221,220,-1,220,221,222,-1,220,222,223,-1,223,222,224,-1,223,224,225,-1,225,224,226,-1,225,226,227,-1,227,226,228,-1,227,228,229,-1,229,228,230,-1,229,230,231,-1,231,230,232,-1,231,232,233,-1,233,232,234,-1,235,236,234,-1,234,236,237,-1,234,237,233,-1,235,238,236,-1,236,238,239,-1,236,239,240,-1,240,239,241,-1,240,241,242,-1,242,241,243,-1,242,243,244,-1,244,243,245,-1,244,245,246,-1,246,245,247,-1,245,248,247,-1,247,248,249,-1,247,249,250,-1,250,249,251,-1,250,251,252,-1,251,253,252,-1,252,253,254,-1,252,254,255,-1,255,254,256,-1,255,256,257,-1,257,256,258,-1,257,258,259,-1,259,258,260,-1,259,260,261,-1,262,263,264,-1,264,263,265,-1,264,265,266,-1,266,265,267,-1,266,267,268,-1,268,267,269,-1,268,269,270,-1,270,269,271,-1,270,271,144,-1,144,271,272,-1,144,272,145,-1,262,264,273,-1,273,264,274,-1,273,274,275,-1,275,274,276,-1,275,276,277,-1,277,276,278,-1,277,278,279,-1,280,281,282,-1,282,281,283,-1,282,283,284,-1,284,283,285,-1,284,285,286,-1,286,285,287,-1,286,287,288,-1,289,290,291,-1,291,290,292,-1,291,292,293,-1,293,292,294,-1,293,294,295,-1,295,294,296,-1,295,296,297,-1,296,298,297,-1,297,298,299,-1,297,299,300,-1,300,299,301,-1,300,301,302,-1,302,301,303,-1,302,303,304,-1,304,303,305,-1,304,305,306,-1,306,305,307,-1,306,307,280,-1,280,307,308,-1,280,308,281,-1,309,310,311,-1,311,310,312,-1,311,312,313,-1,313,312,314,-1,313,314,315,-1,315,314,316,-1,315,316,289,-1,289,316,317,-1,289,317,290,-1,318,319,320,-1,320,319,321,-1,320,321,322,-1,322,321,323,-1,322,323,324,-1,324,323,325,-1,324,325,309,-1,309,325,326,-1,309,326,310,-1,327,328,329,-1,329,328,330,-1,329,330,331,-1,331,330,332,-1,331,332,333,-1,333,332,334,-1,333,334,335,-1,335,334,336,-1,335,336,318,-1,318,336,337,-1,318,337,319,-1,338,339,340,-1,340,339,341,-1,340,341,342,-1,342,341,343,-1,342,343,344,-1,344,343,345,-1,344,345,327,-1,327,345,346,-1,327,346,328,-1,287,347,288,-1,288,347,348,-1,288,348,349,-1,349,348,350,-1,349,350,351,-1,351,350,352,-1,351,352,353,-1,353,352,354,-1,353,354,338,-1,338,354,355,-1,338,355,339,-1,356,357,358,-1,358,357,359,-1,358,359,360,-1,360,359,361,-1,360,361,362,-1,362,361,363,-1,364,365,366,-1,366,365,367,-1,366,367,368,-1,368,367,369,-1,368,369,370,-1,370,369,371,-1,370,371,363,-1,363,371,372,-1,363,372,362,-1,373,374,375,-1,375,374,376,-1,375,376,377,-1,377,376,378,-1,376,379,378,-1,378,379,380,-1,378,380,381,-1,381,380,382,-1,381,382,383,-1,383,382,384,-1,383,384,364,-1,364,384,385,-1,364,385,365,-1,386,387,388,-1,388,387,389,-1,388,389,390,-1,390,389,391,-1,390,391,373,-1,373,391,392,-1,373,392,374,-1,393,394,395,-1,395,394,396,-1,395,396,397,-1,397,396,398,-1,397,398,399,-1,399,398,400,-1,399,400,386,-1,386,400,401,-1,386,401,387,-1,402,403,404,-1,404,403,405,-1,404,405,406,-1,406,405,407,-1,406,407,408,-1,408,407,409,-1,408,409,410,-1,410,409,411,-1,410,411,412,-1,412,411,413,-1,412,413,393,-1,393,413,414,-1,393,414,394,-1,415,416,417,-1,417,416,418,-1,417,418,419,-1,419,418,420,-1,419,420,402,-1,402,420,421,-1,402,421,403,-1,422,423,424,-1,424,423,425,-1,424,425,426,-1,426,425,427,-1,426,427,428,-1,428,427,429,-1,428,429,430,-1,430,429,431,-1,430,431,432,-1,432,431,433,-1,432,433,415,-1,415,433,434,-1,415,434,416,-1,435,436,437,-1,437,436,438,-1,437,438,439,-1,439,438,440,-1,439,440,441,-1,441,440,442,-1,441,442,422,-1,422,442,443,-1,422,443,423,-1,444,445,446,-1,446,445,447,-1,446,447,448,-1,448,447,449,-1,448,449,450,-1,450,449,451,-1,450,451,452,-1,452,451,453,-1,452,453,435,-1,435,453,454,-1,435,454,436,-1,455,456,457,-1,455,457,458,-1,458,457,459,-1,458,459,460,-1,460,459,461,-1,460,461,462,-1,462,461,463,-1,462,463,444,-1,444,463,464,-1,444,464,445,-1,456,455,465,-1,465,455,466,-1,465,466,467,-1,468,469,470,-1,470,469,471,-1,470,471,472,-1,472,471,473,-1,472,473,474,-1,474,473,475,-1,474,475,467,-1,467,475,476,-1,467,476,465,-1,477,478,479,-1,477,479,480,-1,480,479,481,-1,480,481,482,-1,482,481,483,-1,482,483,484,-1,484,483,485,-1,484,485,468,-1,468,485,486,-1,468,486,469,-1,487,488,489,-1,490,491,492,-1,493,494,495,-1,496,497,498,-1,499,500,501,-1,502,503,504,-1,505,506,507,-1,508,509,510,-1,511,512,513,-1,513,512,514,-1,508,510,515,-1,516,517,515,-1,516,515,518,-1,515,510,518,-1,518,510,519,-1,518,519,520,-1,521,522,519,-1,519,522,523,-1,519,523,520,-1,519,524,521,-1,521,524,525,-1,521,525,526,-1,527,528,529,-1,529,528,530,-1,529,530,525,-1,525,530,531,-1,525,531,526,-1,505,507,532,-1,532,507,533,-1,532,533,534,-1,534,533,535,-1,535,533,536,-1,535,536,537,-1,537,536,538,-1,537,538,539,-1,539,538,540,-1,540,538,541,-1,540,541,542,-1,542,541,543,-1,542,543,544,-1,492,545,546,-1,547,545,548,-1,548,545,492,-1,548,492,549,-1,549,492,491,-1,504,550,551,-1,551,550,552,-1,551,552,553,-1,502,504,554,-1,504,551,554,-1,554,551,555,-1,554,555,556,-1,557,558,559,-1,559,560,557,-1,557,560,561,-1,557,561,555,-1,555,561,562,-1,555,562,556,-1,563,564,565,-1,565,566,563,-1,563,566,567,-1,563,567,558,-1,558,567,568,-1,558,568,559,-1,569,570,571,-1,571,570,572,-1,571,572,564,-1,564,572,573,-1,564,573,565,-1,500,499,571,-1,571,499,574,-1,571,574,569,-1,575,576,501,-1,501,576,577,-1,501,577,499,-1,514,578,513,-1,513,578,579,-1,513,579,580,-1,580,579,581,-1,580,581,575,-1,575,581,582,-1,575,582,576,-1,583,584,585,-1,585,584,586,-1,587,588,589,-1,589,588,590,-1,591,592,593,-1,593,592,594,-1,595,596,597,-1,597,598,599,-1,599,598,600,-1,599,600,601,-1,601,602,603,-1,603,602,604,-1,603,604,605,-1,606,607,608,-1,609,610,611,-1,611,610,612,-1,611,612,613,-1,613,612,614,-1,613,614,615,-1,615,614,616,-1,615,616,617,-1,617,616,618,-1,617,618,619,-1,619,618,620,-1,619,620,621,-1,621,620,622,-1,621,622,623,-1,623,622,585,-1,623,585,593,-1,593,585,586,-1,593,586,591,-1,624,609,625,-1,625,609,611,-1,625,611,626,-1,626,611,613,-1,626,613,627,-1,627,613,615,-1,627,615,628,-1,628,615,617,-1,628,617,629,-1,629,617,619,-1,629,619,630,-1,630,619,621,-1,630,621,631,-1,631,621,623,-1,631,623,632,-1,632,623,593,-1,632,593,589,-1,589,593,594,-1,589,594,587,-1,633,624,634,-1,634,624,625,-1,634,625,635,-1,635,625,626,-1,635,626,636,-1,636,626,627,-1,636,627,637,-1,637,627,628,-1,637,628,638,-1,638,628,629,-1,638,629,639,-1,639,629,630,-1,639,630,640,-1,640,630,631,-1,640,631,641,-1,641,631,632,-1,641,632,642,-1,642,632,589,-1,642,589,606,-1,606,589,590,-1,606,590,607,-1,498,633,643,-1,643,633,634,-1,643,634,644,-1,644,634,635,-1,644,635,645,-1,645,635,636,-1,645,636,646,-1,646,636,637,-1,646,637,647,-1,647,637,638,-1,647,638,648,-1,648,638,639,-1,648,639,649,-1,649,639,640,-1,649,640,650,-1,650,640,641,-1,650,641,651,-1,651,641,642,-1,651,642,652,-1,652,642,606,-1,652,606,595,-1,595,606,608,-1,595,608,596,-1,653,654,655,-1,655,654,656,-1,655,656,657,-1,553,658,551,-1,551,658,659,-1,551,659,555,-1,555,659,660,-1,555,660,557,-1,557,660,661,-1,557,661,558,-1,558,661,662,-1,558,662,563,-1,563,662,663,-1,563,663,564,-1,564,663,664,-1,564,664,571,-1,571,664,665,-1,571,665,500,-1,500,665,666,-1,500,666,501,-1,501,666,667,-1,501,667,575,-1,575,667,668,-1,575,668,580,-1,580,668,603,-1,580,603,513,-1,513,603,605,-1,513,605,511,-1,654,669,670,-1,670,671,654,-1,654,671,672,-1,654,672,656,-1,673,674,675,-1,675,674,676,-1,677,678,653,-1,676,677,675,-1,675,677,653,-1,675,653,679,-1,679,653,655,-1,679,655,680,-1,680,655,657,-1,680,657,681,-1,678,682,653,-1,653,682,683,-1,653,683,654,-1,654,683,684,-1,654,684,669,-1,685,686,687,-1,687,686,688,-1,687,688,689,-1,597,599,595,-1,595,599,690,-1,595,690,652,-1,652,690,691,-1,652,691,651,-1,651,691,692,-1,651,692,650,-1,650,692,693,-1,650,693,649,-1,649,693,694,-1,649,694,648,-1,648,694,695,-1,648,695,647,-1,647,695,696,-1,647,696,646,-1,646,696,697,-1,646,697,645,-1,645,697,698,-1,645,698,644,-1,644,698,699,-1,644,699,643,-1,643,699,687,-1,643,687,498,-1,498,687,689,-1,498,689,496,-1,553,700,658,-1,658,700,701,-1,658,701,702,-1,601,603,599,-1,599,603,668,-1,599,668,690,-1,690,668,667,-1,690,667,691,-1,691,667,666,-1,691,666,692,-1,692,666,665,-1,692,665,693,-1,693,665,664,-1,693,664,694,-1,694,664,663,-1,694,663,695,-1,695,663,662,-1,695,662,696,-1,696,662,661,-1,696,661,697,-1,697,661,660,-1,697,660,698,-1,698,660,659,-1,698,659,699,-1,699,659,658,-1,699,658,687,-1,687,658,702,-1,687,702,685,-1,497,673,498,-1,498,673,675,-1,498,675,633,-1,633,675,679,-1,633,679,624,-1,624,679,680,-1,624,680,609,-1,609,680,681,-1,609,681,610,-1,703,704,705,-1,705,704,706,-1,707,708,709,-1,709,708,710,-1,711,712,713,-1,714,715,716,-1,716,715,717,-1,718,529,719,-1,719,529,525,-1,719,525,720,-1,720,525,524,-1,720,524,721,-1,721,524,519,-1,721,519,722,-1,722,519,510,-1,722,510,704,-1,704,510,509,-1,704,509,706,-1,723,718,724,-1,724,718,719,-1,724,719,725,-1,725,719,720,-1,725,720,726,-1,726,720,721,-1,726,721,727,-1,727,721,722,-1,727,722,728,-1,728,722,704,-1,728,704,715,-1,715,704,703,-1,715,703,717,-1,729,723,730,-1,730,723,724,-1,730,724,731,-1,731,724,725,-1,731,725,732,-1,732,725,726,-1,732,726,733,-1,733,726,727,-1,733,727,734,-1,734,727,728,-1,734,728,735,-1,735,728,715,-1,735,715,709,-1,709,715,714,-1,709,714,707,-1,736,729,737,-1,737,729,730,-1,737,730,738,-1,738,730,731,-1,738,731,739,-1,739,731,732,-1,739,732,740,-1,740,732,733,-1,740,733,741,-1,741,733,734,-1,741,734,742,-1,742,734,735,-1,742,735,743,-1,743,735,709,-1,743,709,711,-1,711,709,710,-1,711,710,712,-1,744,736,745,-1,745,736,737,-1,745,737,746,-1,746,737,738,-1,746,738,747,-1,747,738,739,-1,747,739,748,-1,748,739,740,-1,748,740,749,-1,749,740,741,-1,749,741,750,-1,750,741,742,-1,750,742,751,-1,751,742,743,-1,751,743,752,-1,752,743,711,-1,752,711,753,-1,753,711,713,-1,753,713,754,-1,755,543,756,-1,756,543,541,-1,756,541,757,-1,757,541,538,-1,757,538,758,-1,758,538,536,-1,758,536,759,-1,759,536,533,-1,759,533,760,-1,760,533,507,-1,761,744,762,-1,762,744,745,-1,762,745,763,-1,763,745,746,-1,763,746,764,-1,764,746,747,-1,764,747,765,-1,765,747,748,-1,765,748,766,-1,766,748,749,-1,766,749,767,-1,767,749,750,-1,767,750,768,-1,768,750,751,-1,768,751,769,-1,769,751,752,-1,769,752,770,-1,770,752,753,-1,770,753,771,-1,772,773,774,-1,774,773,775,-1,774,775,776,-1,776,775,777,-1,776,777,778,-1,760,779,759,-1,759,779,780,-1,759,780,758,-1,758,780,781,-1,758,781,757,-1,757,781,782,-1,757,782,756,-1,756,782,489,-1,756,489,755,-1,488,783,489,-1,489,783,784,-1,489,784,755,-1,755,784,785,-1,755,785,786,-1,786,490,755,-1,755,490,492,-1,755,492,543,-1,543,492,546,-1,543,546,544,-1,787,788,493,-1,493,788,789,-1,493,789,494,-1,494,789,790,-1,791,792,773,-1,793,794,772,-1,772,794,795,-1,772,795,773,-1,773,795,796,-1,773,796,791,-1,792,787,773,-1,773,787,493,-1,773,493,775,-1,775,493,495,-1,775,495,777,-1,790,797,494,-1,494,797,798,-1,494,798,799,-1,779,778,780,-1,780,778,777,-1,780,777,781,-1,781,777,495,-1,781,495,782,-1,782,495,494,-1,782,494,489,-1,489,494,799,-1,489,799,487,-1,754,800,753,-1,753,800,801,-1,753,801,771,-1,771,801,802,-1,771,802,803,-1,672,761,656,-1,656,761,762,-1,656,762,657,-1,657,762,763,-1,657,763,681,-1,681,763,764,-1,681,764,610,-1,610,764,765,-1,610,765,612,-1,612,765,766,-1,612,766,614,-1,614,766,767,-1,614,767,616,-1,616,767,768,-1,616,768,618,-1,618,768,769,-1,618,769,620,-1,620,769,770,-1,620,770,622,-1,622,770,771,-1,622,771,585,-1,585,771,803,-1,585,803,583,-1,671,804,672,-1,672,804,805,-1,672,805,806,-1,806,793,672,-1,672,793,772,-1,672,772,761,-1,761,772,774,-1,761,774,744,-1,744,774,776,-1,744,776,736,-1,736,776,778,-1,736,778,729,-1,729,778,779,-1,729,779,723,-1,723,779,760,-1,723,760,718,-1,718,760,507,-1,718,507,529,-1,529,507,506,-1,529,506,527,-1,
        ]
    }
}
Shape{
    appearance Appearance {
        material  Material 	{
            diffuseColor 1.0 1.0 0.9490196078431372
            specularColor 0.5019607843137255 0.5019607843137255 0.4745098039215686
            ambientIntensity 0.9942
            transparency 0.0
            shininess 0.5
        }
    }
    geometry IndexedFaceSet {
        ccw TRUE
        solid FALSE
        coord DEF co Coordinate {
            point [
                -0.4359 -1.6546 3.1465, -0.4592 -1.6546 3.1465, -0.4359 -1.4991 3.1465, -0.4592 -1.4784 3.1465, -0.3491 -1.4991 3.1465, -0.3491 -1.4784 3.1465, -0.3284 -1.5677 3.1465, -0.3246 -1.5365 3.1465, -0.3012 -1.5394 3.1465, -0.1727 -1.5342 3.1465, -0.1961 -1.5402 3.1465, -0.1785 -1.5177 3.1465, -0.2022 -1.5222 3.1465, -0.1875 -1.5024 3.1465, -0.2087 -1.5121 3.1465, -0.1991 -1.4905 3.1465, -0.214 -1.5067 3.1465, -0.2092 -1.4838 3.1465, -0.2231 -1.5007 3.1465, -0.224 -1.4781 3.1465, -0.2337 -1.4969 3.1465, -0.2454 -1.4755 3.1465, -0.2475 -1.4954 3.1465, -0.2959 -1.5248 3.1465, -0.3158 -1.5139 3.1465, -0.2894 -1.5144 3.1465, -0.3089 -1.5028 3.1465, -0.2811 -1.506 3.1465, -0.3004 -1.4932 3.1465, -0.2718 -1.5003 3.1465, -0.2882 -1.4847 3.1465, -0.2612 -1.4968 3.1465, -0.2722 -1.4786 3.1465, -0.2471 -1.4755 3.1465, -0.3043 -1.5669 3.1465, -0.3043 -1.568 3.1465, -0.3282 -1.5753 3.1465, -0.3017 -1.5924 3.1465, -0.1985 -1.6006 3.1465, -0.1757 -1.606 3.1465, -0.2015 -1.6084 3.1465, -0.1841 -1.6256 3.1465, -0.209 -1.6212 3.1465, -0.1934 -1.6377 3.1465, -0.216 -1.6285 3.1465, -0.201 -1.6442 3.1465, -0.2231 -1.6329 3.1465, -0.215 -1.652 3.1465, -0.2327 -1.6363 3.1465, -0.2312 -1.6564 3.1465, -0.2457 -1.6376 3.1465, -0.2452 -1.6574 3.1465, -0.2585 -1.6365 3.1465, -0.2697 -1.6545 3.1465, -0.2705 -1.6329 3.1465, -0.2863 -1.648 3.1465, -0.2802 -1.6274 3.1465, -0.3015 -1.6372 3.1465, -0.2888 -1.6192 3.1465, -0.3057 -1.6329 3.1465, -0.2963 -1.6077 3.1465, -0.3172 -1.6171 3.1465, -0.3246 -1.5983 3.1465, -0.1438 -1.4784 3.1465, -0.0123 -1.4784 3.1465, -0.0123 -1.4991 3.1465, -0.1205 -1.4991 3.1465, -0.1205 -1.5591 3.1465, -0.1438 -1.6546 3.1465, -0.0164 -1.6337 3.1465, -0.0164 -1.6546 3.1465, -0.1205 -1.6337 3.1465, -0.1205 -1.5797 3.1465, -0.0231 -1.5797 3.1465, -0.0231 -1.5591 3.1465, 0.1272 -1.515 3.1465, 0.121 -1.5087 3.1465, 0.1285 -1.4875 3.1465, 0.1143 -1.5046 3.1465, 0.1168 -1.4823 3.1465, 0.1033 -1.5011 3.1465, 0.1017 -1.4791 3.1465, 0.0836 -1.4781 3.1465, 0.0854 -1.4992 3.1465, 0.081 -1.4991 3.1465, 0.0202 -1.4781 3.1465, 0.0433 -1.4991 3.1465, 0.0202 -1.6546 3.1465, 0.0433 -1.6337 3.1465, 0.0808 -1.6546 3.1465, 0.0805 -1.6337 3.1465, 0.0978 -1.6541 3.1465, 0.0967 -1.633 3.1465, 0.1097 -1.6528 3.1465, 0.1077 -1.6311 3.1465, 0.1192 -1.6501 3.1465, 0.116 -1.6274 3.1465, 0.1415 -1.4973 3.1465, 0.1496 -1.507 3.1465, 0.134 -1.5262 3.1465, 0.1371 -1.6004 3.1465, 0.155 -1.6172 3.1465, 0.1308 -1.6133 3.1465, 0.1473 -1.6294 3.1465, 0.1242 -1.6212 3.1465, 0.1383 -1.6391 3.1465, 0.1288 -1.6457 3.1465, 0.1576 -1.5226 3.1465, 0.1591 -1.5264 3.1465, 0.1398 -1.5447 3.1465, 0.1639 -1.5459 3.1465, 0.1418 -1.568 3.1465, 0.1655 -1.5677 3.1465, 0.1406 -1.5856 3.1465, 0.1643 -1.5863 3.1465, 0.1607 -1.6028 3.1465, 0.2288 -1.5508 3.1465, 0.2483 -1.6024 3.1465, 0.2458 -1.6546 3.1465, 0.1782 -1.4784 3.1465, 0.2028 -1.4784 3.1465, 0.2222 -1.5318 3.1465, 0.2535 -1.6184 3.1465, 0.2575 -1.6361 3.1465, 0.2709 -1.6546 3.1465, 0.2626 -1.6203 3.1465, 0.2702 -1.5994 3.1465, 0.2887 -1.5508 3.1465, 0.3427 -1.4784 3.1465, 0.3164 -1.4784 3.1465, 0.2957 -1.5318 3.1465
            ]
        }
        coordIndex [
            0,1,2,-1,2,1,3,-1,2,3,4,-1,4,3,5,-1,6,7,8,-1,9,10,11,-1,11,10,12,-1,11,12,13,-1,13,12,14,-1,13,14,15,-1,15,14,16,-1,15,16,17,-1,17,16,18,-1,17,18,19,-1,19,18,20,-1,19,20,21,-1,21,20,22,-1,8,7,23,-1,23,7,24,-1,23,24,25,-1,25,24,26,-1,25,26,27,-1,27,26,28,-1,27,28,29,-1,29,28,30,-1,29,30,31,-1,31,30,32,-1,31,32,22,-1,22,32,33,-1,22,33,21,-1,8,34,6,-1,6,34,35,-1,6,35,36,-1,36,35,37,-1,38,39,40,-1,40,39,41,-1,40,41,42,-1,42,41,43,-1,42,43,44,-1,44,43,45,-1,44,45,46,-1,46,45,47,-1,46,47,48,-1,48,47,49,-1,48,49,50,-1,50,49,51,-1,50,51,52,-1,52,51,53,-1,52,53,54,-1,54,53,55,-1,54,55,56,-1,56,55,57,-1,56,57,58,-1,58,57,59,-1,58,59,60,-1,60,59,61,-1,60,61,37,-1,37,61,62,-1,37,62,36,-1,63,64,65,-1,65,66,63,-1,63,66,67,-1,63,67,68,-1,69,70,71,-1,71,70,68,-1,71,68,72,-1,72,68,67,-1,72,67,73,-1,73,67,74,-1,75,76,77,-1,77,76,78,-1,77,78,79,-1,79,78,80,-1,79,80,81,-1,81,80,82,-1,80,83,82,-1,82,83,84,-1,82,84,85,-1,85,84,86,-1,85,86,87,-1,87,86,88,-1,87,88,89,-1,89,88,90,-1,89,90,91,-1,91,90,92,-1,91,92,93,-1,93,92,94,-1,93,94,95,-1,95,94,96,-1,77,97,75,-1,75,97,98,-1,75,98,99,-1,100,101,102,-1,102,101,103,-1,102,103,104,-1,104,103,105,-1,104,105,96,-1,96,105,106,-1,96,106,95,-1,98,107,99,-1,99,107,108,-1,99,108,109,-1,109,108,110,-1,109,110,111,-1,111,110,112,-1,111,112,113,-1,113,112,114,-1,113,114,100,-1,100,114,115,-1,100,115,101,-1,116,117,118,-1,119,120,121,-1,117,122,118,-1,118,122,123,-1,118,123,124,-1,124,123,125,-1,125,126,124,-1,124,126,127,-1,124,127,128,-1,129,128,130,-1,130,128,127,-1,130,127,121,-1,121,127,116,-1,121,116,119,-1,119,116,118,-1,
        ]
    }
}
Shape{
    appearance Appearance {
        material  Material 	{
            diffuseColor 0.29411764705882354 0.29411764705882354 0.29411764705882354
            specularColor 0.14901960784313725 0.14901960784313725 0.14901960784313725
            ambientIntensity 0.2941
            transparency 0.0
            shininess 0.5
        }
    }
    geometry IndexedFaceSet {
        ccw TRUE
        solid FALSE
        coord DEF co Coordinate {
            point [
                -0.4999 1.2205 1.2112, -0.5898 1.2205 1.1961, -0.5724 1.187 1.2139, -0.6047 1.1721 1.2151, -0.6588 1.2205 1.1845, -0.6595 1.1409 1.2172, -0.7068 1.2205 1.1742, -0.7001 1.1177 1.2188, -0.8306 1.2205 1.1478, -0.7121 1.1095 1.2193, -0.7429 1.0884 1.2205, -0.8331 1.2205 1.1472, -0.791 1.0554 1.2225, -0.9753 1.2203 1.1113, -0.8222 1.0299 1.2239, -0.9007 0.9621 1.2276, -0.8969 0.9657 1.2274, -1.0731 1.1554 1.1075, -0.877 0.9851 1.2264, -1.0012 1.2203 1.1048, -1.155 1.0708 1.1109, -0.9587 0.9057 1.2304, -1.1185 1.1123 1.1093, -1.1096 1.1225 1.1089, -1.0314 0.8219 1.2342, -1.0308 0.8228 1.2342, -0.9669 0.8963 1.2308, -1.2329 0.9823 1.1143, -1.2351 0.9798 1.1144, -1.0597 0.7832 1.2358, -1.255 0.9572 1.1152, -1.0896 0.7424 1.2375, -1.3015 0.8868 1.1177, -1.0959 0.7338 1.2379, -1.3356 0.8352 1.1194, -1.1417 0.6588 1.2408, -1.3665 0.7884 1.121, -1.1537 0.639 1.2416, -1.3753 0.7751 1.1215, -1.1839 0.5786 1.2439, -1.419 0.683 1.1244, -1.1874 0.5715 1.2442, -1.2046 0.5371 1.2455, -1.42 0.6809 1.1245, -1.2268 0.4811 1.2475, -1.4696 0.5764 1.1278, -1.4697 0.5761 1.1278, -1.2451 0.4349 1.2492, -1.4877 0.5186 1.1295, -1.2593 0.3881 1.2509, -1.5048 0.4637 1.1312, -1.2693 0.3551 1.2521, -1.5357 0.3645 1.1341, -1.2771 0.3295 1.2531, -1.2849 0.293 1.2544, -1.5379 0.3508 1.1345, -1.3003 0.2209 1.257, -1.3189 -0.002 1.2646, -1.3188 -0.0 1.2645, -1.5752 -0.0001 1.1446, -1.3149 0.0985 1.2612, -1.5722 0.1178 1.1413, -1.3145 0.1078 1.2609, -1.5715 0.1473 1.1404, -1.313 0.1197 1.2605, -1.5668 0.1757 1.1396, -1.3034 0.1963 1.2578, -1.5571 0.2344 1.1379, -1.5381 0.3498 1.1346, -1.5752 -0.0002 1.1446, -1.577 -0.0724 1.1467, -1.3147 -0.0985 1.2678, -1.5717 -0.1177 1.148, -1.3141 -0.1121 1.2683, -1.536 -0.3504 1.1548, -1.2847 -0.2932 1.2745, -1.5363 -0.3492 1.1547, -1.3 -0.2222 1.272, -1.3131 -0.1197 1.2685, -1.565 -0.1758 1.1497, -1.3033 -0.1964 1.2711, -1.5581 -0.2349 1.1514, -1.5516 -0.2911 1.153, -1.0714 -1.1541 1.1817, -0.9007 -0.9621 1.3013, -1.1172 -1.1108 1.1799, -0.9558 -0.9088 1.2987, -1.1572 -1.0731 1.1784, -0.9667 -0.8964 1.2981, -1.1619 -1.0687 1.1782, -1.0283 -0.8259 1.2949, -1.2315 -0.9815 1.175, -1.0312 -0.8219 1.2948, -1.2336 -0.979 1.1749, -1.0597 -0.7832 1.2931, -1.2993 -0.8967 1.1719, -1.0897 -0.7425 1.2914, -1.3041 -0.8886 1.1716, -1.0935 -0.7374 1.2912, -1.3354 -0.8356 1.1699, -1.1417 -0.6588 1.2881, -1.364 -0.787 1.1683, -1.1531 -0.6402 1.2874, -1.4103 -0.7087 1.1656, -1.1839 -0.5787 1.2851, -1.4206 -0.684 1.1649, -1.1875 -0.5716 1.2848, -1.4215 -0.682 1.1648, -1.2029 -0.541 1.2836, -1.4661 -0.5752 1.1615, -1.2267 -0.4813 1.2814, -1.4895 -0.5192 1.1598, -1.2438 -0.4387 1.2798, -1.4952 -0.5055 1.1594, -1.2592 -0.3884 1.2779, -1.506 -0.4646 1.1581, -1.2694 -0.3551 1.2767, -1.276 -0.3336 1.276, -0.6968 -1.1198 1.3103, -0.7121 -1.1094 1.3097, -0.8334 -1.2205 1.2348, -0.7427 -1.0885 1.3084, -0.847 -1.2205 1.2311, -0.7876 -1.0579 1.3065, -0.9748 -1.2203 1.1925, -0.8219 -1.03 1.305, -1.0012 -1.2203 1.1845, -0.876 -0.986 1.3025, -0.8967 -0.9659 1.3015, -0.6594 -1.1409 1.3118, -0.7064 -1.2205 1.2691, -0.6009 -1.1741 1.3141, -0.6744 -1.2205 1.2778, -0.5725 -1.1871 1.3151, -0.59 -1.2204 1.2972, -0.4999 -1.2203 1.3179
            ]
        }
        coordIndex [
            0,1,2,-1,2,1,3,-1,3,1,4,-1,3,4,5,-1,5,4,6,-1,5,6,7,-1,7,6,8,-1,7,8,9,-1,9,8,10,-1,10,8,11,-1,10,11,12,-1,12,11,13,-1,12,13,14,-1,15,16,17,-1,17,16,18,-1,14,13,18,-1,18,13,19,-1,18,19,17,-1,20,21,22,-1,22,21,15,-1,22,15,23,-1,23,15,17,-1,24,25,20,-1,20,25,26,-1,20,26,21,-1,20,27,24,-1,24,27,28,-1,24,28,29,-1,29,28,30,-1,29,30,31,-1,31,30,32,-1,31,32,33,-1,33,32,34,-1,33,34,35,-1,35,34,36,-1,35,36,37,-1,37,36,38,-1,37,38,39,-1,39,38,40,-1,39,40,41,-1,41,40,42,-1,42,40,43,-1,42,43,44,-1,43,45,44,-1,44,45,46,-1,44,46,47,-1,47,46,48,-1,47,48,49,-1,49,48,50,-1,49,50,51,-1,51,50,52,-1,51,52,53,-1,53,52,54,-1,54,52,55,-1,54,55,56,-1,57,58,59,-1,59,58,60,-1,59,60,61,-1,61,60,62,-1,61,62,63,-1,63,62,64,-1,63,64,65,-1,65,64,66,-1,65,66,67,-1,67,66,56,-1,67,56,68,-1,68,56,55,-1,59,69,57,-1,57,69,70,-1,57,70,71,-1,71,70,72,-1,71,72,73,-1,74,75,76,-1,76,75,77,-1,73,72,78,-1,78,72,79,-1,78,79,80,-1,80,79,81,-1,80,81,77,-1,77,81,82,-1,77,82,76,-1,83,84,85,-1,85,84,86,-1,85,86,87,-1,87,86,88,-1,87,88,89,-1,89,88,90,-1,89,90,91,-1,91,90,92,-1,91,92,93,-1,93,92,94,-1,93,94,95,-1,95,94,96,-1,95,96,97,-1,97,96,98,-1,97,98,99,-1,99,98,100,-1,99,100,101,-1,101,100,102,-1,101,102,103,-1,103,102,104,-1,103,104,105,-1,105,104,106,-1,105,106,107,-1,107,106,108,-1,107,108,109,-1,109,108,110,-1,109,110,111,-1,111,110,112,-1,111,112,113,-1,113,112,114,-1,113,114,115,-1,115,114,116,-1,115,116,74,-1,74,116,117,-1,74,117,75,-1,118,119,120,-1,120,119,121,-1,120,121,122,-1,122,121,123,-1,122,123,124,-1,124,123,125,-1,124,125,126,-1,126,125,127,-1,126,127,83,-1,83,127,128,-1,83,128,84,-1,118,120,129,-1,129,120,130,-1,129,130,131,-1,131,130,132,-1,131,132,133,-1,133,132,134,-1,133,134,135,-1,
        ]
    }
}
Shape{
    appearance Appearance {
        material  Material 	{
            diffuseColor 1.0 1.0 0.9490196078431372
            specularColor 0.5019607843137255 0.5019607843137255 0.4745098039215686
            ambientIntensity 0.9942
            transparency 0.0
            shininess 0.5
        }
    }
    geometry IndexedFaceSet {
        ccw TRUE
        solid FALSE
        coord DEF co Coordinate {
            point [
                -1.1024 -0.4331 0.0362, -1.1024 -0.4331 -1.9323, -0.9449 -0.4331 0.0362, -0.9449 -0.4331 -1.9323, -1.1024 0.4331 -1.9323, -0.9449 0.4331 -1.9323, -0.9449 0.4205 -2.0359, -1.1024 0.4205 -2.0359, -0.9449 0.3835 -2.1335, -1.1024 0.3835 -2.1335, -0.9449 0.3242 -2.2195, -1.1024 0.3242 -2.2195, -0.9449 0.246 -2.2887, -1.1024 0.246 -2.2887, -0.9449 0.1536 -2.3372, -1.1024 0.1536 -2.3372, -0.9449 0.0522 -2.3622, -1.1024 0.0522 -2.3622, -0.9449 -0.0522 -2.3622, -1.1024 -0.0522 -2.3622, -0.9449 -0.1536 -2.3372, -1.1024 -0.1536 -2.3372, -0.9449 -0.246 -2.2887, -1.1024 -0.246 -2.2887, -0.9449 -0.3242 -2.2195, -1.1024 -0.3242 -2.2195, -0.9449 -0.3835 -2.1335, -1.1024 -0.3835 -2.1335, -0.9449 -0.4205 -2.0359, -1.1024 -0.4205 -2.0359, -0.9449 0.4331 0.0362, -1.1024 0.4331 0.0362, -1.1024 0.1969 -1.9323, -0.9449 0.1969 -1.9323, -1.1024 0.1901 -1.8813, -0.9449 0.1901 -1.8813, -1.1024 0.1705 -1.8339, -0.9449 0.1705 -1.8339, -1.1024 0.1392 -1.7931, -0.9449 0.1392 -1.7931, -1.1024 0.0984 -1.7618, -0.9449 0.0984 -1.7618, -1.1024 0.0509 -1.7421, -0.9449 0.0509 -1.7421, -1.1024 0.0 -1.7354, -0.9449 -0.0 -1.7354, -1.1024 -0.0509 -1.7421, -0.9449 -0.0509 -1.7421, -1.1024 -0.0984 -1.7618, -0.9449 -0.0984 -1.7618, -1.1024 -0.1392 -1.7931, -0.9449 -0.1392 -1.7931, -1.1024 -0.1705 -1.8339, -0.9449 -0.1705 -1.8339, -1.1024 -0.1901 -1.8813, -0.9449 -0.1901 -1.8813, -1.1024 -0.1969 -1.9323, -0.9449 -0.1969 -1.9323, -1.1024 -0.1901 -1.9832, -0.9449 -0.1901 -1.9832, -1.1024 -0.1705 -2.0307, -0.9449 -0.1705 -2.0307, -1.1024 -0.1392 -2.0715, -0.9449 -0.1392 -2.0715, -1.1024 -0.0984 -2.1028, -0.9449 -0.0984 -2.1028, -1.1024 -0.0509 -2.1224, -0.9449 -0.0509 -2.1224, -1.1024 -0.0 -2.1291, -0.9449 -0.0 -2.1291, -1.1024 0.0509 -2.1224, -0.9449 0.0509 -2.1224, -1.1024 0.0984 -2.1028, -0.9449 0.0984 -2.1028, -1.1024 0.1392 -2.0715, -0.9449 0.1392 -2.0715, -1.1024 0.1705 -2.0307, -0.9449 0.1705 -2.0307, -1.1024 0.1901 -1.9832, -0.9449 0.1901 -1.9832, 0.9449 -0.4331 0.0362, 0.9449 -0.4331 -1.1449, 1.1024 -0.4331 0.0362, 1.1024 -0.4331 -1.1449, 0.9449 -0.4183 -1.257, 1.1024 -0.4183 -1.257, 0.9449 -0.3751 -1.3614, 1.1024 -0.3751 -1.3614, 0.9449 -0.3062 -1.4511, 1.1024 -0.3062 -1.4511, 0.9449 -0.2165 -1.5199, 1.1024 -0.2165 -1.5199, 0.9449 -0.1121 -1.5632, 1.1024 -0.1121 -1.5632, 0.9449 0.0 -1.578, 1.1024 0.0 -1.578, 0.9449 0.1121 -1.5632, 1.1024 0.1121 -1.5632, 0.9449 0.2165 -1.5199, 1.1024 0.2165 -1.5199, 0.9449 0.3062 -1.4511, 1.1024 0.3062 -1.4511, 0.9449 0.3751 -1.3614, 1.1024 0.3751 -1.3614, 0.9449 0.4183 -1.257, 1.1024 0.4183 -1.257, 0.9449 0.4331 -1.1449, 1.1024 0.4331 -1.1449, 1.1024 0.4331 0.0362, 0.9449 0.4331 0.0362, 0.9449 0.0 -1.3417, 1.1024 -0.0 -1.3417, 0.9449 0.0509 -1.335, 1.1024 0.0509 -1.335, 0.9449 0.0984 -1.3154, 1.1024 0.0984 -1.3154, 0.9449 0.1392 -1.2841, 1.1024 0.1392 -1.2841, 0.9449 0.1705 -1.2433, 1.1024 0.1705 -1.2433, 0.9449 0.1901 -1.1958, 1.1024 0.1901 -1.1958, 0.9449 0.1969 -1.1449, 1.1024 0.1969 -1.1449, 0.9449 0.1901 -1.0939, 1.1024 0.1901 -1.0939, 0.9449 0.1705 -1.0465, 1.1024 0.1705 -1.0465, 0.9449 0.1392 -1.0057, 1.1024 0.1392 -1.0057, 0.9449 0.0984 -0.9744, 1.1024 0.0984 -0.9744, 0.9449 0.0509 -0.9547, 1.1024 0.0509 -0.9547, 0.9449 0.0 -0.948, 1.1024 0.0 -0.948, 0.9449 -0.0509 -0.9547, 1.1024 -0.0509 -0.9547, 0.9449 -0.0984 -0.9744, 1.1024 -0.0984 -0.9744, 0.9449 -0.1392 -1.0057, 1.1024 -0.1392 -1.0057, 0.9449 -0.1705 -1.0465, 1.1024 -0.1705 -1.0465, 0.9449 -0.1901 -1.0939, 1.1024 -0.1901 -1.0939, 0.9449 -0.1969 -1.1449, 1.1024 -0.1969 -1.1449, 0.9449 -0.1901 -1.1958, 1.1024 -0.1901 -1.1958, 0.9449 -0.1705 -1.2433, 1.1024 -0.1705 -1.2433, 0.9449 -0.1392 -1.2841, 1.1024 -0.1392 -1.2841, 0.9449 -0.0984 -1.3154, 1.1024 -0.0984 -1.3154, 0.9449 -0.0509 -1.335, 1.1024 -0.0509 -1.335
            ]
        }
        coordIndex [
            0,1,2,-1,2,1,3,-1,4,5,6,-1,4,6,7,-1,7,6,8,-1,7,8,9,-1,9,8,10,-1,9,10,11,-1,11,10,12,-1,11,12,13,-1,13,12,14,-1,13,14,15,-1,15,14,16,-1,15,16,17,-1,17,16,18,-1,17,18,19,-1,19,18,20,-1,19,20,21,-1,21,20,22,-1,21,22,23,-1,23,22,24,-1,23,24,25,-1,25,24,26,-1,25,26,27,-1,27,26,28,-1,27,28,29,-1,29,28,3,-1,29,3,1,-1,30,5,31,-1,31,5,4,-1,32,33,34,-1,34,33,35,-1,34,35,36,-1,36,35,37,-1,36,37,38,-1,38,37,39,-1,38,39,40,-1,40,39,41,-1,40,41,42,-1,42,41,43,-1,42,43,44,-1,44,43,45,-1,44,45,46,-1,46,45,47,-1,46,47,48,-1,48,47,49,-1,48,49,50,-1,50,49,51,-1,50,51,52,-1,52,51,53,-1,52,53,54,-1,54,53,55,-1,54,55,56,-1,56,55,57,-1,56,57,58,-1,58,57,59,-1,58,59,60,-1,60,59,61,-1,60,61,62,-1,62,61,63,-1,62,63,64,-1,64,63,65,-1,64,65,66,-1,66,65,67,-1,66,67,68,-1,68,67,69,-1,68,69,70,-1,70,69,71,-1,70,71,72,-1,72,71,73,-1,72,73,74,-1,74,73,75,-1,74,75,76,-1,76,75,77,-1,76,77,78,-1,78,77,79,-1,78,79,32,-1,32,79,33,-1,80,81,82,-1,82,81,83,-1,83,81,84,-1,83,84,85,-1,85,84,86,-1,85,86,87,-1,87,86,88,-1,87,88,89,-1,89,88,90,-1,89,90,91,-1,91,90,92,-1,91,92,93,-1,93,92,94,-1,93,94,95,-1,95,94,96,-1,95,96,97,-1,97,96,98,-1,97,98,99,-1,99,98,100,-1,99,100,101,-1,101,100,102,-1,101,102,103,-1,103,102,104,-1,103,104,105,-1,105,104,106,-1,105,106,107,-1,108,107,109,-1,109,107,106,-1,110,111,112,-1,112,111,113,-1,112,113,114,-1,114,113,115,-1,114,115,116,-1,116,115,117,-1,116,117,118,-1,118,117,119,-1,118,119,120,-1,120,119,121,-1,120,121,122,-1,122,121,123,-1,122,123,124,-1,124,123,125,-1,124,125,126,-1,126,125,127,-1,126,127,128,-1,128,127,129,-1,128,129,130,-1,130,129,131,-1,130,131,132,-1,132,131,133,-1,132,133,134,-1,134,133,135,-1,134,135,136,-1,136,135,137,-1,136,137,138,-1,138,137,139,-1,138,139,140,-1,140,139,141,-1,140,141,142,-1,142,141,143,-1,142,143,144,-1,144,143,145,-1,144,145,146,-1,146,145,147,-1,146,147,148,-1,148,147,149,-1,148,149,150,-1,150,149,151,-1,150,151,152,-1,152,151,153,-1,152,153,154,-1,154,153,155,-1,154,155,156,-1,156,155,157,-1,156,157,110,-1,110,157,111,-1,
        ]
    }
}
Shape{
    appearance Appearance {
        material  Material 	{
            diffuseColor 0.29411764705882354 0.29411764705882354 0.29411764705882354
            specularColor 0.14901960784313725 0.14901960784313725 0.14901960784313725
            ambientIntensity 0.2941
            transparency 0.0
            shininess 0.5
        }
    }
    geometry IndexedFaceSet {
        ccw TRUE
        solid FALSE
        coord DEF co Coordinate {
            point [
                1.538 -0.3511 0.957, 1.5382 -0.3499 0.9571, 1.5421 -0.3507 0.9588, 1.5718 -0.1766 0.9638, 1.5815 -0.0002 0.9689, 1.5841 -0.0002 0.9711, 1.019 1.2205 1.0245, 1.0187 1.2205 1.0266, 1.1272 1.1208 1.0225, 1.0183 1.2205 1.0285, 1.0176 1.2205 1.0299, 1.1268 1.1203 1.0257, 1.2337 0.9788 0.9974, 1.2316 0.9814 0.9975, 1.2388 0.9828 0.9991, 1.161 1.0698 1.0008, 1.1575 1.0731 1.0009, 1.1213 1.1149 1.0042, 1.1174 1.1109 1.0025, 1.0717 1.1539 1.0043, 1.0013 -1.2203 0.9273, 1.0728 -1.1556 0.9301, 1.0027 -1.2205 0.9279, 1.0053 -1.2205 0.9293, 1.1215 -1.1151 0.9336, 1.1233 -1.117 0.9358, 1.0098 -1.2205 0.9315, 1.1248 -1.1185 0.9383, 1.1262 -1.1198 0.9416, 1.0159 -1.2205 0.9374, 1.0155 -1.2205 0.9369, 1.0127 -1.2205 0.9341, 1.0114 -1.2205 0.9327, 1.1271 -1.1207 0.9453, 1.1274 -1.1211 0.9486, 1.0186 -1.2205 0.9444, 1.0184 -1.2205 0.9426, 1.0181 -1.2205 0.9416, 1.0164 -1.2205 0.938, 1.1274 -1.121 0.9519, 1.0187 -1.2205 0.9467, 1.0188 -1.2205 0.9455, 1.0175 -1.2205 0.9509, 1.0176 -1.2205 0.9506, 1.0181 -1.2205 0.9494, 1.0185 -1.2205 0.9477, 1.1269 -1.1205 0.9551, 1.1259 -1.1196 0.9585, 1.0158 -1.2205 0.9538, 1.015 -1.2205 0.9547, 1.1245 -1.1182 0.9617, 1.0121 -1.2205 0.9573, 1.1188 -1.1125 0.9676, 1.1108 -1.1215 0.9673, 1.1211 -1.1148 0.9662, 1.0729 -1.1557 0.9658, 1.0112 -1.2205 0.9582, 1.1227 -1.1163 0.9645, 1.0081 -1.2205 0.9601, 1.0046 -1.2204 0.9616, 1.0013 -1.2203 0.963, 1.0716 1.1538 1.04, 1.1171 1.1106 1.0382, 1.121 1.1146 1.0368, 1.1572 1.0727 1.0366, 1.1616 1.0685 1.0365, 1.003 1.2205 1.0421, 1.0013 1.2204 1.0428, 1.0048 1.2205 1.0412, 1.1225 1.1161 1.0351, 1.0082 1.2205 1.0394, 1.0123 1.2205 1.0366, 1.0117 1.2205 1.0373, 1.01 1.2205 1.0385, 1.1244 1.118 1.0323, 1.1258 1.1194 1.0291, 1.0157 1.2205 1.0332, 1.0166 1.2205 1.032, 1.0186 1.2205 1.0274, 1.0189 1.2205 1.0233, 1.1273 1.1209 1.0192, 1.0183 1.2205 1.0205, 1.0181 1.2205 1.0201, 1.1269 1.1205 1.0159, 1.0178 1.2205 1.0193, 1.126 1.1196 1.0123, 1.0159 1.2205 1.0162, 1.0151 1.2205 1.0152, 1.1247 1.1182 1.0089, 1.013 1.2205 1.0133, 1.1232 1.1168 1.0064, 1.0112 1.2205 1.0117, 1.0081 1.2205 1.0098, 1.0056 1.2204 1.0088, 1.0013 1.2204 1.007, 1.581 -0.0002 1.0015, 1.5725 -0.1179 0.9995, 1.5718 -0.1475 0.9987, 1.5383 -0.3499 0.9928, 1.5381 -0.3511 0.9928, 1.5416 -0.3506 0.9915, 1.5361 -0.3635 0.9924, 1.5047 -0.4641 0.9894, 1.5713 -0.1765 0.9965, 1.5671 -0.1759 0.9979, 1.5574 -0.2347 0.9962, 1.2555 -0.9571 0.9735, 1.2352 -0.9802 0.9726, 1.2385 -0.9829 0.9713, 1.233 -0.9827 0.9725, 1.155 -1.0713 0.9692, 1.3661 -0.7882 0.9793, 1.3352 -0.8354 0.9777, 1.3403 -0.8386 0.9763, 1.3015 -0.8869 0.9759, 1.4926 -0.5203 0.9864, 1.4876 -0.5187 0.9878, 1.471 -0.5719 0.9862, 1.4689 -0.5763 0.986, 1.4196 -0.681 0.9827, 1.4252 -0.6837 0.9814, 1.4187 -0.6829 0.9827, 1.3768 -0.7719 0.9799, 1.5784 -0.1773 0.9719, 1.5895 -0.0002 0.9806, 1.5797 -0.1774 0.9756, 1.59 -0.0002 0.9839, 1.5802 -0.1775 0.9788, 1.5899 -0.0002 0.9872, 1.5801 -0.1775 0.9821, 1.5892 -0.0002 0.9904, 1.5794 -0.1774 0.9854, 1.5878 -0.0002 0.9938, 1.5781 -0.1773 0.9887, 1.5858 -0.0002 0.997, 1.5761 -0.177 0.992, 1.5832 -0.0002 0.9998, 1.5735 -0.1767 0.9948, 1.5467 -0.3517 0.9635, 1.5486 -0.3522 0.9669, 1.5499 -0.3525 0.9705, 1.5503 -0.3526 0.9738, 1.5503 -0.3526 0.9771, 1.5496 -0.3524 0.9804, 1.5483 -0.3521 0.9837, 1.5463 -0.3517 0.9869, 1.5438 -0.3511 0.9897, 1.4956 -0.5214 0.956, 1.4976 -0.5221 0.9585, 1.4994 -0.5227 0.9618, 1.5006 -0.5231 0.9655, 1.5011 -0.5233 0.9687, 1.501 -0.5233 0.972, 1.5004 -0.523 0.9753, 1.4991 -0.5226 0.9786, 1.4972 -0.5219 0.9819, 1.4947 -0.5211 0.9847, 1.4931 -0.5205 0.9538, 1.5447 -0.3513 0.961, 1.5744 -0.1768 0.9661, 1.5765 -0.1771 0.9686, 1.5862 -0.0002 0.9736, 1.5882 -0.0002 0.9769, 1.4257 -0.6839 0.9487, 1.4281 -0.6851 0.9509, 1.43 -0.686 0.9535, 1.4317 -0.6868 0.9568, 1.4329 -0.6874 0.9604, 1.4333 -0.6876 0.9637, 1.4332 -0.6875 0.967, 1.4326 -0.6872 0.9703, 1.4314 -0.6867 0.9736, 1.4296 -0.6858 0.9768, 1.4272 -0.6847 0.9797, 1.5722 -0.1179 0.9638, 1.5716 -0.1449 0.963, 1.5666 -0.1758 0.9621, 1.557 -0.2347 0.9604, 1.4705 -0.5745 0.9504, 1.4878 -0.5187 0.952, 1.5047 -0.4641 0.9537, 1.5361 -0.3631 0.9567, 1.3014 -0.8869 0.9402, 1.3352 -0.8354 0.9419, 1.3407 -0.8389 0.9437, 1.3662 -0.7883 0.9435, 1.3766 -0.7724 0.9441, 1.3429 -0.8402 0.9459, 1.3447 -0.8414 0.9484, 1.3463 -0.8424 0.9517, 1.3474 -0.8431 0.9554, 1.3478 -0.8433 0.9586, 1.3478 -0.8433 0.9619, 1.3472 -0.8429 0.9652, 1.3461 -0.8422 0.9686, 1.3443 -0.8411 0.9718, 1.3421 -0.8398 0.9746, 1.1111 -1.121 0.9315, 1.1186 -1.1124 0.9319, 1.1548 -1.0711 0.9334, 1.2389 -0.9832 0.9386, 1.241 -0.9849 0.9408, 1.2426 -0.9862 0.9434, 1.2441 -0.9874 0.9467, 1.2451 -0.9882 0.9503, 1.2455 -0.9885 0.9536, 1.2455 -0.9884 0.9569, 1.2449 -0.988 0.9602, 1.2439 -0.9872 0.9635, 1.2423 -0.9859 0.9667, 1.2403 -0.9843 0.9696, 1.2326 -0.9823 0.9368, 1.2348 -0.9798 0.9369, 1.2567 -0.9547 0.9379, 1.419 -0.6831 0.9469, 1.4199 -0.6812 0.947, 1.4695 -0.5766 0.9503, 1.2313 0.9812 1.0333, 1.2335 0.9786 1.0332, 1.2384 0.9825 1.0318, 1.2997 0.8958 1.0301, 1.3405 0.8383 1.0268, 1.304 0.8885 1.0299, 1.4664 0.575 1.0198, 1.4896 0.5191 1.018, 1.4929 0.5203 1.0167, 1.4962 0.5031 1.0175, 1.5063 0.4643 1.0164, 1.5359 0.3501 1.013, 1.5414 0.3505 1.0116, 1.5362 0.3492 1.013, 1.5511 0.2917 1.0113, 1.3355 0.8353 1.0281, 1.3641 0.787 1.0265, 1.4124 0.7053 1.0238, 1.4212 0.684 1.0231, 1.4257 0.6837 1.0217, 1.4221 0.682 1.0231, 1.2408 0.9844 1.0014, 1.2425 0.9857 1.0039, 1.244 0.9869 1.0072, 1.245 0.9877 1.0109, 1.2454 0.9881 1.0141, 1.2453 0.988 1.0174, 1.2448 0.9876 1.0207, 1.2437 0.9867 1.024, 1.2421 0.9855 1.0273, 1.2401 0.9839 1.0301, 1.495 0.5211 1.015, 1.4277 0.6846 1.02, 1.4974 0.5219 1.0121, 1.4301 0.6857 1.0172, 1.4994 0.5226 1.0089, 1.4319 0.6866 1.014, 1.5006 0.523 1.0056, 1.4331 0.6872 1.0106, 1.5013 0.5233 1.0023, 1.4337 0.6875 1.0073, 1.5014 0.5233 0.999, 1.4338 0.6875 1.004, 1.5009 0.5231 0.9957, 1.4333 0.6873 1.0008, 1.4997 0.5227 0.9921, 1.4322 0.6868 0.9971, 1.4978 0.5221 0.9888, 1.4304 0.6859 0.9938, 1.4958 0.5214 0.9862, 1.4285 0.685 0.9913, 1.4934 0.5205 0.984, 1.4262 0.6839 0.9891, 1.364 0.7869 0.9908, 1.3353 0.8352 0.9924, 1.3409 0.8386 0.9941, 1.3038 0.8884 0.9941, 1.2973 0.8992 0.9945, 1.3423 0.8395 1.025, 1.3445 0.8408 1.0222, 1.3463 0.8419 1.019, 1.3474 0.8426 1.0157, 1.348 0.843 1.0124, 1.348 0.843 1.0091, 1.3476 0.8428 1.0058, 1.3465 0.8421 1.0022, 1.3449 0.8411 0.9988, 1.3431 0.84 0.9963, 1.5512 0.2933 0.9756, 1.5419 0.3506 0.979, 1.5714 0.1763 0.9739, 1.5445 0.3511 0.9812, 1.574 0.1766 0.9762, 1.5465 0.3516 0.9837, 1.5761 0.1768 0.9787, 1.5484 0.352 0.987, 1.578 0.177 0.982, 1.5497 0.3523 0.9907, 1.5793 0.1772 0.9856, 1.5502 0.3524 0.994, 1.5798 0.1772 0.9889, 1.5501 0.3524 0.9973, 1.5797 0.1772 0.9922, 1.5494 0.3523 1.0005, 1.5791 0.1771 0.9955, 1.5481 0.352 1.0039, 1.5777 0.177 0.9988, 1.5461 0.3515 1.0071, 1.5757 0.1768 1.0021, 1.5436 0.3509 1.0099, 1.5731 0.1765 1.0049, 1.5709 0.1762 1.0066, 1.5578 0.2347 1.0097, 1.5365 0.3492 0.9772, 1.5362 0.3502 0.9773, 1.5061 0.4642 0.9807, 1.4947 0.5072 0.9819, 1.4205 0.6837 0.9874, 1.4089 0.7112 0.9883, 1.4897 0.5192 0.9823, 1.4663 0.5749 0.984, 1.4213 0.6817 0.9873, 1.5647 0.1755 1.0079, 1.5715 0.1176 1.0063, 1.5768 0.0721 1.005, 1.5752 0.0 1.0029, 1.5752 -0.0001 1.0029, 1.5749 -0.0001 0.9672, 1.5749 0.0 0.9672, 1.5767 0.076 0.9693, 1.5718 0.1176 0.9705, 1.565 0.1755 0.9722, 1.5581 0.2347 0.9739, -0.3388 -1.9362 3.1858, -0.2934 -1.9465 4.4654, -0.5802 -1.881 4.4654, -0.5802 -1.881 3.1858, -0.8541 -1.7736 4.4654, -0.8541 -1.7736 3.1858, -1.1089 -1.6265 4.4654, -1.0577 -1.656 3.1858, -0.9626 -1.7109 3.1858, -1.3389 -1.443 4.4654, -1.2948 -1.4782 3.1858, -1.1089 -1.6265 3.1858, -1.1089 1.6265 4.4654, -1.3389 1.443 3.1858, -1.3389 1.443 4.4654, -1.539 1.2273 3.1858, -1.539 1.2273 4.4654, -1.7048 0.9843 3.1858, -1.7048 0.9843 4.4654, -1.8324 0.7192 3.1858, -1.8324 0.7192 4.4654, -1.9191 0.438 3.1858, -1.9191 0.438 4.4654, -1.963 0.1471 3.1858, -1.963 0.1471 4.4654, -1.963 -0.1471 3.1858, -1.963 -0.1471 4.4654, -1.9191 -0.438 3.1858, -1.9191 -0.438 4.4654, -1.8324 -0.7192 3.1858, -1.8324 -0.7192 4.4654, -1.7048 -0.9843 3.1858, -1.7048 -0.9843 4.4654, -1.539 -1.2273 3.1858, -1.539 -1.2273 4.4654, -1.4271 -1.348 3.1858, -1.3389 -1.443 3.1858, -0.5802 1.881 4.4654, -0.8541 1.7736 3.1858, -0.8541 1.7736 4.4654, -0.9626 1.7109 3.1858, -1.1089 1.6265 3.1858, -0.2934 1.9465 4.4654, -0.3388 1.9362 3.1858, -0.5802 1.881 3.1858, 0.0 1.9685 4.4654, -0.1583 1.9566 3.1858, -0.2934 1.9465 3.1858, 0.2934 1.9465 4.4654, 0.0039 1.9682 3.1858, 0.0 1.9685 3.1858, 1.539 -1.2273 4.4654, 1.7048 -0.9843 3.1858, 1.7048 -0.9843 4.4654, 1.8324 -0.7192 3.1858, 1.8324 -0.7192 4.4654, 1.9191 -0.438 3.1858, 1.9191 -0.438 4.4654, 1.963 -0.1471 3.1858, 1.963 -0.1471 4.4654, 1.963 0.1471 3.1858, 1.963 0.1471 4.4654, 1.9191 0.438 3.1858, 1.9191 0.438 4.4654, 1.8324 0.7192 3.1858, 1.8324 0.7192 4.4654, 1.7048 0.9843 3.1858, 1.7048 0.9843 4.4654, 1.539 1.2273 3.1858, 1.539 1.2273 4.4654, 1.3389 1.443 3.1858, 1.3389 1.443 4.4654, 1.1089 1.6265 3.1858, 1.1089 1.6265 4.4654, 0.8541 1.7736 3.1858, 0.8541 1.7736 4.4654, 0.5802 1.881 3.1858, 0.5802 1.881 4.4654, 0.2934 1.9465 3.1858, 0.1719 1.9556 3.1858, 1.3389 -1.443 4.4654, 1.4271 -1.348 3.1858, 1.539 -1.2273 3.1858, 1.1089 -1.6265 4.4654, 1.2948 -1.4782 3.1858, 1.3389 -1.443 3.1858, 0.1719 -1.9556 3.1858, 0.2934 -1.9465 3.1858, 0.2934 -1.9465 4.4654, 0.5802 -1.881 3.1858, 0.5802 -1.881 4.4654, 0.8541 -1.7736 3.1858, 0.8541 -1.7736 4.4654, 1.0577 -1.656 3.1858, 1.1089 -1.6265 3.1858, -0.2934 -1.9465 3.1858, -0.1583 -1.9566 3.1858, 0.0 -1.9685 4.4654, 0.0 -1.9685 3.1858, 0.0039 -1.9682 3.1858, 1.3141 -0.1121 3.1112, 1.3151 -0.0884 3.112, 1.4745 -0.0992 3.1858, 0.809 1.1181 3.1858, 0.8099 1.1175 3.1858, 0.7736 1.0673 3.1575, 0.7117 1.1731 3.1858, 0.7121 1.1095 3.1601, 0.7002 1.1177 3.1606, 0.6573 1.1982 3.1858, 0.6338 1.1555 3.1633, 0.6094 1.2203 3.1858, 0.6047 1.1721 3.1644, 0.4999 1.2203 3.1683, 0.9007 0.9621 3.152, 0.877 0.985 3.1531, 0.9016 1.0552 3.1858, 0.791 1.0553 3.1568, 1.081 0.8963 3.1858, 1.0147 0.8413 3.1464, 1.0782 0.8993 3.1858, 0.9588 0.9056 3.1493, 0.9007 0.962 3.152, 0.9507 1.0152 3.1858, 0.9953 0.9791 3.1858, 1.1959 0.758 3.1858, 1.0959 0.7338 3.1417, 1.1539 0.8138 3.1858, 1.0597 0.7832 3.1438, 1.0309 0.8227 3.1455, 1.3712 0.4429 3.1858, 1.2451 0.4348 3.1301, 1.3378 0.522 3.1858, 1.2046 0.537 3.1339, 1.2942 0.6056 3.1858, 1.1938 0.5586 3.1347, 1.2846 0.6242 3.1858, 1.1839 0.5786 3.1355, 1.2223 0.7228 3.1858, 1.1538 0.639 3.1378, 1.1131 0.7056 3.1406, 1.4748 -0.0543 3.1858, 1.3189 -0.0021 3.115, 1.4667 0.0614 3.1858, 1.3156 0.0795 3.1178, 1.4627 0.0883 3.1858, 1.3145 0.1077 3.1188, 1.4494 0.177 3.1858, 1.313 0.1197 3.1192, 1.4461 0.1936 3.1858, 1.3003 0.2208 3.1227, 1.4274 0.2702 3.1858, 1.2951 0.2452 3.1235, 1.4186 0.3065 3.1858, 1.2771 0.3294 3.1264, 1.3825 0.416 3.1858, 1.2693 0.3551 3.1273, 1.2541 0.4052 3.1291, 1.3132 -0.1197 3.1109, 1.4739 -0.1698 3.1858, 1.3 -0.2223 3.1073, 1.4638 -0.2849 3.1858, 1.2936 -0.2522 3.1063, 1.4268 -0.4696 3.1858, 1.2694 -0.3551 3.1027, 1.4398 -0.4209 3.1858, 1.276 -0.3337 3.1035, 1.4611 -0.3043 3.1858, 1.4637 -0.2854 3.1858, 1.1892 -0.978 3.1858, 1.0597 -0.7832 3.0863, 1.2546 -0.8793 3.1858, 1.0934 -0.7375 3.0883, 1.2843 -0.8257 3.1858, 1.1087 -0.7127 3.0893, 1.3127 -0.7746 3.1858, 1.153 -0.6403 3.0922, 1.3222 -0.7555 3.1858, 1.1839 -0.5787 3.0946, 1.3683 -0.6509 3.1858, 1.1902 -0.5661 3.0951, 1.3701 -0.6468 3.1858, 1.2028 -0.541 3.0961, 1.4094 -0.5351 3.1858, 1.2438 -0.4388 3.0998, 1.252 -0.412 3.1007, 0.8997 -1.2203 3.1656, 0.7875 -1.058 3.0731, 0.9719 -1.2203 3.1858, 0.8759 -0.9861 3.0769, 1.0366 -1.1583 3.1858, 0.9007 -0.9621 3.0781, 1.0661 -1.1261 3.1858, 0.906 -0.957 3.0783, 1.1166 -1.0709 3.1858, 0.9557 -0.9089 3.0807, 1.1794 -0.9905 3.1858, 1.0093 -0.8476 3.0835, 1.0283 -0.8259 3.0844, 0.6967 -1.1198 3.0694, 0.7121 -1.1094 3.07, 0.7797 -1.0633 3.0728, 0.6387 -1.1527 3.0671, 0.6774 -1.2205 3.1032, 0.6008 -1.1741 3.0656, 0.6595 -1.2205 3.0982, 0.4999 -1.2205 3.0617, -1.0326 -1.1382 3.1858, -1.0739 -1.0923 3.1858, -1.1067 -1.1257 3.1647, -1.0616 0.8926 3.1858, -0.9985 0.9526 3.1858, -1.141 1.0884 3.0945, -0.563 1.2205 3.1858, -0.7189 1.2205 3.1569, -0.5774 1.215 3.1858, -0.6787 1.1707 3.1858, -0.7076 1.1551 3.1858, -0.7483 1.2205 3.1503, -0.7758 1.1183 3.1858, -0.8605 1.2205 3.1251, -0.8592 1.0641 3.1858, -0.9859 1.2204 3.093, -0.8689 1.0578 3.1858, -0.9626 0.9851 3.1858, -0.9577 0.9893 3.1858, -1.1173 1.1108 3.0936, -0.9799 0.9702 3.1858, -1.0014 1.2204 3.089, -1.1621 1.0685 3.0954, -1.2337 0.9788 3.0986, -1.1237 0.8231 3.1858, -1.2715 0.9314 3.1004, -1.1364 0.809 3.1858, -1.3 0.8958 3.1017, -1.2044 0.7191 3.1858, -1.3356 0.8355 3.1037, -1.2313 0.6768 3.1858, -1.3808 0.7589 3.1062, -1.2655 0.6231 3.1858, -1.4113 0.7071 3.1079, -1.283 0.5919 3.1858, -1.4218 0.6819 3.1087, -1.3204 0.5166 3.1858, -1.4669 0.5739 3.1121, -1.3338 0.4896 3.1858, -1.4897 0.5191 3.1138, -1.4959 0.5043 3.1142, -1.3763 0.3836 3.1858, -1.5285 0.3794 3.1179, -1.3884 0.3446 3.1858, -1.5364 0.3492 3.1188, -1.4102 0.2742 3.1858, -1.5518 0.2903 3.1205, -1.4348 0.1638 3.1858, -1.5647 0.1786 3.1238, -1.4353 0.1615 3.1858, -1.442 0.1215 3.1858, -1.565 0.1757 3.1239, -1.577 0.0721 3.1268, -1.4547 0.0072 3.1858, -1.5752 0.0001 3.1289, -1.4557 -0.0233 3.1858, -1.5746 -0.0251 3.1296, -1.4584 -0.108 3.1858, -1.5715 -0.1487 3.1332, -1.567 -0.1759 3.1339, -1.4536 -0.2133 3.1858, -1.5583 -0.2285 3.1355, -1.4531 -0.2236 3.1858, -1.4385 -0.3395 3.1858, -1.4024 -0.4999 3.1858, -1.4259 -0.4028 3.1858, -1.5162 -0.4282 3.1413, -1.4297 -0.3874 3.1858, -1.5355 -0.3668 3.1395, -1.5383 -0.3499 3.139, -1.4878 -0.5187 3.144, -1.4695 -0.5768 3.1458, -1.3733 -0.5887 3.1858, -1.4486 -0.6208 3.1472, -1.3663 -0.61 3.1858, -1.4199 -0.681 3.1491, -1.3216 -0.7175 3.1858, -1.3754 -0.7746 3.152, -1.2961 -0.7675 3.1858, -1.3566 -0.8032 3.153, -1.2682 -0.8224 3.1858, -1.3355 -0.8353 3.1541, -1.2473 -0.8584 3.1858, -1.1964 -0.9368 3.1858, -1.254 -0.959 3.1583, -1.2421 -0.9724 3.1589, -1.1831 -0.9573 3.1858, -1.2353 -0.9802 3.1592, -1.1116 -1.0504 3.1858, -1.1187 -1.1124 3.1642, -1.1081 -1.1245 3.1647, -0.9626 -1.205 3.1858, -1.0014 -1.2204 3.1688, -0.9464 -1.2204 3.1858
            ]
        }
        coordIndex [
            0,1,2,-1,3,4,5,-1,6,7,8,-1,9,10,11,-1,12,13,14,-1,14,13,15,-1,15,16,17,-1,17,16,18,-1,17,18,19,-1,20,21,22,-1,22,21,23,-1,21,24,23,-1,23,24,25,-1,23,25,26,-1,27,28,29,-1,29,30,27,-1,27,30,31,-1,27,31,25,-1,25,31,32,-1,25,32,26,-1,33,34,35,-1,35,36,33,-1,33,36,37,-1,33,37,28,-1,28,37,38,-1,28,38,29,-1,39,40,34,-1,34,40,41,-1,34,41,35,-1,42,43,39,-1,43,44,39,-1,39,44,45,-1,39,45,40,-1,39,46,42,-1,42,46,47,-1,42,47,48,-1,48,47,49,-1,49,47,50,-1,49,50,51,-1,52,53,54,-1,54,53,55,-1,51,50,56,-1,56,50,57,-1,56,57,58,-1,58,57,54,-1,58,54,59,-1,59,54,55,-1,59,55,60,-1,61,62,63,-1,63,62,64,-1,63,64,65,-1,66,67,61,-1,66,61,68,-1,61,63,68,-1,68,63,69,-1,68,69,70,-1,71,72,69,-1,69,72,73,-1,69,73,70,-1,69,74,71,-1,71,74,75,-1,71,75,76,-1,11,10,75,-1,75,10,77,-1,75,77,76,-1,8,7,11,-1,11,7,78,-1,11,78,9,-1,6,8,79,-1,79,8,80,-1,79,80,81,-1,81,80,82,-1,82,80,83,-1,82,83,84,-1,84,83,85,-1,84,85,86,-1,86,85,87,-1,87,85,88,-1,87,88,89,-1,89,88,90,-1,89,90,91,-1,91,90,92,-1,92,90,17,-1,92,17,93,-1,93,17,19,-1,93,19,94,-1,95,96,97,-1,98,99,100,-1,100,99,101,-1,100,101,102,-1,103,104,105,-1,106,107,108,-1,108,107,109,-1,108,109,110,-1,111,112,113,-1,113,112,114,-1,113,114,106,-1,115,116,117,-1,118,119,120,-1,120,119,121,-1,120,121,122,-1,123,124,125,-1,125,124,126,-1,125,126,127,-1,127,126,128,-1,127,128,129,-1,129,128,130,-1,129,130,131,-1,131,130,132,-1,131,132,133,-1,133,132,134,-1,133,134,135,-1,135,134,136,-1,135,136,137,-1,137,136,95,-1,137,95,103,-1,103,95,97,-1,103,97,104,-1,138,123,139,-1,139,123,125,-1,139,125,140,-1,140,125,127,-1,140,127,141,-1,141,127,129,-1,141,129,142,-1,142,129,131,-1,142,131,143,-1,143,131,133,-1,143,133,144,-1,144,133,135,-1,144,135,145,-1,145,135,137,-1,145,137,146,-1,146,137,103,-1,146,103,100,-1,100,103,105,-1,100,105,98,-1,147,138,148,-1,148,138,139,-1,148,139,149,-1,149,139,140,-1,149,140,150,-1,150,140,141,-1,150,141,151,-1,151,141,142,-1,151,142,152,-1,152,142,143,-1,152,143,153,-1,153,143,144,-1,153,144,154,-1,154,144,145,-1,154,145,155,-1,155,145,146,-1,155,146,156,-1,156,146,100,-1,156,100,115,-1,115,100,102,-1,115,102,116,-1,157,2,158,-1,158,2,159,-1,158,159,160,-1,160,159,161,-1,160,161,162,-1,163,147,164,-1,164,147,148,-1,164,148,165,-1,165,148,149,-1,165,149,166,-1,166,149,150,-1,166,150,167,-1,167,150,151,-1,167,151,168,-1,168,151,152,-1,168,152,169,-1,169,152,153,-1,169,153,170,-1,170,153,154,-1,170,154,171,-1,171,154,155,-1,171,155,172,-1,172,155,156,-1,172,156,173,-1,173,156,115,-1,173,115,120,-1,120,115,117,-1,120,117,118,-1,174,4,175,-1,175,4,3,-1,175,3,176,-1,176,3,177,-1,178,179,157,-1,157,179,180,-1,157,180,2,-1,2,180,181,-1,2,181,0,-1,1,177,2,-1,2,177,3,-1,2,3,159,-1,159,3,5,-1,159,5,161,-1,182,183,184,-1,184,183,185,-1,184,185,186,-1,186,163,184,-1,184,163,164,-1,184,164,187,-1,187,164,165,-1,187,165,188,-1,188,165,166,-1,188,166,189,-1,189,166,167,-1,189,167,190,-1,190,167,168,-1,190,168,191,-1,191,168,169,-1,191,169,192,-1,192,169,170,-1,192,170,193,-1,193,170,171,-1,193,171,194,-1,194,171,172,-1,194,172,195,-1,195,172,173,-1,195,173,196,-1,196,173,120,-1,196,120,113,-1,113,120,122,-1,113,122,111,-1,21,197,24,-1,24,197,198,-1,24,198,199,-1,199,200,24,-1,24,200,201,-1,24,201,25,-1,25,201,202,-1,25,202,27,-1,27,202,203,-1,27,203,28,-1,28,203,204,-1,28,204,33,-1,33,204,205,-1,33,205,34,-1,34,205,206,-1,34,206,39,-1,39,206,207,-1,39,207,46,-1,46,207,208,-1,46,208,47,-1,47,208,209,-1,47,209,50,-1,50,209,210,-1,50,210,57,-1,57,210,108,-1,57,108,54,-1,54,108,110,-1,54,110,52,-1,199,211,200,-1,200,211,212,-1,200,212,213,-1,106,108,113,-1,113,108,210,-1,113,210,196,-1,196,210,209,-1,196,209,195,-1,195,209,208,-1,195,208,194,-1,194,208,207,-1,194,207,193,-1,193,207,206,-1,193,206,192,-1,192,206,205,-1,192,205,191,-1,191,205,204,-1,191,204,190,-1,190,204,203,-1,190,203,189,-1,189,203,202,-1,189,202,188,-1,188,202,201,-1,188,201,187,-1,187,201,200,-1,187,200,184,-1,184,200,213,-1,184,213,182,-1,186,214,163,-1,163,214,215,-1,163,215,216,-1,216,178,163,-1,163,178,157,-1,163,157,147,-1,147,157,158,-1,147,158,138,-1,138,158,160,-1,138,160,123,-1,123,160,162,-1,123,162,124,-1,217,218,219,-1,219,218,220,-1,221,220,222,-1,223,224,225,-1,225,224,226,-1,225,226,227,-1,227,228,229,-1,229,228,230,-1,229,230,231,-1,222,232,221,-1,221,232,233,-1,221,233,234,-1,234,235,236,-1,236,235,237,-1,236,237,223,-1,15,17,14,-1,14,17,90,-1,14,90,238,-1,238,90,88,-1,238,88,239,-1,239,88,85,-1,239,85,240,-1,240,85,83,-1,240,83,241,-1,241,83,80,-1,241,80,242,-1,242,80,8,-1,242,8,243,-1,243,8,11,-1,243,11,244,-1,244,11,75,-1,244,75,245,-1,245,75,74,-1,245,74,246,-1,246,74,69,-1,246,69,247,-1,247,69,63,-1,247,63,219,-1,219,63,65,-1,219,65,217,-1,223,225,236,-1,236,225,248,-1,236,248,249,-1,249,248,250,-1,249,250,251,-1,251,250,252,-1,251,252,253,-1,253,252,254,-1,253,254,255,-1,255,254,256,-1,255,256,257,-1,257,256,258,-1,257,258,259,-1,259,258,260,-1,259,260,261,-1,261,260,262,-1,261,262,263,-1,263,262,264,-1,263,264,265,-1,265,264,266,-1,265,266,267,-1,267,266,268,-1,267,268,269,-1,270,271,272,-1,272,271,273,-1,272,273,274,-1,220,221,219,-1,219,221,275,-1,219,275,247,-1,247,275,276,-1,247,276,246,-1,246,276,277,-1,246,277,245,-1,245,277,278,-1,245,278,244,-1,244,278,279,-1,244,279,243,-1,243,279,280,-1,243,280,242,-1,242,280,281,-1,242,281,241,-1,241,281,282,-1,241,282,240,-1,240,282,283,-1,240,283,239,-1,239,283,284,-1,239,284,238,-1,238,284,272,-1,238,272,14,-1,14,272,274,-1,14,274,12,-1,285,286,287,-1,287,286,288,-1,287,288,289,-1,289,288,290,-1,289,290,291,-1,291,290,292,-1,291,292,293,-1,293,292,294,-1,293,294,295,-1,295,294,296,-1,295,296,297,-1,297,296,298,-1,297,298,299,-1,299,298,300,-1,299,300,301,-1,301,300,302,-1,301,302,303,-1,303,302,304,-1,303,304,305,-1,305,304,306,-1,305,306,307,-1,307,306,229,-1,307,229,308,-1,308,229,231,-1,308,231,309,-1,285,310,286,-1,286,310,311,-1,286,311,312,-1,227,229,225,-1,225,229,306,-1,225,306,248,-1,248,306,304,-1,248,304,250,-1,250,304,302,-1,250,302,252,-1,252,302,300,-1,252,300,254,-1,254,300,298,-1,254,298,256,-1,256,298,296,-1,256,296,258,-1,258,296,294,-1,258,294,260,-1,260,294,292,-1,260,292,262,-1,262,292,290,-1,262,290,264,-1,264,290,288,-1,264,288,266,-1,266,288,286,-1,266,286,268,-1,268,286,312,-1,268,312,313,-1,314,315,269,-1,313,316,268,-1,268,316,317,-1,268,317,269,-1,269,317,318,-1,269,318,314,-1,234,236,221,-1,221,236,249,-1,221,249,275,-1,275,249,251,-1,275,251,276,-1,276,251,253,-1,276,253,277,-1,277,253,255,-1,277,255,278,-1,278,255,257,-1,278,257,279,-1,279,257,259,-1,279,259,280,-1,280,259,261,-1,280,261,281,-1,281,261,263,-1,281,263,282,-1,282,263,265,-1,282,265,283,-1,283,265,267,-1,283,267,284,-1,284,267,269,-1,284,269,272,-1,272,269,315,-1,272,315,270,-1,309,319,308,-1,308,319,320,-1,308,320,321,-1,321,322,95,-1,95,322,323,-1,95,323,96,-1,174,324,4,-1,4,324,325,-1,4,325,326,-1,327,328,287,-1,287,328,329,-1,287,329,285,-1,321,95,308,-1,308,95,136,-1,308,136,307,-1,307,136,134,-1,307,134,305,-1,305,134,132,-1,305,132,303,-1,303,132,130,-1,303,130,301,-1,301,130,128,-1,301,128,299,-1,299,128,126,-1,299,126,297,-1,297,126,124,-1,297,124,295,-1,295,124,162,-1,295,162,293,-1,293,162,161,-1,293,161,291,-1,291,161,5,-1,291,5,289,-1,289,5,4,-1,289,4,287,-1,287,4,326,-1,287,326,327,-1,330,331,332,-1,330,332,333,-1,333,332,334,-1,333,334,335,-1,336,337,334,-1,334,337,338,-1,334,338,335,-1,339,340,336,-1,336,340,341,-1,336,341,337,-1,342,343,344,-1,344,343,345,-1,344,345,346,-1,346,345,347,-1,346,347,348,-1,348,347,349,-1,348,349,350,-1,350,349,351,-1,350,351,352,-1,352,351,353,-1,352,353,354,-1,354,353,355,-1,354,355,356,-1,356,355,357,-1,356,357,358,-1,358,357,359,-1,358,359,360,-1,360,359,361,-1,360,361,362,-1,362,361,363,-1,362,363,364,-1,364,363,365,-1,364,365,339,-1,339,365,366,-1,339,366,340,-1,367,368,369,-1,369,368,370,-1,369,370,342,-1,342,370,371,-1,342,371,343,-1,372,373,367,-1,367,373,374,-1,367,374,368,-1,375,376,372,-1,372,376,377,-1,372,377,373,-1,378,379,375,-1,375,379,380,-1,375,380,376,-1,381,382,383,-1,383,382,384,-1,383,384,385,-1,385,384,386,-1,385,386,387,-1,387,386,388,-1,387,388,389,-1,389,388,390,-1,389,390,391,-1,391,390,392,-1,391,392,393,-1,393,392,394,-1,393,394,395,-1,395,394,396,-1,395,396,397,-1,397,396,398,-1,397,398,399,-1,399,398,400,-1,399,400,401,-1,401,400,402,-1,401,402,403,-1,403,402,404,-1,403,404,405,-1,405,404,406,-1,405,406,407,-1,407,406,408,-1,407,408,378,-1,378,408,409,-1,378,409,379,-1,410,411,381,-1,381,411,412,-1,381,412,382,-1,413,414,410,-1,410,414,415,-1,410,415,411,-1,416,417,418,-1,418,417,419,-1,418,419,420,-1,420,419,421,-1,420,421,422,-1,422,421,423,-1,422,423,413,-1,413,423,424,-1,413,424,414,-1,330,425,331,-1,331,425,426,-1,331,426,427,-1,427,426,428,-1,427,428,418,-1,418,428,429,-1,418,429,416,-1,430,431,432,-1,433,434,435,-1,433,435,436,-1,435,437,436,-1,436,437,438,-1,436,438,439,-1,439,438,440,-1,439,440,441,-1,441,440,442,-1,441,442,443,-1,444,445,446,-1,446,445,434,-1,434,445,447,-1,434,447,435,-1,448,449,450,-1,450,449,451,-1,444,446,452,-1,452,446,453,-1,452,453,451,-1,451,453,454,-1,451,454,450,-1,455,456,457,-1,457,456,458,-1,457,458,448,-1,448,458,459,-1,448,459,449,-1,460,461,462,-1,462,461,463,-1,462,463,464,-1,464,463,465,-1,464,465,466,-1,466,465,467,-1,466,467,468,-1,468,467,469,-1,468,469,455,-1,455,469,470,-1,455,470,456,-1,432,431,471,-1,471,431,472,-1,471,472,473,-1,473,472,474,-1,473,474,475,-1,475,474,476,-1,475,476,477,-1,477,476,478,-1,477,478,479,-1,479,478,480,-1,479,480,481,-1,481,480,482,-1,481,482,483,-1,483,482,484,-1,483,484,485,-1,485,484,486,-1,485,486,460,-1,460,486,487,-1,460,487,461,-1,430,432,488,-1,488,432,489,-1,488,489,490,-1,490,489,491,-1,490,491,492,-1,493,494,495,-1,495,494,496,-1,495,496,497,-1,497,496,492,-1,497,492,498,-1,498,492,491,-1,499,500,501,-1,501,500,502,-1,501,502,503,-1,503,502,504,-1,503,504,505,-1,505,504,506,-1,505,506,507,-1,507,506,508,-1,507,508,509,-1,509,508,510,-1,509,510,511,-1,511,510,512,-1,511,512,513,-1,513,512,514,-1,513,514,493,-1,493,514,515,-1,493,515,494,-1,516,517,518,-1,518,517,519,-1,518,519,520,-1,520,519,521,-1,520,521,522,-1,522,521,523,-1,522,523,524,-1,524,523,525,-1,524,525,526,-1,526,525,527,-1,526,527,499,-1,499,527,528,-1,499,528,500,-1,529,530,516,-1,516,530,531,-1,516,531,517,-1,529,516,532,-1,532,516,533,-1,532,533,534,-1,534,533,535,-1,534,535,536,-1,537,538,539,-1,540,541,542,-1,543,544,545,-1,545,544,546,-1,546,544,547,-1,547,544,548,-1,547,548,549,-1,549,548,550,-1,549,550,551,-1,551,550,552,-1,551,552,553,-1,554,555,556,-1,542,541,556,-1,556,541,557,-1,556,557,554,-1,553,552,555,-1,555,552,558,-1,555,558,556,-1,542,559,540,-1,540,559,560,-1,540,560,561,-1,561,560,562,-1,561,562,563,-1,563,562,564,-1,563,564,565,-1,565,564,566,-1,565,566,567,-1,567,566,568,-1,567,568,569,-1,569,568,570,-1,569,570,571,-1,571,570,572,-1,571,572,573,-1,573,572,574,-1,573,574,575,-1,574,576,575,-1,575,576,577,-1,575,577,578,-1,578,577,579,-1,578,579,580,-1,580,579,581,-1,580,581,582,-1,582,581,583,-1,582,583,584,-1,584,583,585,-1,584,585,586,-1,586,585,587,-1,585,588,587,-1,587,588,589,-1,587,589,590,-1,590,589,591,-1,590,591,592,-1,592,591,593,-1,592,593,594,-1,593,595,594,-1,594,595,596,-1,594,596,597,-1,597,596,598,-1,597,598,599,-1,599,598,600,-1,601,602,603,-1,603,602,604,-1,603,604,605,-1,605,604,600,-1,605,600,606,-1,606,600,598,-1,603,607,601,-1,601,607,608,-1,601,608,609,-1,609,608,610,-1,609,610,611,-1,611,610,612,-1,611,612,613,-1,613,612,614,-1,613,614,615,-1,615,614,616,-1,615,616,617,-1,617,616,618,-1,617,618,619,-1,619,618,620,-1,618,621,620,-1,620,621,622,-1,620,622,623,-1,623,622,624,-1,623,624,625,-1,625,624,626,-1,625,626,538,-1,538,626,627,-1,538,627,539,-1,537,539,628,-1,628,539,629,-1,628,629,630,-1,
        ]
    }
}
Shape{
    appearance Appearance {
        material  Material 	{
            diffuseColor 1.0 1.0 0.9490196078431372
            specularColor 0.5019607843137255 0.5019607843137255 0.4745098039215686
            ambientIntensity 0.9942
            transparency 0.0
            shininess 0.5
        }
    }
    geometry IndexedFaceSet {
        ccw TRUE
        solid FALSE
        coord DEF co Coordinate {
            point [
                -0.4592 -1.4784 3.1858, -0.3491 -1.4784 3.1858, -0.4592 -1.4784 3.1465, -0.3491 -1.4784 3.1465, -0.3491 -1.4991 3.1858, -0.3491 -1.4991 3.1465, -0.4359 -1.4991 3.1858, -0.4359 -1.4991 3.1465, -0.4359 -1.6546 3.1858, -0.4359 -1.6546 3.1465, -0.4592 -1.6546 3.1858, -0.4592 -1.6546 3.1465, -0.214 -1.5067 3.1858, -0.214 -1.5067 3.1465, -0.2087 -1.5121 3.1465, -0.2087 -1.5121 3.1858, -0.2022 -1.5222 3.1465, -0.2022 -1.5222 3.1858, -0.1961 -1.5402 3.1465, -0.1961 -1.5402 3.1858, -0.2475 -1.4954 3.1858, -0.2475 -1.4954 3.1465, -0.2337 -1.4969 3.1465, -0.2337 -1.4969 3.1858, -0.2231 -1.5007 3.1465, -0.2231 -1.5007 3.1858, -0.2894 -1.5144 3.1858, -0.2894 -1.5144 3.1465, -0.2811 -1.506 3.1465, -0.2811 -1.506 3.1858, -0.2718 -1.5003 3.1465, -0.2718 -1.5003 3.1858, -0.2612 -1.4968 3.1465, -0.2612 -1.4968 3.1858, -0.3043 -1.568 3.1858, -0.3043 -1.568 3.1465, -0.3043 -1.5669 3.1465, -0.3043 -1.5669 3.1858, -0.3012 -1.5394 3.1465, -0.3012 -1.5394 3.1858, -0.2959 -1.5248 3.1465, -0.2959 -1.5248 3.1858, -0.2888 -1.6192 3.1858, -0.2888 -1.6192 3.1465, -0.2963 -1.6077 3.1465, -0.2963 -1.6077 3.1858, -0.3017 -1.5924 3.1465, -0.3017 -1.5924 3.1858, -0.2457 -1.6376 3.1858, -0.2457 -1.6376 3.1465, -0.2585 -1.6365 3.1465, -0.2585 -1.6365 3.1858, -0.2705 -1.6329 3.1465, -0.2705 -1.6329 3.1858, -0.2802 -1.6274 3.1465, -0.2802 -1.6274 3.1858, -0.216 -1.6285 3.1858, -0.216 -1.6285 3.1465, -0.2231 -1.6329 3.1465, -0.2231 -1.6329 3.1858, -0.2327 -1.6363 3.1465, -0.2327 -1.6363 3.1858, -0.1985 -1.6006 3.1858, -0.1985 -1.6006 3.1465, -0.2015 -1.6084 3.1465, -0.2015 -1.6084 3.1858, -0.209 -1.6212 3.1465, -0.209 -1.6212 3.1858, -0.1757 -1.606 3.1858, -0.1757 -1.606 3.1465, -0.201 -1.6442 3.1858, -0.201 -1.6442 3.1465, -0.1934 -1.6377 3.1465, -0.1934 -1.6377 3.1858, -0.1841 -1.6256 3.1465, -0.1841 -1.6256 3.1858, -0.2312 -1.6564 3.1858, -0.2452 -1.6574 3.1858, -0.2312 -1.6564 3.1465, -0.2452 -1.6574 3.1465, -0.2298 -1.656 3.1858, -0.215 -1.652 3.1465, -0.215 -1.652 3.1858, -0.3057 -1.6329 3.1858, -0.3057 -1.6329 3.1465, -0.3015 -1.6372 3.1465, -0.3015 -1.6372 3.1858, -0.2863 -1.648 3.1465, -0.2863 -1.648 3.1858, -0.2697 -1.6545 3.1465, -0.2697 -1.6545 3.1858, -0.2571 -1.656 3.1858, -0.3284 -1.5677 3.1858, -0.3284 -1.5677 3.1465, -0.3282 -1.5753 3.1465, -0.3282 -1.5753 3.1858, -0.3246 -1.5983 3.1465, -0.3246 -1.5983 3.1858, -0.3172 -1.6171 3.1465, -0.3172 -1.6171 3.1858, -0.3089 -1.5028 3.1858, -0.3089 -1.5028 3.1465, -0.3158 -1.5139 3.1465, -0.3158 -1.5139 3.1858, -0.3246 -1.5365 3.1465, -0.3246 -1.5365 3.1858, -0.2471 -1.4755 3.1858, -0.2454 -1.4755 3.1858, -0.2471 -1.4755 3.1465, -0.2454 -1.4755 3.1465, -0.2696 -1.4782 3.1858, -0.2722 -1.4786 3.1465, -0.2722 -1.4786 3.1858, -0.2882 -1.4847 3.1465, -0.2882 -1.4847 3.1858, -0.3004 -1.4932 3.1465, -0.3004 -1.4932 3.1858, -0.2092 -1.4838 3.1858, -0.1991 -1.4905 3.1858, -0.2092 -1.4838 3.1465, -0.1991 -1.4905 3.1465, -0.2236 -1.4782 3.1858, -0.224 -1.4781 3.1465, -0.224 -1.4781 3.1858, -0.1727 -1.5342 3.1858, -0.1727 -1.5342 3.1465, -0.1785 -1.5177 3.1465, -0.1785 -1.5177 3.1858, -0.1875 -1.5024 3.1465, -0.1875 -1.5024 3.1858, -0.1438 -1.4784 3.1858, -0.0123 -1.4784 3.1858, -0.1438 -1.4784 3.1465, -0.0123 -1.4784 3.1465, -0.0123 -1.4991 3.1858, -0.0123 -1.4991 3.1465, -0.1205 -1.4991 3.1858, -0.1205 -1.4991 3.1465, -0.1205 -1.5591 3.1858, -0.1205 -1.5591 3.1465, -0.0231 -1.5591 3.1858, -0.0231 -1.5591 3.1465, -0.0231 -1.5797 3.1858, -0.0231 -1.5797 3.1465, -0.1205 -1.5797 3.1858, -0.1205 -1.5797 3.1465, -0.1205 -1.6337 3.1858, -0.1205 -1.6337 3.1465, -0.0164 -1.6337 3.1858, -0.0164 -1.6337 3.1465, -0.0164 -1.6546 3.1858, -0.0164 -1.6546 3.1465, -0.1438 -1.6546 3.1858, -0.1438 -1.6546 3.1465, 0.0202 -1.4781 3.1858, 0.0836 -1.4781 3.1858, 0.0202 -1.4781 3.1465, 0.0836 -1.4781 3.1465, 0.1017 -1.4791 3.1858, 0.1168 -1.4823 3.1858, 0.1017 -1.4791 3.1465, 0.1168 -1.4823 3.1465, 0.0858 -1.4782 3.1858, 0.1415 -1.4973 3.1858, 0.1415 -1.4973 3.1465, 0.1285 -1.4875 3.1465, 0.1285 -1.4875 3.1858, 0.1591 -1.5264 3.1858, 0.1591 -1.5264 3.1465, 0.1576 -1.5226 3.1465, 0.1576 -1.5226 3.1858, 0.1496 -1.507 3.1465, 0.1496 -1.507 3.1858, 0.1655 -1.5677 3.1858, 0.1655 -1.5677 3.1465, 0.1639 -1.5459 3.1465, 0.1639 -1.5459 3.1858, 0.1607 -1.6028 3.1858, 0.1607 -1.6028 3.1465, 0.1643 -1.5863 3.1465, 0.1643 -1.5863 3.1858, 0.1473 -1.6294 3.1858, 0.1473 -1.6294 3.1465, 0.155 -1.6172 3.1465, 0.155 -1.6172 3.1858, 0.1288 -1.6457 3.1858, 0.1288 -1.6457 3.1465, 0.1383 -1.6391 3.1465, 0.1383 -1.6391 3.1858, 0.1097 -1.6528 3.1858, 0.1097 -1.6528 3.1465, 0.1192 -1.6501 3.1465, 0.1192 -1.6501 3.1858, 0.0808 -1.6546 3.1858, 0.0808 -1.6546 3.1465, 0.0978 -1.6541 3.1465, 0.0978 -1.6541 3.1858, 0.0202 -1.6546 3.1858, 0.0202 -1.6546 3.1465, 0.0202 -1.4782 3.1858, 0.1782 -1.4784 3.1858, 0.2028 -1.4784 3.1858, 0.1782 -1.4784 3.1465, 0.2028 -1.4784 3.1465, 0.2222 -1.5318 3.1858, 0.2222 -1.5318 3.1465, 0.2957 -1.5318 3.1858, 0.2957 -1.5318 3.1465, 0.3164 -1.4784 3.1858, 0.3164 -1.4784 3.1465, 0.3427 -1.4784 3.1858, 0.3427 -1.4784 3.1465, 0.2709 -1.6546 3.1858, 0.2709 -1.6546 3.1465, 0.2458 -1.6546 3.1858, 0.2458 -1.6546 3.1465
            ]
        }
        coordIndex [
            0,1,2,-1,2,1,3,-1,1,4,3,-1,3,4,5,-1,4,6,5,-1,5,6,7,-1,6,8,7,-1,7,8,9,-1,8,10,9,-1,9,10,11,-1,10,0,11,-1,11,0,2,-1,12,13,14,-1,12,14,15,-1,15,14,16,-1,15,16,17,-1,17,16,18,-1,17,18,19,-1,20,21,22,-1,20,22,23,-1,23,22,24,-1,23,24,25,-1,25,24,13,-1,25,13,12,-1,26,27,28,-1,26,28,29,-1,29,28,30,-1,29,30,31,-1,31,30,32,-1,31,32,33,-1,33,32,21,-1,33,21,20,-1,34,35,36,-1,34,36,37,-1,37,36,38,-1,37,38,39,-1,39,38,40,-1,39,40,41,-1,41,40,27,-1,41,27,26,-1,42,43,44,-1,42,44,45,-1,45,44,46,-1,45,46,47,-1,47,46,35,-1,47,35,34,-1,48,49,50,-1,48,50,51,-1,51,50,52,-1,51,52,53,-1,53,52,54,-1,53,54,55,-1,55,54,43,-1,55,43,42,-1,56,57,58,-1,56,58,59,-1,59,58,60,-1,59,60,61,-1,61,60,49,-1,61,49,48,-1,62,63,64,-1,62,64,65,-1,65,64,66,-1,65,66,67,-1,67,66,57,-1,67,57,56,-1,62,68,63,-1,63,68,69,-1,70,71,72,-1,70,72,73,-1,73,72,74,-1,73,74,75,-1,75,74,69,-1,75,69,68,-1,76,77,78,-1,78,77,79,-1,76,78,80,-1,80,78,81,-1,80,81,82,-1,82,81,71,-1,82,71,70,-1,83,84,85,-1,83,85,86,-1,86,85,87,-1,86,87,88,-1,88,87,89,-1,88,89,90,-1,90,89,91,-1,91,89,79,-1,91,79,77,-1,92,93,94,-1,92,94,95,-1,95,94,96,-1,95,96,97,-1,97,96,98,-1,97,98,99,-1,99,98,84,-1,99,84,83,-1,100,101,102,-1,100,102,103,-1,103,102,104,-1,103,104,105,-1,105,104,93,-1,105,93,92,-1,106,107,108,-1,108,107,109,-1,106,108,110,-1,110,108,111,-1,110,111,112,-1,112,111,113,-1,112,113,114,-1,114,113,115,-1,114,115,116,-1,116,115,101,-1,116,101,100,-1,117,118,119,-1,119,118,120,-1,117,119,121,-1,121,119,122,-1,121,122,123,-1,123,122,109,-1,123,109,107,-1,124,125,126,-1,124,126,127,-1,127,126,128,-1,127,128,129,-1,129,128,120,-1,129,120,118,-1,124,19,125,-1,125,19,18,-1,130,131,132,-1,132,131,133,-1,131,134,133,-1,133,134,135,-1,134,136,135,-1,135,136,137,-1,136,138,137,-1,137,138,139,-1,138,140,139,-1,139,140,141,-1,140,142,141,-1,141,142,143,-1,142,144,143,-1,143,144,145,-1,144,146,145,-1,145,146,147,-1,146,148,147,-1,147,148,149,-1,148,150,149,-1,149,150,151,-1,150,152,151,-1,151,152,153,-1,152,130,153,-1,153,130,132,-1,154,155,156,-1,156,155,157,-1,158,159,160,-1,160,159,161,-1,158,160,162,-1,162,160,157,-1,162,157,155,-1,163,164,165,-1,163,165,166,-1,166,165,161,-1,166,161,159,-1,167,168,169,-1,167,169,170,-1,170,169,171,-1,170,171,172,-1,172,171,164,-1,172,164,163,-1,173,174,175,-1,173,175,176,-1,176,175,168,-1,176,168,167,-1,177,178,179,-1,177,179,180,-1,180,179,174,-1,180,174,173,-1,181,182,183,-1,181,183,184,-1,184,183,178,-1,184,178,177,-1,185,186,187,-1,185,187,188,-1,188,187,182,-1,188,182,181,-1,189,190,191,-1,189,191,192,-1,192,191,186,-1,192,186,185,-1,193,194,195,-1,193,195,196,-1,196,195,190,-1,196,190,189,-1,193,197,194,-1,194,197,198,-1,154,156,199,-1,199,156,198,-1,199,198,197,-1,200,201,202,-1,202,201,203,-1,201,204,203,-1,203,204,205,-1,204,206,205,-1,205,206,207,-1,206,208,207,-1,207,208,209,-1,208,210,209,-1,209,210,211,-1,210,212,211,-1,211,212,213,-1,212,214,213,-1,213,214,215,-1,214,200,215,-1,215,200,202,-1,
        ]
    }
}
Shape{
    appearance Appearance {
        material  Material 	{
            diffuseColor 0.29411764705882354 0.29411764705882354 0.29411764705882354
            specularColor 0.14901960784313725 0.14901960784313725 0.14901960784313725
            ambientIntensity 0.2941
            transparency 0.0
            shininess 0.5
        }
    }
    geometry IndexedFaceSet {
        ccw TRUE
        solid FALSE
        coord DEF co Coordinate {
            point [
                -1.577 -0.0724 1.1467, -1.5752 -0.0002 1.1446, -1.581 -0.0001 1.1433, -1.5382 0.3508 1.0988, -1.5383 0.3498 1.0988, -1.5419 0.3506 1.1005, -1.5714 0.1763 1.1056, -1.5815 -0.0001 1.1106, -1.5841 -0.0001 1.1128, -1.0188 -1.2205 1.1663, -1.0185 -1.2205 1.1684, -1.1274 -1.121 1.1642, -1.0181 -1.2205 1.1702, -1.0174 -1.2205 1.1717, -1.1269 -1.1205 1.1675, -1.0714 -1.1541 1.1817, -1.1172 -1.1108 1.1799, -1.1211 -1.1148 1.1786, -1.1572 -1.0731 1.1784, -1.1619 -1.0687 1.1782, -1.0027 -1.2205 1.1839, -1.0012 -1.2203 1.1845, -1.0045 -1.2205 1.1829, -1.1226 -1.1163 1.1769, -1.008 -1.2205 1.1812, -1.0121 -1.2205 1.1783, -1.0114 -1.2205 1.1791, -1.0097 -1.2205 1.1803, -1.1245 -1.1182 1.1741, -1.1259 -1.1196 1.1708, -1.0155 -1.2205 1.1749, -1.0163 -1.2205 1.1738, -1.0184 -1.2205 1.1692, -1.0187 -1.2205 1.1651, -1.1274 -1.1211 1.1609, -1.0181 -1.2205 1.1624, -1.0179 -1.2205 1.1619, -1.1271 -1.1207 1.1576, -1.0176 -1.2205 1.1612, -1.1261 -1.1198 1.154, -1.0157 -1.2205 1.158, -1.0149 -1.2205 1.1571, -1.1248 -1.1185 1.1507, -1.0127 -1.2205 1.155, -1.0111 -1.2205 1.1536, -1.1233 -1.117 1.1482, -1.0081 -1.2205 1.1517, -1.1214 -1.1152 1.1459, -1.0054 -1.2204 1.1505, -1.0713 -1.154 1.146, -1.0012 -1.2203 1.1488, -1.2333 -0.9787 1.1392, -1.2313 -0.9813 1.1393, -1.2389 -0.9832 1.1409, -1.1617 -1.0684 1.1424, -1.157 -1.0728 1.1426, -1.117 -1.1106 1.1442, -1.003 1.2205 1.0697, -1.0013 1.2203 1.069, -1.0732 1.1555 1.0718, -1.0056 1.2205 1.071, -1.1213 1.115 1.0753, -1.1231 1.1168 1.0775, -1.0101 1.2205 1.0733, -1.1246 1.1183 1.0801, -1.126 1.1196 1.0834, -1.0161 1.2205 1.0791, -1.0158 1.2205 1.0787, -1.013 1.2205 1.0758, -1.0117 1.2205 1.0746, -1.1269 1.1205 1.087, -1.1273 1.1209 1.0903, -1.0188 1.2205 1.0861, -1.0186 1.2205 1.0844, -1.0183 1.2205 1.0834, -1.0166 1.2205 1.0798, -1.1272 1.1208 1.0936, -1.0189 1.2205 1.0885, -1.019 1.2205 1.0873, -1.0177 1.2205 1.0927, -1.0178 1.2205 1.0925, -1.0183 1.2205 1.0913, -1.0187 1.2205 1.0894, -1.1267 1.1204 1.0969, -1.1258 1.1194 1.1002, -1.0159 1.2205 1.0956, -1.0151 1.2205 1.0966, -1.1243 1.118 1.1034, -1.0123 1.2205 1.0991, -1.1185 1.1123 1.1093, -1.1096 1.1225 1.1089, -1.1209 1.1146 1.108, -1.0731 1.1554 1.1075, -1.0112 1.2205 1.1001, -1.1225 1.1161 1.1063, -1.0081 1.2205 1.102, -1.0048 1.2204 1.1033, -1.0012 1.2203 1.1048, -1.5752 -0.0001 1.1446, -1.5722 0.1178 1.1413, -1.5715 0.1473 1.1404, -1.5381 0.3498 1.1346, -1.5379 0.3508 1.1345, -1.5414 0.3505 1.1332, -1.5357 0.3645 1.1341, -1.5048 0.4637 1.1312, -1.5709 0.1762 1.1382, -1.5668 0.1757 1.1396, -1.5571 0.2344 1.1379, -1.255 0.9572 1.1152, -1.2351 0.9798 1.1144, -1.2383 0.9825 1.113, -1.2329 0.9823 1.1143, -1.155 1.0708 1.1109, -1.3665 0.7884 1.121, -1.3356 0.8352 1.1194, -1.3404 0.8383 1.1181, -1.3015 0.8868 1.1177, -1.4929 0.5204 1.1281, -1.4877 0.5186 1.1295, -1.4697 0.5761 1.1278, -1.4696 0.5764 1.1278, -1.42 0.6809 1.1245, -1.4257 0.6837 1.1231, -1.419 0.683 1.1244, -1.3753 0.7751 1.1215, -1.578 0.177 1.1136, -1.5894 -0.0002 1.1223, -1.5793 0.1772 1.1173, -1.59 -0.0002 1.1256, -1.5798 0.1772 1.1206, -1.5899 -0.0002 1.1289, -1.5797 0.1772 1.1239, -1.5892 -0.0002 1.1322, -1.579 0.1771 1.1271, -1.5878 -0.0002 1.1355, -1.5777 0.177 1.1305, -1.5858 -0.0002 1.1387, -1.5757 0.1768 1.1337, -1.5832 -0.0001 1.1416, -1.5731 0.1765 1.1365, -1.5465 0.3516 1.1053, -1.5484 0.3521 1.1086, -1.5497 0.3523 1.1123, -1.5502 0.3525 1.1155, -1.5501 0.3524 1.1188, -1.5494 0.3523 1.1221, -1.5481 0.352 1.1254, -1.5461 0.3515 1.1287, -1.5436 0.351 1.1315, -1.4958 0.5214 1.0977, -1.4978 0.5221 1.1002, -1.4997 0.5227 1.1036, -1.5009 0.5231 1.1072, -1.5014 0.5233 1.1105, -1.5013 0.5233 1.1138, -1.5006 0.5231 1.117, -1.4994 0.5226 1.1204, -1.4974 0.5219 1.1236, -1.495 0.5211 1.1264, -1.4934 0.5205 1.0955, -1.5445 0.3512 1.1028, -1.574 0.1766 1.1078, -1.5761 0.1768 1.1103, -1.5862 -0.0002 1.1154, -1.5882 -0.0002 1.1187, -1.4262 0.6839 1.0904, -1.4285 0.685 1.0927, -1.4304 0.6859 1.0952, -1.4322 0.6868 1.0985, -1.4333 0.6873 1.1022, -1.4338 0.6876 1.1054, -1.4337 0.6875 1.1087, -1.4331 0.6872 1.112, -1.4319 0.6866 1.1153, -1.4301 0.6858 1.1186, -1.4277 0.6846 1.1214, -1.5725 0.1178 1.1055, -1.5718 0.1477 1.1047, -1.5672 0.1757 1.1039, -1.5574 0.2345 1.1022, -1.4709 0.5721 1.0922, -1.4876 0.5186 1.0938, -1.5048 0.4637 1.0954, -1.536 0.3638 1.0984, -1.3015 0.8868 1.0819, -1.3354 0.8351 1.0837, -1.3409 0.8386 1.0854, -1.3661 0.7882 1.0853, -1.3767 0.772 1.0858, -1.3431 0.84 1.0876, -1.3449 0.8411 1.0901, -1.3465 0.8421 1.0935, -1.3476 0.8428 1.0971, -1.348 0.8431 1.1004, -1.348 0.843 1.1037, -1.3474 0.8427 1.107, -1.3462 0.8419 1.1103, -1.3445 0.8409 1.1135, -1.3423 0.8395 1.1163, -1.1105 1.1219 1.0732, -1.1188 1.1125 1.0736, -1.1552 1.0711 1.0752, -1.2388 0.9828 1.0804, -1.2408 0.9845 1.0826, -1.2424 0.9858 1.0851, -1.244 0.987 1.0884, -1.245 0.9878 1.0921, -1.2454 0.9881 1.0953, -1.2453 0.988 1.0986, -1.2448 0.9876 1.1019, -1.2437 0.9868 1.1053, -1.2421 0.9855 1.1085, -1.2401 0.9839 1.1113, -1.2331 0.9825 1.0785, -1.2353 0.98 1.0786, -1.2554 0.9573 1.0795, -1.4187 0.6828 1.0887, -1.4197 0.6808 1.0887, -1.469 0.5761 1.092, -1.2315 -0.9815 1.175, -1.2336 -0.979 1.1749, -1.2385 -0.9829 1.1735, -1.2993 -0.8967 1.1719, -1.3403 -0.8386 1.1685, -1.3041 -0.8886 1.1716, -1.4661 -0.5752 1.1615, -1.4895 -0.5192 1.1598, -1.4927 -0.5203 1.1584, -1.4952 -0.5055 1.1594, -1.506 -0.4646 1.1581, -1.536 -0.3504 1.1548, -1.5416 -0.3506 1.1534, -1.5363 -0.3492 1.1547, -1.5516 -0.2911 1.153, -1.3354 -0.8356 1.1699, -1.364 -0.787 1.1683, -1.4103 -0.7087 1.1656, -1.4206 -0.684 1.1649, -1.4253 -0.6837 1.1635, -1.4215 -0.682 1.1648, -1.241 -0.9849 1.1431, -1.2426 -0.9862 1.1456, -1.2441 -0.9874 1.1489, -1.2452 -0.9882 1.1526, -1.2456 -0.9885 1.1559, -1.2455 -0.9884 1.1592, -1.2449 -0.988 1.1624, -1.2439 -0.9872 1.1658, -1.2423 -0.9859 1.169, -1.2403 -0.9843 1.1718, -1.4948 -0.5211 1.1567, -1.4273 -0.6846 1.1617, -1.4972 -0.5219 1.1539, -1.4296 -0.6858 1.1589, -1.4991 -0.5226 1.1506, -1.4314 -0.6866 1.1557, -1.5004 -0.523 1.1473, -1.4326 -0.6872 1.1524, -1.501 -0.5232 1.144, -1.4333 -0.6875 1.1491, -1.5011 -0.5233 1.1407, -1.4333 -0.6876 1.1458, -1.5006 -0.5231 1.1375, -1.4329 -0.6873 1.1425, -1.4994 -0.5227 1.1338, -1.4317 -0.6868 1.1389, -1.4976 -0.522 1.1305, -1.43 -0.6859 1.1355, -1.4956 -0.5214 1.128, -1.4281 -0.685 1.133, -1.4932 -0.5205 1.1258, -1.4257 -0.6839 1.1308, -1.364 -0.787 1.1325, -1.3353 -0.8356 1.1341, -1.3407 -0.8389 1.1358, -1.304 -0.8885 1.1359, -1.2998 -0.8955 1.1361, -1.3421 -0.8397 1.1668, -1.3444 -0.8411 1.164, -1.3461 -0.8422 1.1607, -1.3472 -0.8429 1.1574, -1.3478 -0.8433 1.1541, -1.3479 -0.8433 1.1508, -1.3474 -0.8431 1.1476, -1.3463 -0.8424 1.1439, -1.3447 -0.8413 1.1406, -1.3429 -0.8402 1.1381, -1.5511 -0.2916 1.1173, -1.5421 -0.3507 1.1207, -1.5718 -0.1765 1.1157, -1.5447 -0.3513 1.1229, -1.5744 -0.1768 1.1179, -1.5467 -0.3517 1.1255, -1.5765 -0.1771 1.1204, -1.5486 -0.3522 1.1288, -1.5784 -0.1773 1.1237, -1.5499 -0.3524 1.1324, -1.5797 -0.1774 1.1274, -1.5504 -0.3526 1.1357, -1.5802 -0.1775 1.1306, -1.5503 -0.3525 1.139, -1.5801 -0.1775 1.1339, -1.5496 -0.3524 1.1423, -1.5794 -0.1774 1.1372, -1.5483 -0.3521 1.1456, -1.5781 -0.1772 1.1406, -1.5463 -0.3516 1.1488, -1.5761 -0.177 1.1438, -1.5438 -0.3511 1.1517, -1.5735 -0.1767 1.1466, -1.5713 -0.1765 1.1483, -1.5581 -0.2349 1.1514, -1.5361 -0.3492 1.119, -1.5358 -0.3504 1.119, -1.5062 -0.4646 1.1224, -1.4962 -0.503 1.1235, -1.4212 -0.6842 1.1291, -1.4125 -0.7051 1.1298, -1.4895 -0.5192 1.124, -1.4663 -0.5753 1.1258, -1.422 -0.6822 1.1291, -1.565 -0.1758 1.1497, -1.5717 -0.1177 1.148, -1.5751 -0.0001 1.1089, -1.5751 -0.0002 1.1089, -1.5768 -0.072 1.111, -1.5714 -0.1176 1.1123, -1.5646 -0.1757 1.1139, -1.5577 -0.2348 1.1156
            ]
        }
        coordIndex [
            0,1,2,-1,3,4,5,-1,6,7,8,-1,9,10,11,-1,12,13,14,-1,15,16,17,-1,17,16,18,-1,17,18,19,-1,20,21,15,-1,20,15,22,-1,15,17,22,-1,22,17,23,-1,22,23,24,-1,25,26,23,-1,23,26,27,-1,23,27,24,-1,23,28,25,-1,25,28,29,-1,25,29,30,-1,14,13,29,-1,29,13,31,-1,29,31,30,-1,11,10,14,-1,14,10,32,-1,14,32,12,-1,9,11,33,-1,33,11,34,-1,33,34,35,-1,35,34,36,-1,36,34,37,-1,36,37,38,-1,38,37,39,-1,38,39,40,-1,40,39,41,-1,41,39,42,-1,41,42,43,-1,43,42,44,-1,44,42,45,-1,44,45,46,-1,46,45,47,-1,46,47,48,-1,48,47,49,-1,48,49,50,-1,51,52,53,-1,53,52,54,-1,54,55,47,-1,47,55,56,-1,47,56,49,-1,57,58,59,-1,57,59,60,-1,59,61,60,-1,60,61,62,-1,60,62,63,-1,64,65,66,-1,66,67,64,-1,64,67,68,-1,64,68,62,-1,62,68,69,-1,62,69,63,-1,70,71,72,-1,72,73,70,-1,70,73,74,-1,70,74,65,-1,65,74,75,-1,65,75,66,-1,76,77,71,-1,71,77,78,-1,71,78,72,-1,79,80,76,-1,80,81,76,-1,76,81,82,-1,76,82,77,-1,76,83,79,-1,79,83,84,-1,79,84,85,-1,85,84,86,-1,86,84,87,-1,86,87,88,-1,89,90,91,-1,91,90,92,-1,88,87,93,-1,93,87,94,-1,93,94,95,-1,95,94,91,-1,95,91,96,-1,96,91,92,-1,96,92,97,-1,1,98,2,-1,2,98,99,-1,2,99,100,-1,101,102,103,-1,103,102,104,-1,103,104,105,-1,106,107,108,-1,109,110,111,-1,111,110,112,-1,111,112,113,-1,114,115,116,-1,116,115,117,-1,116,117,109,-1,118,119,120,-1,121,122,123,-1,123,122,124,-1,123,124,125,-1,126,127,128,-1,128,127,129,-1,128,129,130,-1,130,129,131,-1,130,131,132,-1,132,131,133,-1,132,133,134,-1,134,133,135,-1,134,135,136,-1,136,135,137,-1,136,137,138,-1,138,137,139,-1,138,139,140,-1,140,139,2,-1,140,2,106,-1,106,2,100,-1,106,100,107,-1,141,126,142,-1,142,126,128,-1,142,128,143,-1,143,128,130,-1,143,130,144,-1,144,130,132,-1,144,132,145,-1,145,132,134,-1,145,134,146,-1,146,134,136,-1,146,136,147,-1,147,136,138,-1,147,138,148,-1,148,138,140,-1,148,140,149,-1,149,140,106,-1,149,106,103,-1,103,106,108,-1,103,108,101,-1,150,141,151,-1,151,141,142,-1,151,142,152,-1,152,142,143,-1,152,143,153,-1,153,143,144,-1,153,144,154,-1,154,144,145,-1,154,145,155,-1,155,145,146,-1,155,146,156,-1,156,146,147,-1,156,147,157,-1,157,147,148,-1,157,148,158,-1,158,148,149,-1,158,149,159,-1,159,149,103,-1,159,103,118,-1,118,103,105,-1,118,105,119,-1,160,5,161,-1,161,5,162,-1,161,162,163,-1,163,162,164,-1,163,164,165,-1,166,150,167,-1,167,150,151,-1,167,151,168,-1,168,151,152,-1,168,152,169,-1,169,152,153,-1,169,153,170,-1,170,153,154,-1,170,154,171,-1,171,154,155,-1,171,155,172,-1,172,155,156,-1,172,156,173,-1,173,156,157,-1,173,157,174,-1,174,157,158,-1,174,158,175,-1,175,158,159,-1,175,159,176,-1,176,159,118,-1,176,118,123,-1,123,118,120,-1,123,120,121,-1,177,7,178,-1,178,7,6,-1,178,6,179,-1,179,6,180,-1,181,182,160,-1,160,182,183,-1,160,183,5,-1,5,183,184,-1,5,184,3,-1,4,180,5,-1,5,180,6,-1,5,6,162,-1,162,6,8,-1,162,8,164,-1,185,186,187,-1,187,186,188,-1,187,188,189,-1,189,166,187,-1,187,166,167,-1,187,167,190,-1,190,167,168,-1,190,168,191,-1,191,168,169,-1,191,169,192,-1,192,169,170,-1,192,170,193,-1,193,170,171,-1,193,171,194,-1,194,171,172,-1,194,172,195,-1,195,172,173,-1,195,173,196,-1,196,173,174,-1,196,174,197,-1,197,174,175,-1,197,175,198,-1,198,175,176,-1,198,176,199,-1,199,176,123,-1,199,123,116,-1,116,123,125,-1,116,125,114,-1,59,200,61,-1,61,200,201,-1,61,201,202,-1,202,203,61,-1,61,203,204,-1,61,204,62,-1,62,204,205,-1,62,205,64,-1,64,205,206,-1,64,206,65,-1,65,206,207,-1,65,207,70,-1,70,207,208,-1,70,208,71,-1,71,208,209,-1,71,209,76,-1,76,209,210,-1,76,210,83,-1,83,210,211,-1,83,211,84,-1,84,211,212,-1,84,212,87,-1,87,212,213,-1,87,213,94,-1,94,213,111,-1,94,111,91,-1,91,111,113,-1,91,113,89,-1,202,214,203,-1,203,214,215,-1,203,215,216,-1,109,111,116,-1,116,111,213,-1,116,213,199,-1,199,213,212,-1,199,212,198,-1,198,212,211,-1,198,211,197,-1,197,211,210,-1,197,210,196,-1,196,210,209,-1,196,209,195,-1,195,209,208,-1,195,208,194,-1,194,208,207,-1,194,207,193,-1,193,207,206,-1,193,206,192,-1,192,206,205,-1,192,205,191,-1,191,205,204,-1,191,204,190,-1,190,204,203,-1,190,203,187,-1,187,203,216,-1,187,216,185,-1,189,217,166,-1,166,217,218,-1,166,218,219,-1,219,181,166,-1,166,181,160,-1,166,160,150,-1,150,160,161,-1,150,161,141,-1,141,161,163,-1,141,163,126,-1,126,163,165,-1,126,165,127,-1,220,221,222,-1,222,221,223,-1,224,223,225,-1,226,227,228,-1,228,227,229,-1,228,229,230,-1,230,231,232,-1,232,231,233,-1,232,233,234,-1,225,235,224,-1,224,235,236,-1,224,236,237,-1,237,238,239,-1,239,238,240,-1,239,240,226,-1,54,47,53,-1,53,47,45,-1,53,45,241,-1,241,45,42,-1,241,42,242,-1,242,42,39,-1,242,39,243,-1,243,39,37,-1,243,37,244,-1,244,37,34,-1,244,34,245,-1,245,34,11,-1,245,11,246,-1,246,11,14,-1,246,14,247,-1,247,14,29,-1,247,29,248,-1,248,29,28,-1,248,28,249,-1,249,28,23,-1,249,23,250,-1,250,23,17,-1,250,17,222,-1,222,17,19,-1,222,19,220,-1,226,228,239,-1,239,228,251,-1,239,251,252,-1,252,251,253,-1,252,253,254,-1,254,253,255,-1,254,255,256,-1,256,255,257,-1,256,257,258,-1,258,257,259,-1,258,259,260,-1,260,259,261,-1,260,261,262,-1,262,261,263,-1,262,263,264,-1,264,263,265,-1,264,265,266,-1,266,265,267,-1,266,267,268,-1,268,267,269,-1,268,269,270,-1,270,269,271,-1,270,271,272,-1,273,274,275,-1,275,274,276,-1,275,276,277,-1,223,224,222,-1,222,224,278,-1,222,278,250,-1,250,278,279,-1,250,279,249,-1,249,279,280,-1,249,280,248,-1,248,280,281,-1,248,281,247,-1,247,281,282,-1,247,282,246,-1,246,282,283,-1,246,283,245,-1,245,283,284,-1,245,284,244,-1,244,284,285,-1,244,285,243,-1,243,285,286,-1,243,286,242,-1,242,286,287,-1,242,287,241,-1,241,287,275,-1,241,275,53,-1,53,275,277,-1,53,277,51,-1,288,289,290,-1,290,289,291,-1,290,291,292,-1,292,291,293,-1,292,293,294,-1,294,293,295,-1,294,295,296,-1,296,295,297,-1,296,297,298,-1,298,297,299,-1,298,299,300,-1,300,299,301,-1,300,301,302,-1,302,301,303,-1,302,303,304,-1,304,303,305,-1,304,305,306,-1,306,305,307,-1,306,307,308,-1,308,307,309,-1,308,309,310,-1,310,309,232,-1,310,232,311,-1,311,232,234,-1,311,234,312,-1,288,313,289,-1,289,313,314,-1,289,314,315,-1,230,232,228,-1,228,232,309,-1,228,309,251,-1,251,309,307,-1,251,307,253,-1,253,307,305,-1,253,305,255,-1,255,305,303,-1,255,303,257,-1,257,303,301,-1,257,301,259,-1,259,301,299,-1,259,299,261,-1,261,299,297,-1,261,297,263,-1,263,297,295,-1,263,295,265,-1,265,295,293,-1,265,293,267,-1,267,293,291,-1,267,291,269,-1,269,291,289,-1,269,289,271,-1,271,289,315,-1,271,315,316,-1,317,318,272,-1,316,319,271,-1,271,319,320,-1,271,320,272,-1,272,320,321,-1,272,321,317,-1,237,239,224,-1,224,239,252,-1,224,252,278,-1,278,252,254,-1,278,254,279,-1,279,254,256,-1,279,256,280,-1,280,256,258,-1,280,258,281,-1,281,258,260,-1,281,260,282,-1,282,260,262,-1,282,262,283,-1,283,262,264,-1,283,264,284,-1,284,264,266,-1,284,266,285,-1,285,266,268,-1,285,268,286,-1,286,268,270,-1,286,270,287,-1,287,270,272,-1,287,272,275,-1,275,272,318,-1,275,318,273,-1,312,322,311,-1,311,322,323,-1,311,323,0,-1,177,324,7,-1,7,324,325,-1,7,325,326,-1,327,328,290,-1,290,328,329,-1,290,329,288,-1,0,2,311,-1,311,2,139,-1,311,139,310,-1,310,139,137,-1,310,137,308,-1,308,137,135,-1,308,135,306,-1,306,135,133,-1,306,133,304,-1,304,133,131,-1,304,131,302,-1,302,131,129,-1,302,129,300,-1,300,129,127,-1,300,127,298,-1,298,127,165,-1,298,165,296,-1,296,165,164,-1,296,164,294,-1,294,164,8,-1,294,8,292,-1,292,8,7,-1,292,7,290,-1,290,7,326,-1,290,326,327,-1,
        ]
    }
}
Shape{
    appearance Appearance {
        material  Material 	{
            diffuseColor 1.0 1.0 0.9490196078431372
            specularColor 0.5019607843137255 0.5019607843137255 0.4745098039215686
            ambientIntensity 0.9942
            transparency 0.0
            shininess 0.5
        }
    }
    geometry IndexedFaceSet {
        ccw TRUE
        solid FALSE
        coord DEF co Coordinate {
            point [
                -1.1024 0.0984 -1.7618, -1.1024 0.0509 -1.7421, -1.1024 0.4331 0.0362, -1.1024 0.0 -1.7354, -1.1024 -0.4331 0.0362, -1.1024 -0.0509 -1.7421, -1.1024 0.1969 -1.9323, -1.1024 0.4331 -1.9323, -1.1024 0.1901 -1.9832, -1.1024 0.4205 -2.0359, -1.1024 0.1705 -2.0307, -1.1024 0.3835 -2.1335, -1.1024 0.1392 -2.0715, -1.1024 0.3242 -2.2195, -1.1024 0.0984 -2.1028, -1.1024 0.246 -2.2887, -1.1024 0.0509 -2.1224, -1.1024 0.1536 -2.3372, -1.1024 -0.0 -2.1291, -1.1024 -0.1705 -1.8339, -1.1024 -0.4331 -1.9323, -1.1024 -0.1392 -1.7931, -1.1024 -0.0984 -1.7618, -1.1024 0.1901 -1.8813, -1.1024 0.1705 -1.8339, -1.1024 0.1392 -1.7931, -1.1024 0.0522 -2.3622, -1.1024 -0.0522 -2.3622, -1.1024 -0.0509 -2.1224, -1.1024 -0.1536 -2.3372, -1.1024 -0.0984 -2.1028, -1.1024 -0.246 -2.2887, -1.1024 -0.1392 -2.0715, -1.1024 -0.3242 -2.2195, -1.1024 -0.1705 -2.0307, -1.1024 -0.3835 -2.1335, -1.1024 -0.1901 -1.9832, -1.1024 -0.4205 -2.0359, -1.1024 -0.1969 -1.9323, -1.1024 -0.1901 -1.8813, -0.9449 0.0509 -1.7421, -0.9449 0.4331 0.0362, -0.9449 -0.0 -1.7354, -0.9449 -0.4331 0.0362, -0.9449 -0.1392 -1.7931, -0.9449 -0.0984 -1.7618, -0.9449 -0.0509 -1.7421, -0.9449 -0.1705 -1.8339, -0.9449 -0.4331 -1.9323, -0.9449 -0.1901 -1.8813, -0.9449 -0.0509 -2.1224, -0.9449 -0.0984 -2.1028, -0.9449 -0.246 -2.2887, -0.9449 -0.3242 -2.2195, -0.9449 -0.1392 -2.0715, -0.9449 -0.3835 -2.1335, -0.9449 -0.1705 -2.0307, -0.9449 -0.4205 -2.0359, -0.9449 -0.1901 -1.9832, -0.9449 -0.1969 -1.9323, -0.9449 0.0984 -1.7618, -0.9449 0.1392 -1.7931, -0.9449 0.4331 -1.9323, -0.9449 0.1705 -1.8339, -0.9449 -0.1536 -2.3372, -0.9449 -0.0522 -2.3622, -0.9449 -0.0 -2.1291, -0.9449 0.0522 -2.3622, -0.9449 0.0509 -2.1224, -0.9449 0.1536 -2.3372, -0.9449 0.0984 -2.1028, -0.9449 0.246 -2.2887, -0.9449 0.1392 -2.0715, -0.9449 0.3242 -2.2195, -0.9449 0.1705 -2.0307, -0.9449 0.3835 -2.1335, -0.9449 0.1901 -1.9832, -0.9449 0.4205 -2.0359, -0.9449 0.1969 -1.9323, -0.9449 0.1901 -1.8813
            ]
        }
        coordIndex [
            0,1,2,-1,2,1,3,-1,2,3,4,-1,4,3,5,-1,6,7,8,-1,8,7,9,-1,8,9,10,-1,10,9,11,-1,10,11,12,-1,12,11,13,-1,12,13,14,-1,14,13,15,-1,14,15,16,-1,16,15,17,-1,16,17,18,-1,19,20,21,-1,21,20,4,-1,21,4,22,-1,22,4,5,-1,6,23,7,-1,7,23,24,-1,7,24,2,-1,2,24,25,-1,2,25,0,-1,17,26,18,-1,18,26,27,-1,18,27,28,-1,28,27,29,-1,28,29,30,-1,30,29,31,-1,30,31,32,-1,32,31,33,-1,32,33,34,-1,34,33,35,-1,34,35,36,-1,36,35,37,-1,36,37,38,-1,38,37,20,-1,38,20,39,-1,39,20,19,-1,40,41,42,-1,42,41,43,-1,44,45,43,-1,43,45,46,-1,43,46,42,-1,44,43,47,-1,47,43,48,-1,47,48,49,-1,50,51,52,-1,52,51,53,-1,53,51,54,-1,53,54,55,-1,55,54,56,-1,55,56,57,-1,57,56,58,-1,57,58,48,-1,48,58,59,-1,48,59,49,-1,40,60,41,-1,41,60,61,-1,41,61,62,-1,62,61,63,-1,52,64,50,-1,50,64,65,-1,50,65,66,-1,66,65,67,-1,66,67,68,-1,68,67,69,-1,68,69,70,-1,70,69,71,-1,70,71,72,-1,72,71,73,-1,72,73,74,-1,74,73,75,-1,74,75,76,-1,76,75,77,-1,76,77,78,-1,78,77,62,-1,78,62,79,-1,79,62,63,-1,
        ]
    }
}
Shape{
    appearance Appearance {
        material  Material 	{
            diffuseColor 0.29411764705882354 0.29411764705882354 0.29411764705882354
            specularColor 0.14901960784313725 0.14901960784313725 0.14901960784313725
            ambientIntensity 0.2941
            transparency 0.0
            shininess 0.5
        }
    }
    geometry IndexedFaceSet {
        ccw TRUE
        solid FALSE
        coord DEF co Coordinate {
            point [
                -0.1705 -0.0984 0.9058, -0.1901 -0.0509 0.9058, 0.0 0.0 0.9058, -0.1969 0.0 0.9058, -0.1901 0.0509 0.9058, -0.0509 -0.1901 0.9058, -0.0984 -0.1705 0.9058, -0.1392 -0.1392 0.9058, 0.0984 -0.1705 0.9058, 0.0509 -0.1901 0.9058, 0.0 -0.1969 0.9058, 0.1901 -0.0509 0.9058, 0.1705 -0.0984 0.9058, 0.1392 -0.1392 0.9058, 0.1705 0.0984 0.9058, 0.1901 0.0509 0.9058, 0.1969 -0.0 0.9058, 0.0509 0.1901 0.9058, 0.0984 0.1705 0.9058, 0.1392 0.1392 0.9058, -0.0984 0.1705 0.9058, -0.0509 0.1901 0.9058, 0.0 0.1969 0.9058, -0.1705 0.0984 0.9058, -0.1392 0.1392 0.9058
            ]
        }
        coordIndex [
            0,1,2,-1,2,1,3,-1,2,3,4,-1,5,6,2,-1,2,6,7,-1,2,7,0,-1,8,9,2,-1,2,9,10,-1,2,10,5,-1,11,12,2,-1,2,12,13,-1,2,13,8,-1,14,15,2,-1,2,15,16,-1,2,16,11,-1,17,18,2,-1,2,18,19,-1,2,19,14,-1,20,21,2,-1,2,21,22,-1,2,22,17,-1,4,23,2,-1,2,23,24,-1,2,24,20,-1,
        ]
    }
}
Shape{
    appearance Appearance {
        material  Material 	{
            diffuseColor 1.0 1.0 0.9490196078431372
            specularColor 0.5019607843137255 0.5019607843137255 0.4745098039215686
            ambientIntensity 0.9942
            transparency 0.0
            shininess 0.5
        }
    }
    geometry IndexedFaceSet {
        ccw TRUE
        solid FALSE
        coord DEF co Coordinate {
            point [
                0.9449 0.1392 -1.0057, 0.9449 0.0984 -0.9744, 0.9449 0.4331 0.0362, 0.9449 0.0509 -0.9547, 0.9449 0.0 -0.948, 0.9449 -0.4331 0.0362, 0.9449 -0.0509 -0.9547, 0.9449 -0.0984 -0.9744, 0.9449 -0.1392 -1.0057, 0.9449 -0.1705 -1.0465, 0.9449 -0.4331 -1.1449, 0.9449 0.4331 -1.1449, 0.9449 0.1901 -1.0939, 0.9449 0.1705 -1.0465, 0.9449 -0.1901 -1.0939, 0.9449 -0.1969 -1.1449, 0.9449 -0.4183 -1.257, 0.9449 -0.1901 -1.1958, 0.9449 -0.3751 -1.3614, 0.9449 -0.1705 -1.2433, 0.9449 -0.3062 -1.4511, 0.9449 -0.1392 -1.2841, 0.9449 -0.2165 -1.5199, 0.9449 -0.0984 -1.3154, 0.9449 -0.1121 -1.5632, 0.9449 -0.0509 -1.335, 0.9449 0.0 -1.578, 0.9449 0.0 -1.3417, 0.9449 0.1121 -1.5632, 0.9449 0.0509 -1.335, 0.9449 0.2165 -1.5199, 0.9449 0.0984 -1.3154, 0.9449 0.3062 -1.4511, 0.9449 0.1392 -1.2841, 0.9449 0.3751 -1.3614, 0.9449 0.1705 -1.2433, 0.9449 0.4183 -1.257, 0.9449 0.1901 -1.1958, 0.9449 0.1969 -1.1449, 1.1024 0.0509 -0.9547, 1.1024 0.0984 -0.9744, 1.1024 0.4331 0.0362, 1.1024 -0.4331 -1.1449, 1.1024 -0.1901 -1.0939, 1.1024 -0.4331 0.0362, 1.1024 -0.1705 -1.0465, 1.1024 -0.1392 -1.0057, 1.1024 -0.0984 -0.9744, 1.1024 -0.0509 -0.9547, 1.1024 0.0 -0.948, 1.1024 0.1392 -1.0057, 1.1024 0.1705 -1.0465, 1.1024 0.4331 -1.1449, 1.1024 0.1901 -1.0939, 1.1024 0.1969 -1.1449, 1.1024 0.4183 -1.257, 1.1024 0.1901 -1.1958, 1.1024 0.3751 -1.3614, 1.1024 0.1705 -1.2433, 1.1024 0.3062 -1.4511, 1.1024 0.1392 -1.2841, 1.1024 0.2165 -1.5199, 1.1024 0.0984 -1.3154, 1.1024 0.1121 -1.5632, 1.1024 0.0509 -1.335, 1.1024 0.0 -1.578, 1.1024 -0.0 -1.3417, 1.1024 -0.1121 -1.5632, 1.1024 -0.0509 -1.335, 1.1024 -0.2165 -1.5199, 1.1024 -0.0984 -1.3154, 1.1024 -0.3062 -1.4511, 1.1024 -0.1392 -1.2841, 1.1024 -0.3751 -1.3614, 1.1024 -0.1705 -1.2433, 1.1024 -0.4183 -1.257, 1.1024 -0.1901 -1.1958, 1.1024 -0.1969 -1.1449
            ]
        }
        coordIndex [
            0,1,2,-1,1,3,2,-1,2,3,4,-1,2,4,5,-1,5,4,6,-1,5,6,7,-1,7,8,5,-1,5,8,9,-1,5,9,10,-1,11,12,2,-1,2,12,13,-1,2,13,0,-1,9,14,10,-1,10,14,15,-1,10,15,16,-1,16,15,17,-1,16,17,18,-1,18,17,19,-1,18,19,20,-1,20,19,21,-1,20,21,22,-1,22,21,23,-1,22,23,24,-1,24,23,25,-1,24,25,26,-1,26,25,27,-1,26,27,28,-1,28,27,29,-1,28,29,30,-1,30,29,31,-1,30,31,32,-1,32,31,33,-1,32,33,34,-1,34,33,35,-1,34,35,36,-1,36,35,37,-1,36,37,11,-1,11,37,38,-1,11,38,12,-1,39,40,41,-1,42,43,44,-1,44,43,45,-1,44,45,46,-1,46,47,44,-1,44,47,48,-1,44,48,41,-1,41,48,49,-1,41,49,39,-1,40,50,41,-1,41,50,51,-1,41,51,52,-1,51,53,52,-1,52,53,54,-1,52,54,55,-1,55,54,56,-1,55,56,57,-1,57,56,58,-1,57,58,59,-1,59,58,60,-1,59,60,61,-1,61,60,62,-1,61,62,63,-1,63,62,64,-1,63,64,65,-1,65,64,66,-1,65,66,67,-1,67,66,68,-1,67,68,69,-1,69,68,70,-1,69,70,71,-1,71,70,72,-1,71,72,73,-1,73,72,74,-1,73,74,75,-1,75,74,76,-1,75,76,42,-1,42,76,77,-1,42,77,43,-1,
        ]
    }
}
Shape{
    appearance Appearance {
        material  Material 	{
            diffuseColor 0.29411764705882354 0.29411764705882354 0.29411764705882354
            specularColor 0.14901960784313725 0.14901960784313725 0.14901960784313725
            ambientIntensity 0.2941
            transparency 0.0
            shininess 0.5
        }
    }
    geometry IndexedFaceSet {
        ccw TRUE
        solid FALSE
        coord DEF co Coordinate {
            point [
                -1.2728 -0.9474 1.7329, -1.2745 -0.9487 1.7286, -1.1483 -1.0971 1.7362, -1.2725 -0.9472 1.7336, -1.2727 -0.9474 1.7331, -1.1473 -1.0962 1.7386, -1.0179 -1.2205 1.7278, -1.149 -1.0978 1.7226, -1.1483 -1.0971 1.72, -1.266 -0.9425 1.7404, -1.2669 -0.943 1.74, -1.1422 -1.0897 1.7459, -1.1431 -1.0922 1.7446, -1.1413 -1.0905 1.746, -1.1284 -1.1025 1.7465, -1.0051 -1.2205 1.7498, -1.0014 -1.2205 1.7514, -1.1447 -1.0937 1.7429, -1.0086 -1.2205 1.7483, -1.1461 -1.0951 1.7409, -1.0118 -1.2205 1.7461, -1.0164 -1.2205 1.7414, -1.0157 -1.2205 1.7423, -1.0142 -1.2205 1.7437, -1.0118 -1.2205 1.7461, -1.1495 -1.0983 1.7309, -1.0188 -1.2205 1.7368, -1.149 -1.0978 1.7336, -1.0183 -1.2205 1.7381, -1.0185 -1.2205 1.7289, -1.0189 -1.2205 1.73, -1.1495 -1.0983 1.7253, -1.0193 -1.2205 1.7329, -1.1496 -1.0984 1.7281, -1.0193 -1.2205 1.7332, -1.0193 -1.2205 1.734, -1.1461 -1.0951 1.7153, -1.0142 -1.2205 1.7228, -1.1473 -1.0962 1.7176, -1.0159 -1.2205 1.7244, -1.0168 -1.2205 1.7256, -1.0014 -1.2205 1.7157, -1.0034 -1.2205 1.7163, -1.1043 -1.1281 1.7117, -1.0051 -1.2205 1.7171, -1.1431 -1.0922 1.7116, -1.0086 -1.2205 1.7187, -1.1447 -1.0937 1.7133, -1.0103 -1.2205 1.7195, -1.0119 -1.2205 1.7206, -1.2431 -0.9725 1.7058, -1.1394 -1.0888 1.7102, -1.1276 -1.102 1.7107, -1.266 -0.9425 1.7047, -1.2679 -0.9439 1.7062, -1.268 -0.9439 1.7062, -1.2745 -0.9487 1.7172, -1.2745 -0.9487 1.7171, -1.2739 -0.9483 1.7148, -1.2738 -0.9482 1.7145, -1.2718 -0.9467 1.7104, -1.2713 -0.9463 1.7098, -1.2692 -0.9447 1.7071, -1.268 -0.9438 1.739, -1.268 -0.9439 1.739, -1.2698 -0.9452 1.7374, -1.2713 -0.9463 1.7353, -1.2713 -0.9463 1.7353, -1.018 -1.2205 1.7386, -1.2746 -0.9487 1.728, -1.2746 -0.9487 1.728, -1.2752 -0.9492 1.7242, -1.2752 -0.9492 1.7226, -1.2751 -0.9491 1.7197, 0.7876 -1.0579 0.8053, 0.8219 -1.03 0.8068, 0.9749 -1.2204 0.9194, 0.9558 -0.9088 0.8131, 0.9666 -0.8965 0.8137, 1.1548 -1.0711 0.9334, 0.4999 1.2205 0.9007, 0.5898 1.2205 0.9158, 0.5725 1.187 0.898, 0.6047 1.1721 0.8968, 0.6587 1.2205 0.9273, 0.6595 1.1409 0.8946, 0.7069 1.2205 0.9376, 0.7001 1.1177 0.893, 0.8306 1.2205 0.964, 0.7121 1.1095 0.8925, 0.7429 1.0884 0.8912, 0.8332 1.2205 0.9646, 0.791 1.0554 0.8892, 0.9754 1.2204 1.0005, 0.8222 1.0299 0.8878, 0.877 0.9851 0.8853, 1.0013 1.2204 1.007, 1.0717 1.1539 1.0043, 1.1575 1.0731 1.0009, 0.9669 0.8964 0.881, 0.9587 0.9057 0.8814, 1.1174 1.1109 1.0025, 0.9007 0.9621 0.8842, 0.8969 0.9657 0.8844, 1.0308 0.8228 0.8777, 1.161 1.0698 1.0008, 1.0314 0.8219 0.8776, 1.2316 0.9814 0.9975, 1.2337 0.9788 0.9974, 1.0597 0.7832 0.876, 1.2973 0.8992 0.9945, 1.0896 0.7424 0.8743, 1.3038 0.8884 0.9941, 1.0959 0.7338 0.874, 1.3353 0.8352 0.9924, 1.1417 0.6587 0.871, 1.364 0.7869 0.9908, 1.1537 0.639 0.8702, 1.4089 0.7112 0.9883, 1.1839 0.5786 0.8679, 1.4205 0.6837 0.9874, 1.1875 0.5714 0.8676, 1.2046 0.5371 0.8663, 1.4213 0.6817 0.9873, 1.2268 0.4811 0.8642, 1.4663 0.5749 0.984, 1.2451 0.4349 0.8625, 1.4897 0.5192 0.9823, 1.4947 0.5072 0.9819, 1.2593 0.3881 0.8608, 1.5061 0.4642 0.9807, 1.2693 0.3551 0.8596, 1.5362 0.3502 0.9773, 1.2771 0.3295 0.8587, 1.5581 0.2347 0.9739, 1.3003 0.2209 0.8548, 1.5501 0.2925 0.975, 1.2849 0.293 0.8574, 1.5365 0.3492 0.9772, 1.5512 0.2933 0.9756, 1.2438 -0.4387 0.832, 1.2592 -0.3884 0.8338, 1.5047 -0.4641 0.9537, 1.2694 -0.3551 0.835, 1.5361 -0.3631 0.9567, 1.276 -0.3336 0.8358, 1.538 -0.3511 0.957, 1.2847 -0.2933 0.8372, 1.5382 -0.3499 0.9571, 1.3 -0.2222 0.8398, 1.557 -0.2347 0.9604, 1.3033 -0.1965 0.8407, 1.5666 -0.1758 0.9621, 1.3131 -0.1197 0.8433, 1.5716 -0.1449 0.963, 1.3141 -0.1121 0.8436, 1.5722 -0.1179 0.9638, 1.3147 -0.0986 0.844, 1.5749 -0.0001 0.9672, 1.3189 -0.002 0.8473, 1.5749 0.0 0.9672, 1.3188 -0.0 0.8474, 1.5767 0.076 0.9693, 1.3149 0.0985 0.8507, 1.5718 0.1176 0.9705, 1.3145 0.1078 0.851, 1.565 0.1755 0.9722, 1.313 0.1197 0.8514, 1.3034 0.1963 0.854, 1.4878 -0.5187 0.952, 1.4705 -0.5745 0.9504, 1.2267 -0.4813 0.8304, 1.4695 -0.5766 0.9503, 1.2029 -0.541 0.8282, 1.4199 -0.6812 0.947, 1.1875 -0.5716 0.827, 1.419 -0.6831 0.9469, 1.1839 -0.5787 0.8268, 1.3766 -0.7724 0.9441, 1.1531 -0.6402 0.8244, 1.1417 -0.6588 0.8237, 1.3662 -0.7883 0.9435, 1.3352 -0.8354 0.9419, 1.0935 -0.7374 0.8206, 1.3014 -0.8869 0.9402, 1.0897 -0.7426 0.8204, 1.0597 -0.7832 0.8187, 1.2567 -0.9547 0.9379, 1.0312 -0.822 0.8171, 1.2348 -0.9798 0.9369, 1.2326 -0.9823 0.9368, 1.0283 -0.8259 0.8169, 1.1111 -1.121 0.9315, 1.0728 -1.1556 0.9301, 0.9007 -0.9621 0.8104, 1.1186 -1.1124 0.9319, 1.0013 -1.2203 0.9273, 0.876 -0.986 0.8092, 0.8967 -0.966 0.8102, 0.7427 -1.0885 0.8034, 0.8329 -1.2205 0.8767, 0.7121 -1.1094 0.8021, 0.8298 -1.2205 0.8758, 0.6968 -1.1198 0.8015, 0.6594 -1.1409 0.8001, 0.7068 -1.2205 0.843, 0.6009 -1.1741 0.7978, 0.657 -1.2205 0.8297, 0.5725 -1.1871 0.7967, 0.5897 -1.2204 0.8144, 0.4999 -1.2203 0.7939, 0.0202 -1.4781 3.1858, 0.0202 -1.4782 3.1858, 0.0039 -1.4782 3.1858, 0.0039 -1.9682 3.1858, 0.0039 -1.656 3.1858, 0.1719 -1.656 3.1858, 0.0 -1.9685 3.1858, -0.1583 -1.9566 3.1858, -0.1583 -1.656 3.1858, 0.5802 -1.881 3.1858, 0.2934 -1.9465 3.1858, 0.1719 -1.9556 3.1858, 0.2957 -1.5318 3.1858, 0.2222 -1.5318 3.1858, 0.2028 -1.4784 3.1858, 0.3427 -1.4784 3.1858, 0.3164 -1.4784 3.1858, 0.1719 -1.4782 3.1858, 1.2948 -1.4782 3.1858, 1.1089 -1.6265 3.1858, 0.2709 -1.6546 3.1858, 1.0577 -1.656 3.1858, 0.8541 -1.7736 3.1858, 0.1782 -1.4784 3.1858, 0.2458 -1.6546 3.1858, 1.3389 -1.443 3.1858, 0.1719 -1.348 3.1858, 1.4271 -1.348 3.1858, 0.6573 1.1982 3.1858, 0.6094 1.2203 3.1858, 0.8541 1.7736 3.1858, 1.3389 1.443 3.1858, 0.9953 0.9791 3.1858, 0.9507 1.0152 3.1858, 0.5802 1.881 3.1858, 0.1719 1.2205 3.1858, 0.2934 1.9465 3.1858, 0.9016 1.0552 3.1858, 0.8099 1.1175 3.1858, 1.1089 1.6265 3.1858, 0.809 1.1181 3.1858, 0.7117 1.1731 3.1858, 1.2846 0.6242 3.1858, 1.7048 0.9843 3.1858, 1.2942 0.6056 3.1858, 1.8324 0.7192 3.1858, 1.3378 0.522 3.1858, 1.3712 0.4429 3.1858, 1.0782 0.8993 3.1858, 1.539 1.2273 3.1858, 1.081 0.8963 3.1858, 1.2223 0.7228 3.1858, 1.1959 0.758 3.1858, 1.1539 0.8138 3.1858, 1.9191 -0.438 3.1858, 1.4398 -0.4209 3.1858, 1.4611 -0.3043 3.1858, 1.4667 0.0614 3.1858, 1.963 0.1471 3.1858, 1.4748 -0.0543 3.1858, 1.963 -0.1471 3.1858, 1.4745 -0.0992 3.1858, 1.4637 -0.2854 3.1858, 1.4638 -0.2849 3.1858, 1.4739 -0.1698 3.1858, 1.4627 0.0883 3.1858, 1.4494 0.177 3.1858, 1.9191 0.438 3.1858, 1.4461 0.1936 3.1858, 1.4274 0.2702 3.1858, 1.4186 0.3065 3.1858, 1.3825 0.416 3.1858, 0.9719 -1.2203 3.1858, 1.0366 -1.1583 3.1858, 1.0661 -1.1261 3.1858, 1.2843 -0.8257 3.1858, 1.3127 -0.7746 3.1858, 1.7048 -0.9843 3.1858, 1.4268 -0.4696 3.1858, 1.8324 -0.7192 3.1858, 1.4094 -0.5351 3.1858, 1.1166 -1.0709 3.1858, 1.1794 -0.9905 3.1858, 1.539 -1.2273 3.1858, 1.1892 -0.978 3.1858, 1.2546 -0.8793 3.1858, 1.3222 -0.7555 3.1858, 1.3683 -0.6509 3.1858, 1.3701 -0.6468 3.1858, 0.1719 1.9556 3.1858, 0.0039 1.2205 3.1858, 0.0039 1.9682 3.1858, 0.0 1.9685 3.1858, -0.1583 1.2205 3.1858, -0.1583 1.9566 3.1858, -0.2934 1.9465 3.1858, -0.3388 1.2205 3.1858, -0.3388 1.9362 3.1858, -0.5802 1.881 3.1858, -0.563 1.2205 3.1858, -0.8541 1.7736 3.1858, -0.5774 1.215 3.1858, -0.9626 1.7109 3.1858, -0.6787 1.1707 3.1858, -0.7076 1.1551 3.1858, -0.7758 1.1183 3.1858, -0.8592 1.0641 3.1858, -0.8689 1.0578 3.1858, -1.2044 0.7191 3.1858, -1.7048 0.9843 3.1858, -1.1364 0.809 3.1858, -1.539 1.2273 3.1858, -1.1237 0.8231 3.1858, -0.9577 0.9893 3.1858, -0.9626 0.9851 3.1858, -1.1089 1.6265 3.1858, -0.9799 0.9702 3.1858, -1.3389 1.443 3.1858, -0.9985 0.9526 3.1858, -1.0616 0.8926 3.1858, -1.3884 0.3446 3.1858, -1.4102 0.2742 3.1858, -1.9191 0.438 3.1858, -1.4348 0.1638 3.1858, -1.963 0.1471 3.1858, -1.4353 0.1615 3.1858, -1.442 0.1215 3.1858, -1.4584 -0.108 3.1858, -1.963 -0.1471 3.1858, -1.4557 -0.0233 3.1858, -1.4547 0.0072 3.1858, -1.4536 -0.2133 3.1858, -1.4531 -0.2236 3.1858, -1.9191 -0.438 3.1858, -1.4385 -0.3395 3.1858, -1.2313 0.6768 3.1858, -1.2655 0.6231 3.1858, -1.8324 0.7192 3.1858, -1.283 0.5919 3.1858, -1.3204 0.5166 3.1858, -1.3338 0.4896 3.1858, -1.3763 0.3836 3.1858, -1.4024 -0.4999 3.1858, -1.8324 -0.7192 3.1858, -1.4259 -0.4028 3.1858, -1.4297 -0.3874 3.1858, -1.2961 -0.7675 3.1858, -1.2682 -0.8224 3.1858, -1.7048 -0.9843 3.1858, -1.1116 -1.0504 3.1858, -1.4271 -1.348 3.1858, -1.1831 -0.9573 3.1858, -1.539 -1.2273 3.1858, -1.1964 -0.9368 3.1858, -1.2473 -0.8584 3.1858, -1.3733 -0.5887 3.1858, -1.3663 -0.61 3.1858, -1.3216 -0.7175 3.1858, -0.9626 -1.4782 3.1858, -0.9626 -1.656 3.1858, -1.0577 -1.656 3.1858, -1.1089 -1.6265 3.1858, -1.2948 -1.4782 3.1858, -0.9626 -1.348 3.1858, -1.3389 -1.443 3.1858, -0.3388 -1.9362 3.1858, -0.5802 -1.881 3.1858, -0.3388 -1.656 3.1858, -0.8541 -1.7736 3.1858, -0.9626 -1.7109 3.1858, -0.2571 -1.656 3.1858, -0.2452 -1.6574 3.1858, -0.2934 -1.9465 3.1858, -0.3388 -1.348 3.1858, -0.3388 -1.2205 3.1858, -0.1583 -1.348 3.1858, -0.1583 -1.2205 3.1858, 0.0039 -1.348 3.1858, 0.0039 -1.2205 3.1858, 0.1719 -1.2205 3.1858, -1.0739 -1.0923 3.1858, -1.0326 -1.1382 3.1858, -0.9626 -1.205 3.1858, -0.9464 -1.2204 3.1858, -0.1757 -1.606 3.1858, -0.1583 -1.4782 3.1858, -0.2312 -1.6564 3.1858, -0.2298 -1.656 3.1858, -0.215 -1.652 3.1858, -0.201 -1.6442 3.1858, -0.1961 -1.5402 3.1858, -0.2457 -1.6376 3.1858, -0.2585 -1.6365 3.1858, -0.1934 -1.6377 3.1858, -0.1841 -1.6256 3.1858, -0.1875 -1.5024 3.1858, -0.1991 -1.4905 3.1858, -0.2092 -1.4838 3.1858, -0.2087 -1.5121 3.1858, -0.2022 -1.5222 3.1858, -0.3043 -1.5669 3.1858, -0.3043 -1.568 3.1858, -0.2231 -1.6329 3.1858, -0.2015 -1.6084 3.1858, -0.216 -1.6285 3.1858, -0.209 -1.6212 3.1858, -0.2327 -1.6363 3.1858, -0.1985 -1.6006 3.1858, -0.1727 -1.5342 3.1858, -0.1785 -1.5177 3.1858, -0.2705 -1.6329 3.1858, -0.2802 -1.6274 3.1858, -0.2888 -1.6192 3.1858, -0.2475 -1.4954 3.1858, -0.2337 -1.4969 3.1858, -0.2963 -1.6077 3.1858, -0.3017 -1.5924 3.1858, -0.2231 -1.5007 3.1858, -0.214 -1.5067 3.1858, -0.3012 -1.5394 3.1858, -0.2959 -1.5248 3.1858, -0.2612 -1.4968 3.1858, -0.2894 -1.5144 3.1858, -0.2718 -1.5003 3.1858, -0.2811 -1.506 3.1858, -0.2697 -1.6545 3.1858, -0.2863 -1.648 3.1858, -0.2882 -1.4847 3.1858, -0.3004 -1.4932 3.1858, -0.3388 -1.4782 3.1858, -0.3089 -1.5028 3.1858, -0.3158 -1.5139 3.1858, -0.3246 -1.5365 3.1858, -0.3284 -1.5677 3.1858, -0.3172 -1.6171 3.1858, -0.3057 -1.6329 3.1858, -0.3015 -1.6372 3.1858, -0.3282 -1.5753 3.1858, -0.3246 -1.5983 3.1858, -0.2236 -1.4782 3.1858, -0.224 -1.4781 3.1858, -0.2454 -1.4755 3.1858, -0.2471 -1.4755 3.1858, -0.2696 -1.4782 3.1858, -0.2722 -1.4786 3.1858, 0.1415 -1.4973 3.1858, 0.1285 -1.4875 3.1858, 0.1168 -1.4823 3.1858, 0.1097 -1.6528 3.1858, 0.1192 -1.6501 3.1858, 0.1288 -1.6457 3.1858, 0.1383 -1.6391 3.1858, 0.1473 -1.6294 3.1858, 0.155 -1.6172 3.1858, 0.1607 -1.6028 3.1858, 0.1591 -1.5264 3.1858, 0.1576 -1.5226 3.1858, 0.1496 -1.507 3.1858, 0.0202 -1.6546 3.1858, 0.0808 -1.6546 3.1858, 0.0978 -1.6541 3.1858, 0.1643 -1.5863 3.1858, 0.1655 -1.5677 3.1858, 0.1639 -1.5459 3.1858, 0.1017 -1.4791 3.1858, 0.0858 -1.4782 3.1858, 0.0836 -1.4781 3.1858, -0.0164 -1.6546 3.1858, -0.0164 -1.6337 3.1858, -0.0123 -1.4991 3.1858, -0.0123 -1.4784 3.1858, -0.1438 -1.4784 3.1858, -0.1438 -1.6546 3.1858, -0.1205 -1.5591 3.1858, -0.1205 -1.4991 3.1858, -0.0231 -1.5591 3.1858, -0.0231 -1.5797 3.1858, -0.1205 -1.5797 3.1858, -0.1205 -1.6337 3.1858, -0.3491 -1.4784 3.1858, -0.4592 -1.4784 3.1858, -0.3491 -1.4991 3.1858, -0.4359 -1.4991 3.1858, -0.4359 -1.6546 3.1858, -0.4592 -1.6546 3.1858, -0.9007 0.9621 0.9521, -0.9558 0.9088 0.9547, -1.1552 1.0711 1.0752, -0.9668 0.8963 0.9553, -1.2331 0.9825 1.0785, -1.0283 0.8259 0.9584, -1.0313 0.8218 0.9586, -1.2353 0.98 1.0786, -1.0597 0.7832 0.9603, -1.2554 0.9573 1.0795, -1.3015 0.8868 1.0819, -1.0897 0.7425 0.962, -1.0935 0.7374 0.9623, -1.3354 0.8351 1.0837, -1.1417 0.6588 0.9655, -1.3661 0.7882 1.0853, -1.3767 0.772 1.0858, -1.153 0.6403 0.9662, -1.1839 0.5787 0.9686, -1.4187 0.6828 1.0887, -1.1875 0.5715 0.9689, -1.4197 0.6808 1.0887, -1.2028 0.541 0.9701, -1.469 0.5761 1.092, -1.2268 0.4811 0.9723, -1.4709 0.5721 1.0922, -1.2438 0.4387 0.9738, -1.4876 0.5186 1.0938, -1.5048 0.4637 1.0954, -1.2593 0.3881 0.9756, -1.2694 0.3551 0.9768, -1.536 0.3638 1.0984, -1.276 0.3337 0.9775, -1.5382 0.3508 1.0988, -1.2848 0.293 0.9789, -1.5383 0.3498 1.0988, -1.3 0.2223 0.9814, -1.5574 0.2345 1.1022, -1.3034 0.1963 0.9822, -1.5672 0.1757 1.1039, -1.3132 0.1197 0.9849, -1.5718 0.1477 1.1047, -1.3141 0.1121 0.9851, -1.5725 0.1178 1.1055, -1.3147 0.0985 0.9856, -1.5751 -0.0001 1.1089, -1.3189 0.002 0.989, -1.3188 -0.0 0.9891, -1.3033 -0.1964 0.9959, -1.5577 -0.2348 1.1156, -1.313 -0.1197 0.9932, -1.5646 -0.1757 1.1139, -1.3145 -0.1077 0.9928, -1.5714 -0.1176 1.1123, -1.3149 -0.0985 0.9925, -1.5768 -0.072 1.111, -1.5751 -0.0002 1.1089, -1.5358 -0.3504 1.119, -1.5361 -0.3492 1.119, -1.2848 -0.2932 0.9993, -1.5497 -0.2925 1.1167, -1.3003 -0.2208 0.9967, -1.5511 -0.2916 1.1173, -1.2771 -0.3294 1.0005, -1.2693 -0.3551 1.0014, -1.5062 -0.4646 1.1224, -1.2592 -0.3884 1.0026, -1.4962 -0.503 1.1235, -1.2451 -0.4349 1.0042, -1.4895 -0.5192 1.124, -1.4663 -0.5753 1.1258, -1.2267 -0.4813 1.0059, -1.422 -0.6822 1.1291, -1.2046 -0.537 1.0079, -1.4212 -0.6842 1.1291, -1.1874 -0.5716 1.0092, -1.1839 -0.5786 1.0095, -1.4125 -0.7051 1.1298, -1.1538 -0.639 1.0118, -1.364 -0.787 1.1325, -1.1417 -0.6588 1.0126, -1.3353 -0.8356 1.1341, -1.0959 -0.7338 1.0157, -1.304 -0.8885 1.1359, -1.0896 -0.7424 1.0161, -1.2998 -0.8955 1.1361, -1.0597 -0.7832 1.0178, -1.2333 -0.9787 1.1392, -1.0314 -0.822 1.0195, -1.2313 -0.9813 1.1393, -1.1617 -1.0684 1.1424, -1.0308 -0.8227 1.0195, -1.157 -1.0728 1.1426, -0.9667 -0.8965 1.0229, -0.9588 -0.9057 1.0233, -1.117 -1.1106 1.1442, -0.9007 -0.9621 1.026, -1.0713 -1.154 1.146, -0.8967 -0.9659 1.0262, -0.877 -0.985 1.0272, -1.0012 -1.2203 1.1488, -0.9748 -1.2203 1.142, -0.791 -1.0554 1.0309, -0.7427 -1.0885 1.0329, -0.8333 -1.2205 1.1064, -0.822 -1.0301 1.0295, -0.8451 -1.2205 1.109, -0.7121 -1.1095 1.0341, -0.7002 -1.1177 1.0346, -0.7064 -1.2205 1.0789, -0.6594 -1.1409 1.0362, -0.6735 -1.2205 1.0717, -0.6047 -1.1721 1.0384, -0.59 -1.2204 1.0576, -0.5724 -1.187 1.0396, -0.4999 -1.2203 1.0423, -1.1188 1.1125 1.0736, -1.1105 1.1219 1.0732, -0.8969 0.9657 0.952, -1.0732 1.1555 1.0718, -0.8759 0.986 0.951, -1.0013 1.2203 1.069, -0.8221 1.0298 0.9487, -0.9752 1.2203 1.0612, -0.7875 1.058 0.9471, -0.847 1.2205 1.0226, -0.7429 1.0884 0.9453, -0.8336 1.2205 1.019, -0.7121 1.1094 0.944, -0.6967 1.1198 0.9434, -0.6595 1.1409 0.9419, -0.7065 1.2205 0.9846, -0.6008 1.1741 0.9396, -0.6744 1.2205 0.9759, -0.5725 1.1871 0.9385, -0.5901 1.2205 0.9565, -0.4999 1.2205 0.9357, -1.1024 -0.4331 0.0362, -1.1614 -0.4921 0.0362, -1.1024 0.4331 0.0362, -1.1614 0.4921 0.0362, -0.9449 0.4331 0.0362, -0.8858 0.4921 0.0362, -0.9449 -0.4331 0.0362, -0.8858 -0.4921 0.0362, -0.1901 0.0509 0.9058, -0.6085 0.163 0.1937, -0.1705 0.0984 0.9058, -0.5455 0.315 0.1937, -0.1392 0.1392 0.9058, -0.4454 0.4454 0.1937, -0.0984 0.1705 0.9058, -0.315 0.5455 0.1937, -0.0509 0.1901 0.9058, -0.163 0.6085 0.1937, 0.0 0.1969 0.9058, 0.0 0.6299 0.1937, 0.0509 0.1901 0.9058, 0.163 0.6085 0.1937, 0.0984 0.1705 0.9058, 0.315 0.5455 0.1937, 0.1392 0.1392 0.9058, 0.4454 0.4454 0.1937, 0.1705 0.0984 0.9058, 0.5455 0.315 0.1937, 0.1901 0.0509 0.9058, 0.6085 0.163 0.1937, 0.1969 -0.0 0.9058, 0.6299 0.0 0.1937, 0.1901 -0.0509 0.9058, 0.6085 -0.163 0.1937, 0.1705 -0.0984 0.9058, 0.5455 -0.315 0.1937, 0.1392 -0.1392 0.9058, 0.4454 -0.4454 0.1937, 0.0984 -0.1705 0.9058, 0.315 -0.5455 0.1937, 0.0509 -0.1901 0.9058, 0.163 -0.6085 0.1937, 0.0 -0.1969 0.9058, 0.0 -0.6299 0.1937, -0.0509 -0.1901 0.9058, -0.163 -0.6085 0.1937, -0.0984 -0.1705 0.9058, -0.315 -0.5455 0.1937, -0.1392 -0.1392 0.9058, -0.4454 -0.4454 0.1937, -0.1705 -0.0984 0.9058, -0.5455 -0.315 0.1937, -0.1901 -0.0509 0.9058, -0.6085 -0.163 0.1937, -0.1969 0.0 0.9058, -0.6299 0.0 0.1937, 0.9449 -0.4331 0.0362, 0.8858 -0.4921 0.0362, 0.9449 0.4331 0.0362, 0.8858 0.4921 0.0362, 1.1024 0.4331 0.0362, 1.1614 0.4921 0.0362, 1.1024 -0.4331 0.0362, 1.1614 -0.4921 0.0362, -1.0014 -1.2205 1.9992, -0.9751 -1.2205 1.9925, -1.019 -1.2205 2.0188, -1.0013 -1.2204 2.8495, -0.9754 -1.2204 2.843, -1.0083 -1.2205 2.8819, -0.7068 -1.2205 2.213, -0.659 -1.2205 2.2029, 0.4999 -1.2204 3.0538, -0.5897 -1.2204 2.1912, -0.4999 -1.2203 2.1762, -0.4999 -1.2205 2.4598, -0.4999 -1.2203 2.4517, -0.4999 -1.2205 1.6094, 0.4999 -1.2203 2.4868, -0.6589 -1.2205 1.636, -0.7046 -1.2205 1.6457, 1.0118 -1.2205 2.9171, 1.013 -1.2205 2.9183, 0.9753 -1.2204 2.9538, -1.0082 -1.2205 2.8524, -1.0057 -1.2204 2.8513, -1.0177 -1.2205 2.8724, -1.0013 -1.2204 2.2826, -0.975 -1.2204 2.276, -1.0124 -1.2205 2.3122, -0.4999 -1.2205 -0.0032, 0.4999 -1.2203 1.0695, 0.4999 -1.2203 1.0774, 0.4999 -1.2203 1.353, 0.4999 -1.2203 1.3608, -0.5897 -1.2204 1.3408, -0.4999 -1.2203 1.3258, -1.0184 -1.2205 1.4518, 0.4999 -1.2203 1.6364, 0.4999 -1.2204 1.6443, 1.019 -1.2205 2.6452, 0.975 -1.2203 2.6202, 1.0012 -1.2203 2.6281, 0.5897 -1.2205 3.0387, 0.4999 -1.2205 2.7782, 0.5 -1.2204 2.7703, -0.4999 -1.2203 2.1683, -0.4999 -1.2203 1.8927, -0.5897 -1.2204 1.9078, 1.0102 -1.2205 2.9159, 1.0159 -1.2205 2.9212, 1.0162 -1.2205 2.9217, 1.0013 -1.2204 2.9473, -1.0119 -1.2205 3.1632, -1.0125 -1.2205 3.1626, -1.0159 -1.2205 3.1591, -1.0167 -1.2205 3.1579, -1.0177 -1.2205 3.1559, -1.0185 -1.2205 3.1544, -1.0188 -1.2205 3.1533, -0.6586 -1.2205 3.0533, -0.5898 -1.2205 3.0417, -0.4999 -1.2205 3.0266, -0.4999 -1.2205 3.0187, -0.4999 -1.2205 2.7432, -0.5905 -1.2205 2.9976, -0.5898 -1.2205 2.7583, -0.6408 -1.2205 2.4834, -0.4999 -1.2204 2.7352, 0.59 -1.2204 1.3816, 0.5897 -1.2204 1.6214, 0.7067 -1.2205 2.1665, 0.659 -1.2205 2.1767, 0.5897 -1.2204 2.1883, 0.4999 -1.2204 2.2034, 1.0191 -1.2205 2.6464, 1.0191 -1.2205 2.6475, 1.0188 -1.2205 2.6485, 1.0184 -1.2205 2.6503, 1.0179 -1.2205 2.6515, 1.0178 -1.2205 2.6517, 1.016 -1.2205 2.6547, 1.0152 -1.2205 2.6556, 1.0124 -1.2205 2.6581, 1.0113 -1.2205 2.6591, 1.0082 -1.2205 2.661, 1.0049 -1.2204 2.6624, 1.0184 -1.2205 2.9259, 1.0187 -1.2205 2.927, 1.0049 -1.2204 2.9459, 1.0189 -1.2205 2.9286, 1.0082 -1.2205 2.9445, -1.0102 -1.2205 3.1644, -1.0083 -1.2205 3.1654, -1.0049 -1.2205 3.1672, -1.0014 -1.2204 3.1688, -1.0032 -1.2205 3.1681, -1.0188 -1.2205 3.1526, -1.0191 -1.2205 3.1505, -1.019 -1.2205 3.1493, -1.0184 -1.2205 3.1465, -1.0182 -1.2205 3.1461, -1.0179 -1.2205 3.1453, -1.016 -1.2205 3.1421, -1.0152 -1.2205 3.1412, -1.0131 -1.2205 3.1393, -0.9754 -1.2204 3.1265, -1.0013 -1.2203 3.133, -1.0057 -1.2204 3.1348, -0.8332 -1.2205 3.0906, -0.8306 -1.2205 3.09, -0.7069 -1.2205 3.0636, -1.0118 -1.2205 2.8798, -1.0124 -1.2205 2.8791, -1.0048 -1.2205 2.6003, -1.0083 -1.2205 2.5985, -1.0187 -1.2205 2.5808, 0.6595 -1.2205 3.0982, 0.6774 -1.2205 3.1032, 0.8997 -1.2203 3.1656, 1.0027 -1.2205 0.9279, 1.0053 -1.2205 0.9293, 1.0185 -1.2205 0.9477, 0.5897 -1.2204 1.3379, 1.0191 -1.2205 1.2302, 1.0189 -1.2205 1.2313, 1.0164 -1.2205 1.221, -1.0045 -1.2205 1.1829, -1.008 -1.2205 1.1812, -1.0179 -1.2205 1.1619, 1.0031 -1.2205 2.6288, 1.0057 -1.2205 2.6301, 1.0102 -1.2205 2.6324, 1.0119 -1.2205 2.6336, 1.0131 -1.2205 2.6349, 1.0159 -1.2205 2.6377, -1.0085 -1.2205 2.0315, -1.0104 -1.2205 2.0305, -1.0121 -1.2205 2.0293, -1.0126 -1.2205 2.0287, 0.5904 -1.2205 2.7992, 0.6918 -1.2205 2.8228, 0.6562 -1.2205 3.0276, 0.7059 -1.2205 2.8266, 0.7066 -1.2205 3.017, 1.0012 -1.2203 2.9115, 1.0031 -1.2205 2.9122, 1.0056 -1.2205 2.9135, 1.0167 -1.2205 2.9224, -1.0113 -1.2205 3.1377, -1.0082 -1.2205 3.1358, -1.0031 -1.2205 2.6012, -1.0082 -1.2205 2.2854, -1.0057 -1.2205 2.2844, -1.0188 -1.2205 2.3022, 1.0181 -1.2205 0.9494, 1.0176 -1.2205 0.9506, 1.0175 -1.2205 0.9509, 1.0158 -1.2205 0.9538, 1.0133 -1.2205 1.2177, 1.016 -1.2205 1.2204, 0.975 -1.2204 1.2532, 1.0013 -1.2204 1.2465, 1.0046 -1.2204 1.2452, 1.0134 -1.2205 1.5011, 1.0161 -1.2205 1.5039, 0.975 -1.2204 1.5366, 1.0165 -1.2205 1.5045, 1.0013 -1.2204 1.53, 1.0114 -1.2205 1.5254, 1.0083 -1.2205 1.5273, 1.0047 -1.2204 1.5287, -1.0045 -1.2205 1.4664, -1.0079 -1.2205 1.4646, -0.6588 -1.2205 1.3524, 1.0029 -1.2205 2.3453, 1.0055 -1.2205 2.3466, 1.0187 -1.2205 2.365, -0.4999 -1.2203 1.3179, 0.5 -1.2204 1.9199, 0.4999 -1.2204 1.9278, 0.59 -1.2204 1.9485, 0.5904 -1.2205 2.5157, 0.5 -1.2205 2.4947, -0.4999 -1.2205 1.8846, -0.6743 -1.2205 1.8446, -0.8308 -1.2205 1.6726, -0.9488 -1.2205 1.7024, 1.0162 -1.2205 2.6382, 1.0167 -1.2205 2.6389, 1.0188 -1.2205 2.6435, 1.0185 -1.2205 2.6424, -0.8334 -1.2205 2.0852, -0.7068 -1.2205 1.9296, -0.7065 -1.2205 2.1194, -0.6589 -1.2205 1.9195, -0.6744 -1.2205 2.1281, -0.59 -1.2204 2.1475, -0.975 -1.2205 2.0429, -1.0014 -1.2205 2.0349, -1.0161 -1.2205 2.0252, -1.0169 -1.2205 2.024, -1.0179 -1.2205 2.0221, -1.0186 -1.2205 2.0205, -1.0189 -1.2205 2.0194, -1.0186 -1.2205 2.0126, -1.0192 -1.2205 2.0154, -1.0193 -1.2205 2.0166, -1.0184 -1.2205 2.0122, -1.0181 -1.2205 2.0114, -1.0161 -1.2205 2.0082, -1.0153 -1.2205 2.0073, -1.0133 -1.2205 2.0054, -1.0114 -1.2205 2.0038, -1.0083 -1.2205 2.0019, -1.0059 -1.2205 2.0009, 0.8113 -1.2205 2.995, 0.8335 -1.2205 2.8614, 0.8339 -1.2205 2.9893, 0.8471 -1.2205 2.8652, 0.9751 -1.2203 2.9037, 1.0191 -1.2205 2.9298, 1.0124 -1.2205 2.9416, 1.0113 -1.2205 2.9426, 1.016 -1.2205 2.9381, 1.0188 -1.2205 2.9319, 1.0178 -1.2205 2.9352, 1.0184 -1.2205 2.9338, 1.0179 -1.2205 2.935, -1.0014 -1.2204 2.8853, -1.0031 -1.2205 2.8846, -1.0048 -1.2205 2.8837, -1.0101 -1.2205 2.881, -1.0158 -1.2205 2.8757, -1.0167 -1.2205 2.8745, -1.0162 -1.2205 2.5756, -0.8497 -1.2205 2.6476, -1.0179 -1.2205 2.5784, -1.0184 -1.2205 2.5796, -1.016 -1.2205 2.5752, -1.0152 -1.2205 2.5743, -1.0115 -1.2205 2.571, -0.6418 -1.2205 2.7022, -0.6968 -1.2205 2.6894, -0.6586 -1.2205 2.4863, -0.8134 -1.2205 2.6575, 1.015 -1.2205 0.9547, 1.0121 -1.2205 0.9573, 1.0112 -1.2205 0.9582, 1.0095 -1.2205 1.2147, 1.0103 -1.2205 1.2151, 1.0119 -1.2205 1.2163, 1.0185 -1.2205 1.233, 1.018 -1.2205 1.2342, 1.0178 -1.2205 1.2345, 1.0096 -1.2205 1.4982, 1.0105 -1.2205 1.4986, 1.0121 -1.2205 1.4998, 1.0177 -1.2205 2.3683, 0.9749 -1.2204 2.3366, 1.0178 -1.2205 2.368, 1.0183 -1.2205 2.3668, 1.0159 -1.2205 2.3712, 1.0151 -1.2205 2.3722, 1.0123 -1.2205 2.3747, 1.0051 -1.2205 1.7797, 0.9749 -1.2203 1.7698, 1.0024 -1.2205 1.7783, 1.0013 -1.2203 1.7777, 1.0157 -1.2205 1.7878, 1.0161 -1.2205 1.7884, 1.0183 -1.2205 1.7981, 1.0179 -1.2205 1.7998, 1.0175 -1.2205 1.801, 1.0173 -1.2205 1.8013, -1.0176 -1.2205 1.1612, -0.8334 -1.2205 1.2348, -0.847 -1.2205 1.2311, -0.9748 -1.2203 1.1925, -1.0157 -1.2205 1.158, -1.0149 -1.2205 1.1571, -1.0127 -1.2205 1.155, -0.7042 -1.2205 1.8365, -0.847 -1.2205 1.798, -0.9485 -1.2205 1.7674, -0.847 -1.2205 2.0815, -0.833 -1.2205 1.9565, -0.8308 -1.2205 1.956, -1.0034 -1.2205 2.0342, -1.0051 -1.2205 2.0333, 1.019 -1.2205 2.931, 1.0152 -1.2205 2.9391, -1.0184 -1.2205 2.871, -1.013 -1.2205 2.8558, -1.0113 -1.2205 2.8543, -1.0014 -1.2204 2.6018, -1.0101 -1.2205 2.5975, -1.0118 -1.2205 2.5963, -1.0139 -1.2205 2.5941, -1.0113 -1.2205 2.5708, -1.0082 -1.2205 2.5689, -1.0049 -1.2205 2.5675, -0.59 -1.2204 2.431, 0.4999 -1.2205 3.0617, -1.0167 -1.2205 2.3076, -1.0177 -1.2205 2.3055, 1.0098 -1.2205 0.9315, 1.0114 -1.2205 0.9327, 1.0127 -1.2205 0.9341, 1.0081 -1.2205 0.9601, 1.0046 -1.2204 0.9616, 1.0013 -1.2203 0.963, 1.0185 -1.2205 1.2251, 1.0188 -1.2205 1.2262, 1.0168 -1.2205 1.2216, 1.019 -1.2205 1.228, 1.0192 -1.2205 1.2291, 1.016 -1.2205 1.2374, 1.0153 -1.2205 1.2383, 1.0124 -1.2205 1.2409, 1.0114 -1.2205 1.2418, 1.0083 -1.2205 1.2437, 1.0013 -1.2204 1.4942, 1.0034 -1.2205 1.4949, 1.0054 -1.2205 1.496, 1.0125 -1.2205 1.5244, 1.017 -1.2205 1.5051, 1.0187 -1.2205 1.5086, 1.019 -1.2205 1.5097, 1.0192 -1.2205 1.5115, 1.0193 -1.2205 1.5126, 1.0161 -1.2205 1.5209, 1.019 -1.2205 1.5147, 1.0179 -1.2205 1.518, 1.0186 -1.2205 1.5165, 1.0181 -1.2205 1.5178, -0.6744 -1.2205 1.5612, -0.7064 -1.2205 1.5526, 1.0013 -1.2204 2.3446, 1.0095 -1.2205 1.7819, 1.0111 -1.2205 1.7831, 1.0125 -1.2205 1.7845, 1.0153 -1.2205 1.7872, 1.0185 -1.2205 1.7948, 1.0186 -1.2205 1.7958, 1.0185 -1.2205 1.797, 1.0156 -1.2205 1.8041, 1.0148 -1.2205 1.8051, 1.012 -1.2205 1.8077, 1.011 -1.2205 1.8086, 1.008 -1.2205 1.8105, 1.0045 -1.2204 1.812, 1.0013 -1.2203 1.8134, 0.9751 -1.2203 1.8201, 0.8468 -1.2205 1.7312, 0.8329 -1.2205 1.856, 0.8334 -1.2205 1.7275, 0.8307 -1.2205 1.8565, 0.7064 -1.2205 1.6931, -1.0097 -1.2205 1.1803, -1.0114 -1.2205 1.1791, -1.0121 -1.2205 1.1783, 1.0174 -1.2205 2.0848, 0.9749 -1.2204 2.0532, 1.0013 -1.2204 2.0612, 1.0157 -1.2205 2.0877, 1.0149 -1.2205 2.0886, 1.0121 -1.2205 2.0912, 1.0111 -1.2205 2.0921, 1.0081 -1.2205 2.094, 1.0046 -1.2204 2.0955, 1.0013 -1.2204 2.6638, 0.9755 -1.2204 2.6703, 0.8471 -1.2205 2.5816, 0.834 -1.2205 2.7058, 0.8334 -1.2205 2.5779, 0.8114 -1.2205 2.7115, 0.7058 -1.2205 2.5431, 0.7068 -1.2205 2.7335, 0.6918 -1.2205 2.5393, 0.6563 -1.2205 2.7441, 0.5898 -1.2205 2.7553, -0.6586 -1.2205 2.7698, -0.6968 -1.2205 2.9729, -0.7069 -1.2205 2.7801, -0.7057 -1.2205 2.9704, -0.8306 -1.2205 2.8065, -0.8335 -1.2205 2.9355, -0.8332 -1.2205 2.8071, -0.8497 -1.2205 2.9311, -0.9751 -1.2204 2.8932, -1.0184 -1.2205 2.8631, -1.0188 -1.2205 2.8692, -1.019 -1.2205 2.8659, -1.0191 -1.2205 2.867, -1.0182 -1.2205 2.8626, -1.0179 -1.2205 2.8619, -1.016 -1.2205 2.8587, -1.0187 -1.2205 2.8699, -1.0152 -1.2205 2.8578, -1.0159 -1.2205 2.5922, -1.0167 -1.2205 2.591, -1.0177 -1.2205 2.589, -1.0187 -1.2205 2.5863, -1.0187 -1.2205 2.5864, -1.0184 -1.2205 2.5875, -1.0014 -1.2204 2.5661, -0.8306 -1.2205 2.5229, -0.8132 -1.2205 2.5192, -1.0013 -1.2204 2.3184, -1.0031 -1.2205 2.3177, -1.0048 -1.2205 2.3168, -1.0083 -1.2205 2.315, -1.0101 -1.2205 2.3141, -1.0118 -1.2205 2.3129, -1.0113 -1.2205 2.2873, 1.0186 -1.2205 0.9444, 1.0155 -1.2205 0.9369, 1.0188 -1.2205 0.9455, 1.0187 -1.2205 0.9467, 1.0013 -1.2204 1.2108, 1.0032 -1.2205 1.2115, 1.0053 -1.2205 1.2125, 0.6588 -1.2205 1.6098, 0.6745 -1.2205 1.401, 0.7068 -1.2205 1.5996, 0.7064 -1.2205 1.4096, 0.8307 -1.2205 1.5732, 0.8334 -1.2205 1.4439, 0.8329 -1.2205 1.5726, 0.8471 -1.2205 1.4476, 0.9749 -1.2204 1.4862, 1.0192 -1.2205 1.5138, 1.0153 -1.2205 1.5219, -0.8334 -1.2205 1.5183, -0.8471 -1.2205 1.5146, -0.9748 -1.2204 1.476, -1.0096 -1.2205 1.4638, -1.0113 -1.2205 1.4626, -1.0121 -1.2205 1.4618, -1.0013 -1.2203 1.4322, -0.975 -1.2204 1.4256, -0.8329 -1.2205 1.3896, 1.0129 -1.2205 2.3514, 1.0157 -1.2205 2.3542, 1.0161 -1.2205 2.3547, 1.0189 -1.2205 2.364, 1.0112 -1.2205 2.3756, 1.0082 -1.2205 2.3776, 1.0048 -1.2204 2.3789, 1.0179 -1.2205 1.7919, 1.0182 -1.2205 1.7929, 0.7067 -1.2205 1.883, 0.659 -1.2205 1.8932, 0.6744 -1.2205 1.6844, 0.5898 -1.2205 1.9048, 0.5901 -1.2205 1.665, -1.0012 -1.2203 1.1845, -1.0027 -1.2205 1.1839, -1.0155 -1.2205 1.1749, -1.0163 -1.2205 1.1738, -1.0174 -1.2205 1.1717, -1.0054 -1.2204 1.1505, 1.0187 -1.2205 2.0805, 1.0185 -1.2205 2.0815, 1.0053 -1.2205 2.0631, 1.0181 -1.2205 2.0833, 1.0013 -1.2204 2.0969, 0.975 -1.2204 2.1036, 0.8469 -1.2205 2.0146, 0.8329 -1.2205 2.1395, 0.8333 -1.2205 2.0109, 0.8308 -1.2205 2.14, 0.7064 -1.2205 1.9765, 0.6744 -1.2205 1.9678, -1.0191 -1.2205 2.5836, -1.019 -1.2205 2.5824, -1.0158 -1.2205 2.3087, -1.0184 -1.2205 2.304, -1.0187 -1.2205 2.303, 1.0159 -1.2205 0.9374, 1.0164 -1.2205 0.938, 1.0184 -1.2205 0.9426, 1.0181 -1.2205 0.9416, 0.5897 -1.2204 2.4718, 0.4999 -1.2203 2.2112, -0.4999 -1.2203 1.6014, -0.59 -1.2204 1.5806, -1.0154 -1.2205 1.4584, -1.0162 -1.2205 1.4573, -1.0173 -1.2205 1.4551, -1.018 -1.2205 1.4537, -1.0183 -1.2205 1.4527, -1.0186 -1.2205 1.4486, -1.018 -1.2205 1.4459, -1.0054 -1.2204 1.434, -0.8307 -1.2205 1.389, -0.7068 -1.2205 1.3626, 1.01 -1.2205 2.3489, 1.0116 -1.2205 2.3501, 1.0183 -1.2205 2.3589, 1.0186 -1.2205 2.36, 1.0166 -1.2205 2.3554, 1.0188 -1.2205 2.3617, 1.019 -1.2205 2.3629, -1.0181 -1.2205 1.1702, -1.0184 -1.2205 1.1692, -1.0185 -1.2205 1.1684, -1.0188 -1.2205 1.1663, -1.0187 -1.2205 1.1651, -1.0181 -1.2205 1.1624, -1.0111 -1.2205 1.1536, -1.0081 -1.2205 1.1517, -0.7064 -1.2205 1.2691, -0.6744 -1.2205 1.2778, -0.59 -1.2204 1.2972, 1.0097 -1.2205 2.0654, 1.0113 -1.2205 2.0666, 1.0186 -1.2205 2.0782, 1.0127 -1.2205 2.0679, 1.0155 -1.2205 2.0707, 1.0187 -1.2205 2.0793, 1.0026 -1.2205 2.0618, 1.0176 -1.2205 2.0845, -1.0184 -1.2205 2.2961, -1.019 -1.2205 2.2989, -1.0191 -1.2205 2.3001, -1.0182 -1.2205 2.2957, -1.0179 -1.2205 2.2949, -1.016 -1.2205 2.2918, -1.0152 -1.2205 2.2908, -1.013 -1.2205 2.2889, 0.975 -1.2204 0.9697, 0.8329 -1.2205 1.0057, 0.8307 -1.2205 1.0063, 0.7068 -1.2205 1.0326, 0.6588 -1.2205 1.0428, 0.5897 -1.2204 1.0544, 0.4999 -1.2205 -0.0032, 0.59 -1.2204 1.0981, 0.6744 -1.2205 1.1175, 0.6588 -1.2205 1.3263, 0.7064 -1.2205 1.1262, 0.7068 -1.2205 1.3161, 0.8307 -1.2205 1.2897, 0.8334 -1.2205 1.1605, 0.8329 -1.2205 1.2892, 0.8471 -1.2205 1.1642, 0.9749 -1.2204 1.2028, -1.0013 -1.2203 1.468, -1.0026 -1.2205 1.4674, 0.7064 -1.2205 2.26, 0.659 -1.2205 2.4601, 0.6744 -1.2205 2.2513, 0.59 -1.2204 2.2319, 1.0159 -1.2205 2.0713, 1.0163 -1.2205 2.0719, 1.0184 -1.2205 2.0765, 1.018 -1.2205 2.0754, -1.0187 -1.2205 1.4498, -1.0178 -1.2205 1.4453, -1.0176 -1.2205 1.4446, -1.0157 -1.2205 1.4415, -1.0111 -1.2205 1.4371, -1.0081 -1.2205 1.4351, -1.0127 -1.2205 1.4385, -1.0149 -1.2205 1.4405, 1.0013 -1.2204 2.3804, 0.975 -1.2204 2.387, 0.8469 -1.2205 2.298, 0.8329 -1.2205 2.423, 0.8334 -1.2205 2.2943, 0.8308 -1.2205 2.4236, 0.7068 -1.2205 2.45, -0.6744 -1.2205 2.4116, -0.7064 -1.2205 2.403, -0.8308 -1.2205 2.2394, -0.8334 -1.2205 2.3687, -0.8329 -1.2205 2.24, -0.8469 -1.2205 2.365, -0.9749 -1.2204 2.3264, 0.9014 0.9628 -0.0032, 1.3134 -0.1198 -0.0032, 0.7124 -1.1099 -0.0032, 0.9014 -0.9628 -0.0032, 1.0607 -0.7839 -0.0032, 1.1849 -0.5792 -0.0032, 1.2701 -0.3553 -0.0032, 1.3134 0.1198 -0.0032, 1.2701 0.3553 -0.0032, 1.1849 0.5792 -0.0032, 1.0607 0.7839 -0.0032, 0.7124 1.1099 -0.0032, 0.4999 1.2205 -0.0032, -0.5898 1.2205 2.0464, -0.4999 1.2205 2.0615, -1.0191 1.2205 1.9365, 1.0013 1.2204 2.9913, 0.975 1.2204 2.9846, 1.0188 1.2205 3.0109, 0.4999 1.2203 3.1683, 0.4999 1.2205 3.1604, 0.7069 1.2205 1.2211, 0.6588 1.2205 1.2108, 0.5898 1.2205 1.1992, 0.4999 1.2205 1.1841, -0.4999 1.2205 1.7781, -0.6559 1.2205 1.7519, -0.6588 1.2205 1.7514, 1.0013 1.2203 2.4244, 0.9754 1.2203 2.4178, 1.0122 1.2205 2.4539, -0.4999 1.2205 -0.0032, -1.0158 1.2205 1.6625, -1.015 1.2205 1.6634, -1.0112 1.2205 1.6668, -0.4999 1.2205 1.2112, -0.4999 1.2205 1.2192, -1.0081 1.2205 1.6688, -1.0047 1.2204 1.6703, -0.8502 1.2205 1.5905, 0.7069 1.2205 1.5045, 0.6588 1.2205 1.4943, -0.4999 1.2205 2.345, 0.5898 1.2205 1.4827, 0.4999 1.2205 1.4676, -1.0176 1.2205 2.5097, -1.0158 1.2205 2.5126, -1.0136 1.2205 2.494, -0.6743 1.2205 1.8263, -0.7066 1.2205 1.835, -1.0083 1.2205 1.9524, -1.005 1.2204 1.9537, -0.6589 1.2205 2.0348, -1.0126 1.2205 1.3593, -0.5901 1.2205 1.2399, -1.0154 1.2205 1.362, -1.0158 1.2205 1.3626, -1.008 1.2205 1.3853, -1.0046 1.2204 1.3868, -0.6588 1.2205 1.4679, -0.5898 1.2205 1.4795, -0.4999 1.2205 1.4947, -0.4999 1.2205 1.5026, -1.0112 1.2205 1.6669, 0.8335 1.2205 3.0772, 0.7068 1.2205 2.9217, 0.7058 1.2205 3.1121, 0.6587 1.2205 2.9114, 0.6968 1.2205 3.1146, 0.5897 1.2204 2.8999, 0.5905 1.2205 3.1393, 1.0083 1.2205 3.0237, 1.0102 1.2205 3.0227, 1.0118 1.2205 3.0215, 1.0124 1.2205 3.0209, 1.0113 1.2205 2.996, 1.0082 1.2205 2.9941, 1.0057 1.2204 2.9931, -0.7066 1.2205 2.8753, -0.6562 1.2205 2.8859, 0.4999 1.2205 2.0344, -0.5897 1.2205 2.897, -0.4999 1.2205 2.912, -1.0151 1.2205 1.0966, -1.0123 1.2205 1.0991, -1.0187 1.2205 1.0894, -0.9753 1.2203 1.1113, -1.0012 1.2203 1.1048, -1.0048 1.2204 1.1033, 0.9751 1.2204 3.0349, 1.0013 1.2204 3.027, 1.0159 1.2205 3.0174, 1.0167 1.2205 3.0162, 1.0177 1.2205 3.0142, 1.0184 1.2205 3.0127, 1.0187 1.2205 3.0116, 0.5898 1.2205 2.6164, 0.5 1.2204 2.6014, 0.4999 1.2204 2.8769, 1.0081 1.2205 2.4272, 1.0055 1.2204 2.4261, 1.0186 1.2205 2.444, -1.0118 1.2205 2.7754, -1.013 1.2205 2.7766, -0.9753 1.2204 2.8121, 0.9751 1.2203 1.8508, 0.975 1.2203 1.9011, 1.0013 1.2203 1.8932, -0.9754 1.2203 2.2452, -0.9753 1.2203 2.1951, -1.0013 1.2203 2.2029, -1.0149 1.2205 2.5138, -1.0111 1.2205 2.5172, -0.9419 1.2203 2.4685, -0.8337 1.2205 1.8693, -0.847 1.2205 1.8729, -0.9753 1.2204 1.9116, -1.0132 1.2205 1.9262, -1.016 1.2205 1.9291, -1.0163 1.2205 1.9295, -1.0169 1.2205 1.9303, -1.0014 1.2204 1.9552, -0.9754 1.2204 1.9617, -0.8332 1.2205 1.9976, -1.0188 1.2205 1.0861, -1.019 1.2205 1.0873, -1.0189 1.2205 1.0885, -1.0183 1.2205 1.0913, -1.0178 1.2205 1.0925, -1.0177 1.2205 1.0927, -1.011 1.2205 1.3834, -1.0012 1.2203 1.3882, -0.9753 1.2203 1.3948, -0.8332 1.2205 1.4306, -1.0159 1.2205 1.6461, -1.0156 1.2205 1.6456, -1.0137 1.2205 1.6436, -1.0164 1.2205 1.6467, -1.0174 1.2205 1.6487, -1.0181 1.2205 1.6502, 0.8496 1.2205 3.0728, 0.8329 1.2205 2.9487, 0.8306 1.2205 2.9481, 1.0031 1.2205 3.0263, 1.0048 1.2205 3.0255, 1.0184 1.2205 3.0048, 1.019 1.2205 3.0076, 1.0191 1.2205 3.0087, 1.0182 1.2205 3.0044, 1.0179 1.2205 3.0036, 1.016 1.2205 3.0004, 1.0152 1.2205 2.9995, 1.013 1.2205 2.9976, 0.4999 1.2204 2.8848, 0.4999 1.2205 2.5934, 1.0024 1.2205 1.8926, 1.0043 1.2205 1.8916, 1.0078 1.2205 1.8898, -1.003 1.2205 2.2035, -1.0055 1.2205 2.2049, -1.0013 1.2203 2.2386, -1.0048 1.2204 2.2372, -1.0012 1.2202 2.4864, -1.0026 1.2205 2.487, -1.0044 1.2205 2.4879, -1.0079 1.2205 2.4897, -0.6286 1.2205 2.6069, -0.4999 1.2205 2.6285, -0.4999 1.2205 2.353, 0.4999 1.2205 1.751, 0.4999 1.2205 1.743, 0.5901 1.2205 1.7223, 1.0013 1.2204 1.0428, 1.003 1.2205 1.0421, 1.0181 1.2205 1.0201, 1.0048 1.2205 1.0412, 1.0082 1.2205 1.0394, 1.0178 1.2205 1.0193, 0.847 1.2205 1.0892, 0.9753 1.2204 1.0506, 1.0159 1.2205 1.0162, 1.0151 1.2205 1.0152, 1.013 1.2205 1.0133, -0.8308 1.2205 1.9982, -0.7069 1.2205 2.0246, -1.0056 1.2205 1.071, -1.003 1.2205 1.0697, -1.013 1.2205 1.0758, -1.0158 1.2205 1.0787, -1.0161 1.2205 1.0791, -1.0166 1.2205 1.0798, -1.0183 1.2205 1.0834, -1.0186 1.2205 1.0844, -1.0112 1.2205 1.1001, -1.0081 1.2205 1.102, -0.8336 1.2205 1.3025, -0.7065 1.2205 1.2681, -0.6743 1.2205 1.2593, -1.0187 1.2205 1.3707, -1.0186 1.2205 1.3719, -1.0184 1.2205 1.3729, -1.018 1.2205 1.3746, -0.8306 1.2205 1.4313, -0.7069 1.2205 1.4577, -1.0027 1.2205 1.6366, -1.0046 1.2205 1.6375, -1.008 1.2205 1.6393, -1.0185 1.2205 1.6513, -1.0185 1.2205 1.6514, -1.0188 1.2205 1.6542, -1.0188 1.2205 1.6553, -1.0184 1.2205 1.657, -1.0182 1.2205 1.6581, 1.0177 1.2205 2.7307, 1.0184 1.2205 2.7292, 0.8329 1.2205 2.6653, 1.0187 1.2205 2.7281, 1.0188 1.2205 2.7274, 1.0081 1.2205 2.4568, 1.0099 1.2205 2.4558, 1.0116 1.2205 2.4546, 1.0165 1.2205 2.4493, 1.0175 1.2205 2.4473, -1.0102 1.2205 2.7741, 1.0185 1.2205 1.8739, 1.0186 1.2205 1.875, 1.0183 1.2205 1.8771, 1.0179 1.2205 1.8711, 1.0177 1.2205 1.8705, 1.0175 1.2205 1.8699, 1.0156 1.2205 1.8667, 1.0148 1.2205 1.8658, 1.0126 1.2205 1.8637, -1.0123 1.2205 2.2329, -1.01 1.2205 2.2072, -1.0113 1.2205 2.2339, -1.0082 1.2205 2.2358, -1.0157 1.2205 2.5128, -1.0111 1.2205 2.5173, -1.008 1.2205 2.5192, -1.0046 1.2204 2.5207, 1.0013 1.2203 1.6097, 1.0031 1.2205 1.609, 0.9752 1.2203 1.6175, 1.0045 1.2205 1.6083, 1.0087 1.2205 1.6061, 1.0123 1.2205 1.6037, 1.0159 1.2205 1.6, 0.847 1.2205 1.6561, 1.0167 1.2205 1.5989, 1.0176 1.2205 1.597, 1.0184 1.2205 1.5875, 1.0183 1.2205 1.5872, 1.0179 1.2205 1.5863, 1.016 1.2205 1.5831, 1.0152 1.2205 1.5822, 1.0132 1.2205 1.5804, 1.0113 1.2205 1.5787, 1.0082 1.2205 1.5768, 1.0053 1.2204 1.5756, 1.0013 1.2203 1.574, 0.9753 1.2203 1.5674, 0.8336 1.2205 1.6597, 1.0176 1.2205 1.0299, 1.0183 1.2205 1.0285, 1.0186 1.2205 1.0274, 1.0187 1.2205 1.0266, 1.019 1.2205 1.0245, 1.0189 1.2205 1.0233, 1.0183 1.2205 1.0205, 1.0112 1.2205 1.0117, 1.0081 1.2205 1.0098, 1.0056 1.2204 1.0088, 0.7066 1.2205 1.1272, 0.8337 1.2205 1.0928, -1.0014 1.2204 1.9194, -1.0033 1.2205 1.9201, -1.0057 1.2205 1.9214, -1.0103 1.2205 1.9238, -1.012 1.2205 1.925, -1.0186 1.2205 1.9338, -1.0189 1.2205 1.9349, -1.0192 1.2205 1.9377, -1.0125 1.2205 1.9495, -1.0114 1.2205 1.9505, -1.0161 1.2205 1.946, -1.0189 1.2205 1.9398, -1.0179 1.2205 1.9431, -1.0185 1.2205 1.9417, -1.018 1.2205 1.9429, -0.5898 1.2205 1.1961, -0.6588 1.2205 1.1845, -0.7068 1.2205 1.1742, -0.8306 1.2205 1.1478, -0.8331 1.2205 1.1472, -1.0101 1.2205 1.0733, -1.0117 1.2205 1.0746, -1.0159 1.2205 1.0956, -1.0052 1.2205 1.3545, -0.9752 1.2203 1.3447, -1.0026 1.2205 1.3531, -1.0012 1.2203 1.3525, -1.018 1.2205 1.3667, -1.0183 1.2205 1.3678, -1.0185 1.2205 1.3696, -1.0175 1.2205 1.3758, -1.0174 1.2205 1.3761, -1.0156 1.2205 1.379, -1.0149 1.2205 1.3799, -1.012 1.2205 1.3825, -1.0013 1.2203 1.636, -1.0177 1.2205 1.6593, -1.0159 1.2205 1.6622, -1.0013 1.2203 1.6717, -0.8509 1.2204 1.7096, -0.847 1.2205 1.5895, -0.8306 1.2205 1.7147, -0.6744 1.2205 1.5428, -0.6565 1.2205 1.5387, 0.5905 1.2205 2.8559, 0.6968 1.2205 2.8311, 0.6587 1.2205 2.628, 0.7057 1.2205 2.8287, 0.7067 1.2205 2.6382, 0.8306 1.2205 2.6647, 1.0112 1.2205 2.4291, 1.0173 1.2205 2.1638, 1.018 1.2205 2.1624, 1.0183 1.2205 2.1613, 1.0184 1.2205 2.1605, 0.5898 1.2205 2.0496, 1.0054 1.2204 2.1427, -0.4999 1.2203 2.9199, -1.0162 1.2205 3.0634, -1.0167 1.2205 3.0641, 0.7064 1.2205 1.9777, 0.659 1.2205 1.7777, 0.6743 1.2205 1.9864, 0.5898 1.2205 1.766, 0.59 1.2205 2.0058, 0.4999 1.2205 2.0266, -0.4999 1.2205 2.6366, -0.5904 1.2205 2.6576, -1.0191 1.2205 2.7881, -1.019 1.2205 2.7893, -1.0189 1.2205 2.7869, -1.0188 1.2205 2.7902, -1.0184 1.2205 2.7921, -1.0124 1.2205 2.7999, -1.0162 1.2205 2.7799, -1.0152 1.2205 2.7974, -1.016 1.2205 2.7964, -1.0159 1.2205 2.7795, -1.0013 1.2204 2.8056, -1.0049 1.2204 2.8041, 1.0095 1.2205 1.889, 1.0111 1.2205 1.8878, 1.0119 1.2205 1.887, 1.0153 1.2205 1.8837, 1.0161 1.2205 1.8825, 1.0172 1.2205 1.8803, 1.0179 1.2205 1.879, 1.0182 1.2205 1.8779, 1.0013 1.2203 1.8574, 1.0053 1.2204 1.8592, 1.008 1.2205 1.8604, 1.011 1.2205 1.8623, -1.0129 1.2205 2.2097, -1.0187 1.2205 2.2233, -1.0183 1.2205 2.2251, -1.0097 1.2205 2.4906, -1.0113 1.2205 2.4918, -1.0155 1.2205 2.4959, -1.0183 1.2205 2.5073, -1.0181 1.2205 2.5085, -1.0158 1.2205 2.4965, -1.0163 1.2205 2.4971, -1.0173 1.2205 2.4991, -1.0184 1.2205 2.5018, -1.0183 1.2205 2.5017, -1.018 1.2205 2.5006, 1.0184 1.2205 1.5954, 1.0187 1.2205 1.5943, 1.0188 1.2205 1.5937, 1.01 1.2205 1.0385, 1.0117 1.2205 1.0373, 1.0123 1.2205 1.0366, 1.0157 1.2205 1.0332, 1.0166 1.2205 1.032, 0.6744 1.2205 1.1359, 0.5901 1.2205 1.1553, 0.4999 1.2205 1.1761, -0.4999 1.2205 1.7862, -0.5901 1.2205 1.8069, -1.0192 1.2205 1.9389, -1.0153 1.2205 1.947, -0.8469 1.2205 1.3061, -1.0113 1.2205 1.3579, -1.0096 1.2205 1.3567, -1.0162 1.2205 1.3632, -1.0098 1.2205 1.6402, -1.0115 1.2205 1.6414, 1.0083 1.2205 2.7402, 1.0102 1.2205 2.7392, 1.0118 1.2205 2.738, 1.0124 1.2205 2.7374, 1.0159 1.2205 2.7339, 1.0167 1.2205 2.7327, 1.0184 1.2205 2.7213, 1.0182 1.2205 2.7209, 1.0179 1.2205 2.7201, 1.0159 1.2205 2.7169, 1.0151 1.2205 2.716, 1.013 1.2205 2.7141, 1.0057 1.2204 2.7096, 1.0082 1.2205 2.7106, 1.0113 1.2205 2.7125, 1.0013 1.2203 2.7078, 0.9751 1.2203 2.7012, 1.0013 1.2203 2.4601, 1.0028 1.2205 2.4595, 1.0046 1.2205 2.4585, 1.0156 1.2205 2.4505, 1.0182 1.2205 2.4458, 1.0185 1.2205 2.4447, 0.6743 1.2205 2.2698, 0.7065 1.2205 2.2611, 0.8336 1.2205 2.2267, 0.8467 1.2205 2.2231, 0.9751 1.2203 2.1845, 1.018 1.2205 2.1545, 1.0178 1.2205 2.154, 1.0175 1.2205 2.1533, 1.0156 1.2205 2.1502, 1.0149 1.2205 2.1492, 1.0126 1.2205 2.1472, 1.011 1.2205 2.1457, 1.008 1.2205 2.1438, 0.7068 1.2205 2.0714, 0.659 1.2205 2.0612, -1.0189 1.2205 3.0704, -1.0191 1.2205 3.0716, -1.019 1.2205 3.0727, -1.0188 1.2205 3.0737, -1.0184 1.2205 3.0755, -1.0179 1.2205 3.0767, -1.0178 1.2205 3.0769, -1.016 1.2205 3.0799, -1.0152 1.2205 3.0808, -1.0124 1.2205 3.0833, -1.0049 1.2204 3.0876, -1.0014 1.2204 3.089, -0.9859 1.2204 3.093, -0.8605 1.2205 3.1251, -0.7483 1.2205 3.1503, -1.0178 1.2205 2.7934, -1.0167 1.2205 2.7806, -1.0184 1.2205 2.7842, -1.0187 1.2205 2.7852, -1.0179 1.2205 2.7933, -1.0113 1.2205 2.8009, -1.0082 1.2205 2.8028, 0.8468 1.2205 1.9396, 0.833 1.2205 1.815, 0.8335 1.2205 1.9433, 0.8307 1.2205 1.8144, 0.7067 1.2205 1.7879, -0.5898 1.2205 2.3299, -0.4999 1.2205 2.0696, 0.4999 1.2205 1.4595, 0.5901 1.2205 1.4388, 1.009 1.2205 1.3227, 1.0105 1.2205 1.3218, 0.9754 1.2204 1.284, 1.0122 1.2205 1.3206, 1.0126 1.2205 1.3202, 1.0162 1.2205 1.3165, 1.0055 1.2204 1.2921, 1.0014 1.2204 1.2905, -0.7066 1.2205 2.1185, -0.6589 1.2205 2.3183, -0.6743 1.2205 2.1098, -0.5901 1.2205 2.0904, -1.0188 1.2205 2.22, -1.0158 1.2205 2.2125, -1.019 1.2205 2.2211, -1.0189 1.2205 2.2223, -1.0178 1.2205 2.2263, -1.0177 1.2205 2.2265, -1.0159 1.2205 2.2294, -1.0117 1.2205 2.2084, -1.0151 1.2205 2.2304, -1.0187 1.2205 2.5046, -1.0187 1.2205 2.5057, -1.0012 1.2202 2.5221, -0.9421 1.2203 2.537, -0.8468 1.2205 2.4399, -0.8307 1.2205 2.5651, -0.7769 1.2205 2.421, -0.6291 1.2205 2.3828, -0.6743 1.2205 2.3932, -0.659 1.2205 2.6018, -0.7766 1.2205 2.5766, 1.0118 1.2205 1.6042, 1.0102 1.2205 1.6054, 1.0191 1.2205 1.5914, 1.019 1.2205 1.5903, 0.6744 1.2205 1.7028, 0.7066 1.2205 1.6941, 0.8306 1.2205 1.5309, 0.8332 1.2205 1.5316, 1.0191 1.2205 2.7253, 1.019 1.2205 2.7241, 1.0182 1.2205 2.4379, 1.0188 1.2205 2.4407, 1.0189 1.2205 2.4419, 1.018 1.2205 2.4374, 1.0177 1.2205 2.4367, 1.0158 1.2205 2.4336, 1.0151 1.2205 2.4326, 1.0128 1.2205 2.4306, 1.0044 1.2205 2.1751, 1.0079 1.2205 2.1733, 1.012 1.2205 2.1705, 1.0154 1.2205 2.1671, 1.0162 1.2205 2.1659, 1.0187 1.2205 2.1584, 1.0186 1.2205 2.1573, -0.7059 1.2205 2.9683, -0.8334 1.2205 3.003, -1.013 1.2205 3.0601, -0.8473 1.2205 3.0067, -0.9749 1.2204 3.0453, -1.0118 1.2205 3.0588, -1.0013 1.2204 3.0533, -1.0031 1.2205 3.0539, -1.0056 1.2205 3.0553, -1.0184 1.2205 3.0676, -1.0187 1.2205 3.0687, -1.0113 1.2205 3.0843, -1.0082 1.2205 3.0862, -1.0014 1.2204 2.7698, -1.0031 1.2205 2.7705, -1.0056 1.2205 2.7718, 1.0014 1.2204 1.3262, 1.0035 1.2205 1.3255, 1.0048 1.2205 1.3249, 0.6744 1.2205 1.4194, 0.7066 1.2205 1.4107, 0.8307 1.2205 1.2475, 0.8337 1.2205 1.3763, 0.8332 1.2205 1.2481, 0.8471 1.2205 1.3726, 0.9753 1.2204 1.3341, 1.0191 1.2205 1.3102, 1.0179 1.2205 1.3135, 1.019 1.2205 1.3107, 1.0187 1.2205 1.3118, -0.8469 1.2205 2.1564, -0.8332 1.2205 2.281, -0.8337 1.2205 2.1529, -0.8307 1.2205 2.2816, -0.7069 1.2205 2.308, -1.0161 1.2205 2.213, -1.0166 1.2205 2.2137, -1.0186 1.2205 2.2183, -1.0183 1.2205 2.2172, 0.8335 1.2205 2.7938, 0.8497 1.2205 2.7894, 0.975 1.2204 2.7515, 1.0014 1.2204 2.7436, 0.4999 1.2205 2.318, 0.4999 1.2205 2.31, 0.5901 1.2205 2.2892, 1.0012 1.2202 2.1766, 1.0026 1.2205 2.176, -0.692 1.2205 2.9645, -0.5903 1.2204 2.9409, -1.0158 1.2205 3.0629, -0.692 1.2205 2.6811, -0.706 1.2205 2.6849, -0.8113 1.2205 2.8532, -0.8336 1.2205 2.7196, -0.8339 1.2205 2.8476, -0.8473 1.2205 2.7233, -0.9751 1.2204 2.7619, 1.0186 1.2205 1.3039, 1.0185 1.2205 1.3037, 1.0181 1.2205 1.3027, 1.0162 1.2205 1.2995, 1.0154 1.2205 1.2986, 1.0134 1.2205 1.2969, 1.0114 1.2205 1.2951, 1.017 1.2205 1.3153, 1.0083 1.2205 1.2932, 1.0031 1.2205 2.7429, 1.0048 1.2205 2.742, -0.7189 1.2205 3.1569, 0.5898 1.2205 2.3331, 0.5901 1.2205 2.5726, 0.6589 1.2205 2.3447, 0.6743 1.2205 2.5532, 0.7069 1.2205 2.3549, 0.7066 1.2205 2.5445, 0.8307 1.2205 2.3813, 0.8337 1.2205 2.5101, 0.8332 1.2205 2.382, 0.8468 1.2205 2.5066, 0.9752 1.2203 2.4679, 1.0096 1.2205 2.1724, 1.0113 1.2205 2.1712, 0.8307 1.2205 2.0979, 0.8331 1.2205 2.0985, 0.9752 1.2203 2.1343, 1.0012 1.2202 2.1409, -1.0101 1.2205 3.0576, 1.0193 1.2205 1.3079, 1.0193 1.2205 1.3067, -0.7124 1.1099 -0.0032, -0.9014 0.9628 -0.0032, -1.0607 0.7839 -0.0032, -1.1849 0.5792 -0.0032, -1.2701 0.3553 -0.0032, -1.3134 0.1198 -0.0032, -1.3134 -0.1198 -0.0032, -1.2701 -0.3553 -0.0032, -1.1849 -0.5792 -0.0032, -1.0607 -0.7839 -0.0032, -0.9014 -0.9628 -0.0032, -0.7124 -1.1099 -0.0032, -0.8858 -0.4921 -0.0032, -1.1614 -0.4921 -0.0032, -1.1614 0.4921 -0.0032, -0.8858 0.4921 -0.0032, -0.6299 -0.0 -0.0032, -0.6085 0.163 -0.0032, -0.5455 0.315 -0.0032, -0.4454 0.4454 -0.0032, -0.315 0.5455 -0.0032, -0.163 0.6085 -0.0032, 0.0 0.6299 -0.0032, 0.163 0.6085 -0.0032, 0.315 0.5455 -0.0032, 0.4454 0.4454 -0.0032, 0.5455 0.315 -0.0032, 0.6085 0.163 -0.0032, 0.6299 0.0 -0.0032, 0.6085 -0.163 -0.0032, 0.5455 -0.315 -0.0032, 0.4454 -0.4454 -0.0032, 0.315 -0.5455 -0.0032, 0.163 -0.6085 -0.0032, 0.0 -0.6299 -0.0032, -0.163 -0.6085 -0.0032, -0.315 -0.5455 -0.0032, -0.4454 -0.4454 -0.0032, -0.5455 -0.315 -0.0032, -0.6085 -0.163 -0.0032, 0.8858 0.4921 -0.0032, 1.1614 0.4921 -0.0032, 1.1614 -0.4921 -0.0032, 0.8858 -0.4921 -0.0032
            ]
        }
        coordIndex [
            0,1,2,-1,3,4,5,-1,6,7,8,-1,9,10,11,-1,11,10,12,-1,11,12,13,-1,13,12,14,-1,15,16,14,-1,14,12,15,-1,15,12,17,-1,15,17,18,-1,18,17,19,-1,18,19,20,-1,21,22,5,-1,5,22,23,-1,5,23,19,-1,19,23,24,-1,19,24,20,-1,25,26,27,-1,27,26,28,-1,29,30,31,-1,31,30,32,-1,31,32,33,-1,33,32,34,-1,33,34,25,-1,25,34,35,-1,25,35,26,-1,36,37,38,-1,38,37,39,-1,38,39,8,-1,8,39,40,-1,8,40,6,-1,41,42,43,-1,43,42,44,-1,43,44,45,-1,45,44,46,-1,45,46,47,-1,47,46,48,-1,47,48,36,-1,36,48,49,-1,36,49,37,-1,50,51,45,-1,45,51,52,-1,45,52,43,-1,53,50,54,-1,54,50,45,-1,54,45,55,-1,55,45,47,-1,6,29,7,-1,7,29,31,-1,7,31,56,-1,56,57,7,-1,7,57,58,-1,7,58,8,-1,8,58,59,-1,8,59,38,-1,38,59,60,-1,38,60,36,-1,36,60,61,-1,36,61,47,-1,47,61,62,-1,47,62,55,-1,2,1,27,-1,10,63,12,-1,12,63,64,-1,12,64,17,-1,17,64,65,-1,17,65,19,-1,19,65,66,-1,19,66,5,-1,5,66,67,-1,5,67,3,-1,4,0,5,-1,5,0,2,-1,5,2,21,-1,21,2,27,-1,21,27,68,-1,68,27,28,-1,1,69,27,-1,27,69,70,-1,27,70,25,-1,25,70,71,-1,25,71,33,-1,33,71,72,-1,33,72,31,-1,31,72,73,-1,31,73,56,-1,74,75,76,-1,77,78,79,-1,80,81,82,-1,82,81,83,-1,83,81,84,-1,83,84,85,-1,85,84,86,-1,85,86,87,-1,87,86,88,-1,87,88,89,-1,89,88,90,-1,90,88,91,-1,90,91,92,-1,92,91,93,-1,92,93,94,-1,94,93,95,-1,95,93,96,-1,95,96,97,-1,98,99,100,-1,98,100,101,-1,101,100,102,-1,101,102,97,-1,97,102,103,-1,97,103,95,-1,99,98,104,-1,104,98,105,-1,104,105,106,-1,105,107,106,-1,106,107,108,-1,106,108,109,-1,109,108,110,-1,109,110,111,-1,111,110,112,-1,111,112,113,-1,113,112,114,-1,113,114,115,-1,115,114,116,-1,115,116,117,-1,117,116,118,-1,117,118,119,-1,119,118,120,-1,119,120,121,-1,121,120,122,-1,122,120,123,-1,122,123,124,-1,124,123,125,-1,124,125,126,-1,125,127,126,-1,126,127,128,-1,126,128,129,-1,129,128,130,-1,129,130,131,-1,131,130,132,-1,131,132,133,-1,134,135,136,-1,136,135,137,-1,133,132,137,-1,137,132,138,-1,137,138,136,-1,136,138,139,-1,136,139,134,-1,140,141,142,-1,142,141,143,-1,142,143,144,-1,144,143,145,-1,144,145,146,-1,146,145,147,-1,146,147,148,-1,148,147,149,-1,148,149,150,-1,150,149,151,-1,150,151,152,-1,152,151,153,-1,152,153,154,-1,154,153,155,-1,154,155,156,-1,156,155,157,-1,156,157,158,-1,158,157,159,-1,158,159,160,-1,160,159,161,-1,160,161,162,-1,162,161,163,-1,162,163,164,-1,164,163,165,-1,164,165,166,-1,166,165,167,-1,166,167,134,-1,134,167,168,-1,134,168,135,-1,142,169,140,-1,140,169,170,-1,140,170,171,-1,171,170,172,-1,171,172,173,-1,173,172,174,-1,173,174,175,-1,175,174,176,-1,175,176,177,-1,177,176,178,-1,177,178,179,-1,179,178,180,-1,178,181,180,-1,180,181,182,-1,180,182,183,-1,183,182,184,-1,183,184,185,-1,185,184,186,-1,186,184,187,-1,186,187,188,-1,188,187,189,-1,188,189,190,-1,79,78,190,-1,190,78,191,-1,190,191,188,-1,192,193,194,-1,77,79,194,-1,194,79,195,-1,194,195,192,-1,76,75,196,-1,196,75,197,-1,196,197,193,-1,193,197,198,-1,193,198,194,-1,74,76,199,-1,199,76,200,-1,199,200,201,-1,201,200,202,-1,201,202,203,-1,203,202,204,-1,204,202,205,-1,204,205,206,-1,206,205,207,-1,206,207,208,-1,208,207,209,-1,208,209,210,-1,211,212,213,-1,214,215,216,-1,217,218,219,-1,220,221,216,-1,216,221,222,-1,216,222,214,-1,223,224,225,-1,226,227,228,-1,223,225,227,-1,229,230,231,-1,231,230,232,-1,231,232,216,-1,216,232,233,-1,216,233,220,-1,227,225,228,-1,228,225,234,-1,228,234,216,-1,216,234,235,-1,216,235,231,-1,231,226,229,-1,229,226,228,-1,229,228,236,-1,236,228,237,-1,236,237,238,-1,239,240,241,-1,242,243,244,-1,241,240,245,-1,245,240,246,-1,245,246,247,-1,244,248,242,-1,242,248,249,-1,242,249,250,-1,250,249,251,-1,250,251,241,-1,241,251,252,-1,241,252,239,-1,253,254,255,-1,255,254,256,-1,255,256,257,-1,257,256,258,-1,243,242,259,-1,259,242,260,-1,259,260,261,-1,253,262,254,-1,254,262,263,-1,254,263,260,-1,260,263,264,-1,260,264,261,-1,265,266,267,-1,268,269,270,-1,270,269,271,-1,270,271,272,-1,267,273,265,-1,265,273,274,-1,265,274,271,-1,271,274,275,-1,271,275,272,-1,268,276,269,-1,269,276,277,-1,269,277,278,-1,278,277,279,-1,279,280,278,-1,278,280,281,-1,278,281,256,-1,256,281,282,-1,256,282,258,-1,237,283,238,-1,238,283,284,-1,238,284,285,-1,286,287,288,-1,266,265,289,-1,289,265,290,-1,289,290,291,-1,285,292,238,-1,238,292,293,-1,238,293,294,-1,294,293,295,-1,294,295,288,-1,288,295,296,-1,288,296,286,-1,287,297,288,-1,288,297,298,-1,288,298,290,-1,290,298,299,-1,290,299,291,-1,247,246,300,-1,300,246,301,-1,300,301,302,-1,302,301,303,-1,303,301,304,-1,303,304,305,-1,305,304,306,-1,306,304,307,-1,306,307,308,-1,308,307,309,-1,309,307,310,-1,309,310,311,-1,311,310,312,-1,311,312,313,-1,313,312,314,-1,313,314,315,-1,315,316,313,-1,313,316,317,-1,313,317,318,-1,319,320,321,-1,321,320,322,-1,321,322,323,-1,318,324,313,-1,313,324,325,-1,313,325,326,-1,326,325,327,-1,326,327,328,-1,328,327,329,-1,328,329,322,-1,322,329,330,-1,322,330,323,-1,331,332,333,-1,333,332,334,-1,333,334,335,-1,335,334,336,-1,335,336,337,-1,338,339,340,-1,340,339,335,-1,340,335,341,-1,341,335,337,-1,338,342,339,-1,339,342,343,-1,339,343,344,-1,344,343,345,-1,319,346,320,-1,320,346,347,-1,320,347,348,-1,348,347,349,-1,349,350,348,-1,348,350,351,-1,348,351,333,-1,333,351,352,-1,333,352,331,-1,353,354,355,-1,355,354,344,-1,355,344,356,-1,356,344,345,-1,357,358,359,-1,360,361,362,-1,362,361,363,-1,362,363,364,-1,364,363,359,-1,364,359,365,-1,365,359,358,-1,353,366,354,-1,354,366,367,-1,354,367,359,-1,359,367,368,-1,359,368,357,-1,369,370,371,-1,371,372,369,-1,369,372,373,-1,369,373,374,-1,374,373,375,-1,374,375,361,-1,376,377,378,-1,378,377,379,-1,378,379,370,-1,370,379,380,-1,370,380,371,-1,381,382,383,-1,383,382,218,-1,384,385,386,-1,386,385,387,-1,386,387,388,-1,388,387,389,-1,388,389,237,-1,237,389,390,-1,237,390,283,-1,360,391,361,-1,361,391,392,-1,361,392,374,-1,374,392,393,-1,374,393,394,-1,395,396,219,-1,382,397,218,-1,218,397,398,-1,218,398,219,-1,219,398,399,-1,219,399,400,-1,401,402,403,-1,400,404,219,-1,219,404,405,-1,219,405,395,-1,406,407,396,-1,396,407,408,-1,409,410,411,-1,411,410,401,-1,411,401,412,-1,413,414,415,-1,415,414,416,-1,413,417,414,-1,414,417,402,-1,414,402,418,-1,418,402,401,-1,418,401,395,-1,395,401,419,-1,395,419,396,-1,396,419,420,-1,396,420,406,-1,403,421,401,-1,401,421,422,-1,401,422,423,-1,411,424,425,-1,423,426,401,-1,401,426,427,-1,401,427,412,-1,425,428,411,-1,411,428,429,-1,411,429,409,-1,411,430,424,-1,424,430,431,-1,424,431,432,-1,432,431,433,-1,432,433,434,-1,434,433,435,-1,383,376,381,-1,381,376,378,-1,381,378,436,-1,436,378,437,-1,438,439,440,-1,440,439,441,-1,441,442,440,-1,440,442,443,-1,440,443,444,-1,445,446,378,-1,378,446,447,-1,378,447,437,-1,444,448,378,-1,378,448,449,-1,378,449,445,-1,450,451,386,-1,386,451,452,-1,386,452,384,-1,452,453,384,-1,384,453,454,-1,384,454,440,-1,440,454,455,-1,440,455,438,-1,213,212,215,-1,456,457,228,-1,228,457,458,-1,459,460,216,-1,216,460,461,-1,216,461,462,-1,462,463,216,-1,216,463,464,-1,216,464,465,-1,466,467,228,-1,228,467,468,-1,228,468,456,-1,212,469,215,-1,215,469,470,-1,215,470,216,-1,216,470,471,-1,216,471,459,-1,465,472,216,-1,216,472,473,-1,216,473,228,-1,228,473,474,-1,228,474,466,-1,458,475,228,-1,228,475,476,-1,228,476,237,-1,237,476,477,-1,237,477,388,-1,214,217,215,-1,215,217,219,-1,215,219,478,-1,478,479,215,-1,215,479,480,-1,215,480,213,-1,213,480,481,-1,213,481,396,-1,396,481,482,-1,396,482,219,-1,219,482,483,-1,219,483,478,-1,484,485,486,-1,486,485,480,-1,486,480,487,-1,487,480,479,-1,487,479,488,-1,488,479,489,-1,440,490,491,-1,444,378,440,-1,440,378,492,-1,440,492,490,-1,408,450,396,-1,396,450,386,-1,396,386,213,-1,213,386,388,-1,213,388,211,-1,211,388,477,-1,493,492,494,-1,494,492,378,-1,494,378,495,-1,495,378,370,-1,495,370,491,-1,491,370,369,-1,491,369,440,-1,440,369,374,-1,440,374,384,-1,384,374,394,-1,384,394,385,-1,496,497,498,-1,498,497,499,-1,498,499,500,-1,499,501,500,-1,500,501,502,-1,500,502,503,-1,503,502,504,-1,503,504,505,-1,505,504,506,-1,504,507,506,-1,506,507,508,-1,506,508,509,-1,509,508,510,-1,509,510,511,-1,511,510,512,-1,510,513,512,-1,512,513,514,-1,512,514,515,-1,515,514,516,-1,515,516,517,-1,517,516,518,-1,517,518,519,-1,519,518,520,-1,519,520,521,-1,521,520,522,-1,521,522,523,-1,523,522,524,-1,522,525,524,-1,524,525,526,-1,524,526,527,-1,527,526,528,-1,527,528,529,-1,529,528,530,-1,529,530,531,-1,531,530,532,-1,531,532,533,-1,533,532,534,-1,533,534,535,-1,535,534,536,-1,535,536,537,-1,537,536,538,-1,537,538,539,-1,539,538,540,-1,539,540,541,-1,541,540,542,-1,541,542,543,-1,544,545,546,-1,546,545,547,-1,546,547,548,-1,548,547,549,-1,548,549,550,-1,550,549,551,-1,550,551,543,-1,543,551,552,-1,543,552,541,-1,553,554,555,-1,555,554,556,-1,555,556,557,-1,554,558,556,-1,556,558,545,-1,556,545,557,-1,557,545,544,-1,555,559,553,-1,553,559,560,-1,553,560,561,-1,561,560,562,-1,561,562,563,-1,563,562,564,-1,563,564,565,-1,565,564,566,-1,566,564,567,-1,566,567,568,-1,568,567,569,-1,568,569,570,-1,569,571,570,-1,570,571,572,-1,570,572,573,-1,573,572,574,-1,573,574,575,-1,575,574,576,-1,575,576,577,-1,577,576,578,-1,577,578,579,-1,579,578,580,-1,579,580,581,-1,581,580,582,-1,581,582,583,-1,583,582,584,-1,583,584,585,-1,585,584,586,-1,586,584,587,-1,586,587,588,-1,587,589,588,-1,588,589,590,-1,588,590,591,-1,591,590,592,-1,591,592,593,-1,592,594,593,-1,593,594,595,-1,593,595,596,-1,596,595,597,-1,598,599,600,-1,595,601,597,-1,597,601,598,-1,597,598,602,-1,602,598,600,-1,599,603,600,-1,600,603,604,-1,600,604,605,-1,605,604,606,-1,605,606,607,-1,607,606,608,-1,607,608,609,-1,609,608,610,-1,609,610,611,-1,498,612,496,-1,496,612,613,-1,496,613,614,-1,614,613,615,-1,614,615,616,-1,616,615,617,-1,616,617,618,-1,618,617,619,-1,618,619,620,-1,620,619,621,-1,620,621,622,-1,622,621,623,-1,622,623,624,-1,624,623,625,-1,625,623,626,-1,626,623,627,-1,626,627,628,-1,628,627,629,-1,628,629,630,-1,630,629,631,-1,630,631,632,-1,633,634,635,-1,635,634,636,-1,635,636,637,-1,637,636,638,-1,637,638,639,-1,639,638,640,-1,639,640,633,-1,633,640,634,-1,641,642,643,-1,643,642,644,-1,643,644,645,-1,645,644,646,-1,645,646,647,-1,647,646,648,-1,647,648,649,-1,649,648,650,-1,649,650,651,-1,651,650,652,-1,651,652,653,-1,653,652,654,-1,653,654,655,-1,655,654,656,-1,655,656,657,-1,657,656,658,-1,657,658,659,-1,659,658,660,-1,659,660,661,-1,661,660,662,-1,661,662,663,-1,663,662,664,-1,663,664,665,-1,665,664,666,-1,665,666,667,-1,667,666,668,-1,667,668,669,-1,669,668,670,-1,669,670,671,-1,671,670,672,-1,671,672,673,-1,673,672,674,-1,673,674,675,-1,675,674,676,-1,675,676,677,-1,677,676,678,-1,677,678,679,-1,679,678,680,-1,679,680,681,-1,681,680,682,-1,681,682,683,-1,683,682,684,-1,683,684,685,-1,685,684,686,-1,685,686,687,-1,687,686,688,-1,687,688,641,-1,641,688,642,-1,689,690,691,-1,691,690,692,-1,691,692,693,-1,693,692,694,-1,693,694,695,-1,695,694,696,-1,695,696,689,-1,689,696,690,-1,697,698,699,-1,700,701,702,-1,703,704,705,-1,705,704,706,-1,705,706,707,-1,390,708,709,-1,710,711,712,-1,712,711,713,-1,714,715,716,-1,717,718,719,-1,720,721,722,-1,723,724,725,-1,726,727,611,-1,728,729,730,-1,611,731,732,-1,733,734,735,-1,736,705,737,-1,737,705,707,-1,737,707,738,-1,738,707,739,-1,738,739,740,-1,740,739,741,-1,714,716,742,-1,715,743,716,-1,716,743,744,-1,716,744,745,-1,746,747,394,-1,394,747,748,-1,394,748,749,-1,749,750,394,-1,394,750,751,-1,394,751,752,-1,753,754,385,-1,385,754,755,-1,385,755,387,-1,387,755,756,-1,387,756,757,-1,757,756,758,-1,757,758,759,-1,760,708,761,-1,761,708,390,-1,761,390,757,-1,757,390,389,-1,757,389,387,-1,611,727,731,-1,731,727,762,-1,731,762,763,-1,764,765,729,-1,729,765,766,-1,729,766,767,-1,32,30,713,-1,733,768,734,-1,734,768,769,-1,734,769,770,-1,770,771,734,-1,734,771,772,-1,734,772,773,-1,773,774,734,-1,734,774,775,-1,734,775,776,-1,776,777,734,-1,734,777,778,-1,734,778,779,-1,780,781,782,-1,782,781,783,-1,782,783,784,-1,785,746,786,-1,786,746,394,-1,786,394,787,-1,787,394,788,-1,787,788,789,-1,752,790,394,-1,394,790,791,-1,394,791,792,-1,792,793,394,-1,394,793,794,-1,394,794,795,-1,795,796,394,-1,394,796,797,-1,394,797,798,-1,799,394,800,-1,800,394,801,-1,799,802,394,-1,394,802,803,-1,394,803,385,-1,385,803,804,-1,385,804,753,-1,805,806,718,-1,807,808,809,-1,810,811,390,-1,390,811,812,-1,390,812,283,-1,813,814,815,-1,611,723,726,-1,726,723,725,-1,726,725,816,-1,817,818,819,-1,820,821,822,-1,40,39,37,-1,735,823,733,-1,733,823,824,-1,733,824,825,-1,825,826,733,-1,733,826,827,-1,733,827,828,-1,829,830,698,-1,698,830,831,-1,698,831,832,-1,737,833,736,-1,736,833,834,-1,736,834,835,-1,835,834,836,-1,835,836,837,-1,838,839,716,-1,716,839,840,-1,716,840,742,-1,745,744,782,-1,782,744,841,-1,782,841,780,-1,798,842,394,-1,394,842,843,-1,394,843,801,-1,807,809,844,-1,845,846,847,-1,848,849,76,-1,76,849,850,-1,76,850,851,-1,852,853,854,-1,854,853,819,-1,854,819,855,-1,855,819,856,-1,857,858,859,-1,859,858,860,-1,859,860,861,-1,862,863,860,-1,860,863,864,-1,860,864,861,-1,865,866,729,-1,728,730,867,-1,868,869,870,-1,871,872,729,-1,729,872,873,-1,729,873,764,-1,764,873,874,-1,875,738,876,-1,876,738,740,-1,876,740,711,-1,711,740,877,-1,711,877,713,-1,713,877,878,-1,18,20,713,-1,713,20,24,-1,24,23,713,-1,713,23,22,-1,713,22,21,-1,21,68,713,-1,713,68,28,-1,713,28,26,-1,26,35,713,-1,713,35,34,-1,713,34,32,-1,48,46,6,-1,6,46,44,-1,30,29,713,-1,713,29,6,-1,713,6,879,-1,879,6,880,-1,828,881,733,-1,733,881,882,-1,733,882,883,-1,883,882,884,-1,885,886,887,-1,887,886,888,-1,887,888,889,-1,889,888,741,-1,889,741,890,-1,890,741,739,-1,698,891,892,-1,832,893,698,-1,698,893,894,-1,698,894,895,-1,895,896,698,-1,698,896,897,-1,698,897,699,-1,898,699,899,-1,899,699,900,-1,898,901,699,-1,699,901,902,-1,699,902,903,-1,903,904,699,-1,699,904,905,-1,699,905,906,-1,906,907,699,-1,699,907,908,-1,699,908,697,-1,837,836,909,-1,909,836,910,-1,909,910,911,-1,911,910,912,-1,911,912,716,-1,716,912,913,-1,716,913,838,-1,914,915,783,-1,783,915,916,-1,783,916,784,-1,917,918,919,-1,919,918,920,-1,919,920,921,-1,922,923,701,-1,701,923,924,-1,701,924,702,-1,700,702,718,-1,718,702,925,-1,718,925,805,-1,806,926,718,-1,718,926,927,-1,718,927,719,-1,928,929,930,-1,930,929,931,-1,928,932,929,-1,929,932,933,-1,929,933,934,-1,761,935,760,-1,760,935,936,-1,760,936,937,-1,937,936,938,-1,848,76,815,-1,815,76,196,-1,815,196,813,-1,851,939,76,-1,76,939,940,-1,76,940,941,-1,942,943,854,-1,854,943,944,-1,854,944,852,-1,818,945,819,-1,819,945,946,-1,819,946,947,-1,948,949,859,-1,859,949,950,-1,859,950,857,-1,951,952,953,-1,953,952,954,-1,951,955,952,-1,952,955,956,-1,952,956,957,-1,958,959,960,-1,960,959,961,-1,959,962,963,-1,964,965,959,-1,959,965,966,-1,959,966,967,-1,968,969,822,-1,822,969,970,-1,822,970,971,-1,968,972,969,-1,969,972,973,-1,969,973,974,-1,878,975,713,-1,713,975,976,-1,713,976,977,-1,977,16,713,-1,713,16,15,-1,713,15,18,-1,40,37,6,-1,6,37,49,-1,6,49,48,-1,891,698,978,-1,978,698,979,-1,978,979,885,-1,885,979,980,-1,885,980,886,-1,892,981,698,-1,698,981,982,-1,698,982,829,-1,914,983,915,-1,915,983,918,-1,915,918,984,-1,984,918,917,-1,985,986,719,-1,719,986,987,-1,719,987,717,-1,931,929,809,-1,809,929,988,-1,809,988,844,-1,808,989,809,-1,809,989,990,-1,809,990,991,-1,934,992,929,-1,929,992,993,-1,929,993,994,-1,995,703,709,-1,709,703,705,-1,709,705,390,-1,390,705,996,-1,390,996,810,-1,997,998,846,-1,814,999,815,-1,815,999,1000,-1,815,1000,1001,-1,941,1002,76,-1,76,1002,1003,-1,76,1003,1004,-1,1005,1006,1007,-1,1007,1006,1008,-1,1007,1008,819,-1,819,1008,1009,-1,819,1009,817,-1,947,1010,819,-1,819,1010,1011,-1,819,1011,1012,-1,1012,1013,819,-1,819,1013,1014,-1,819,1014,856,-1,1015,1016,859,-1,859,1016,1017,-1,859,1017,948,-1,862,860,1018,-1,1018,860,1019,-1,1018,1019,1020,-1,1020,1021,1018,-1,1018,1021,1022,-1,1018,1022,1023,-1,1024,1025,1026,-1,1026,1025,1027,-1,1026,1027,1028,-1,1029,1030,729,-1,954,952,870,-1,870,952,1031,-1,870,1031,868,-1,1032,1033,958,-1,958,1033,1034,-1,958,1034,959,-1,959,1034,1035,-1,959,1035,962,-1,1036,1037,959,-1,959,1037,1038,-1,959,1038,964,-1,967,1039,959,-1,959,1039,1040,-1,959,1040,1041,-1,1041,1042,959,-1,959,1042,1043,-1,959,1043,1044,-1,1044,1045,959,-1,959,1045,1046,-1,959,1046,1047,-1,1047,1046,1048,-1,1047,1048,1049,-1,1049,1048,1050,-1,1049,1050,1051,-1,821,1052,822,-1,822,1052,1053,-1,822,1053,1054,-1,1055,1056,1057,-1,1055,1058,1056,-1,1056,1058,1059,-1,1056,1059,1060,-1,1060,1061,1056,-1,1056,1061,1062,-1,1056,1062,1063,-1,44,42,6,-1,6,42,41,-1,6,41,880,-1,779,1064,734,-1,734,1064,1065,-1,734,1065,1066,-1,1066,1065,1067,-1,1066,1067,1068,-1,1068,1067,1069,-1,1068,1069,1070,-1,1070,1069,1071,-1,1070,1071,1072,-1,1072,1071,1073,-1,1072,1073,875,-1,875,1073,1074,-1,875,1074,738,-1,759,758,1075,-1,1075,758,1076,-1,1075,1076,1077,-1,1077,1076,1078,-1,1077,1078,1079,-1,1079,1078,1080,-1,1079,1080,1081,-1,1081,1080,1082,-1,1081,1082,701,-1,701,1082,1083,-1,701,1083,922,-1,1084,1085,1086,-1,1086,1085,1087,-1,1084,1088,1085,-1,1085,1088,1089,-1,1085,1089,1090,-1,985,1091,986,-1,986,1091,1085,-1,986,1085,1092,-1,1092,1085,1090,-1,991,1093,809,-1,809,1093,1094,-1,809,1094,1095,-1,1096,1095,1097,-1,1097,1095,1098,-1,994,1099,929,-1,929,1099,1100,-1,929,1100,938,-1,938,1100,1101,-1,938,1101,937,-1,1102,1103,721,-1,721,1103,1104,-1,721,1104,1105,-1,1105,1106,721,-1,721,1106,1107,-1,721,1107,722,-1,845,847,1108,-1,1109,1001,1110,-1,1109,1111,1001,-1,1001,1111,1112,-1,1001,1112,815,-1,1113,1114,854,-1,854,1114,1115,-1,854,1115,942,-1,763,762,1116,-1,1116,762,1117,-1,1116,1117,1118,-1,1118,1117,1119,-1,1118,1119,1120,-1,1120,1119,1121,-1,1120,1121,1122,-1,1122,1121,1123,-1,1122,1123,859,-1,859,1123,1124,-1,859,1124,1015,-1,1023,1125,1018,-1,1018,1125,1025,-1,1018,1025,1126,-1,1126,1025,1024,-1,1030,1127,729,-1,729,1127,1128,-1,729,1128,1129,-1,866,1130,729,-1,729,1130,1131,-1,729,1131,1132,-1,1133,1134,730,-1,730,1134,1135,-1,1136,1137,870,-1,870,1137,1138,-1,870,1138,1139,-1,957,1140,952,-1,952,1140,1141,-1,952,1141,1142,-1,963,1143,959,-1,959,1143,1144,-1,959,1144,1036,-1,1050,1145,1051,-1,1051,1145,1146,-1,1051,1146,1147,-1,1147,1146,1148,-1,1147,1148,1149,-1,1149,1148,872,-1,971,1150,822,-1,822,1150,1151,-1,822,1151,820,-1,1054,1152,822,-1,822,1152,1153,-1,822,1153,1154,-1,597,969,596,-1,596,969,1155,-1,1156,1157,1158,-1,1158,1157,1159,-1,1063,1160,1056,-1,1056,1160,1161,-1,1056,1161,1162,-1,1162,1161,1163,-1,1162,1163,1164,-1,1164,1163,1165,-1,1164,1165,1166,-1,1166,1165,764,-1,1166,764,1167,-1,1167,764,874,-1,1096,1168,1095,-1,1095,1168,1169,-1,1095,1169,809,-1,720,722,846,-1,846,722,1170,-1,846,1170,997,-1,998,1171,846,-1,846,1171,1172,-1,846,1172,847,-1,1110,1173,1109,-1,1109,1173,1174,-1,1109,1174,1175,-1,1175,1174,1176,-1,1177,711,1178,-1,1178,711,710,-1,1178,710,767,-1,767,710,1179,-1,767,1179,729,-1,729,1179,1180,-1,729,1180,1029,-1,1132,1181,729,-1,729,1181,1182,-1,729,1182,1183,-1,1183,1184,729,-1,729,1184,1185,-1,729,1185,730,-1,1186,1187,1188,-1,1135,1189,730,-1,730,1189,1190,-1,730,1190,867,-1,869,1191,870,-1,870,1191,1192,-1,870,1192,1136,-1,1193,1194,1195,-1,1195,1194,1196,-1,1195,1196,1138,-1,1138,1196,1197,-1,1138,1197,1139,-1,1154,1198,822,-1,822,1198,1199,-1,822,1199,1200,-1,1201,1202,1200,-1,1200,1202,1203,-1,1200,1203,822,-1,974,1204,969,-1,969,1204,1205,-1,969,1205,1155,-1,597,602,969,-1,969,602,600,-1,969,600,1206,-1,1206,600,605,-1,1206,605,1207,-1,1207,605,607,-1,1207,607,1208,-1,1208,607,609,-1,1208,609,871,-1,871,609,611,-1,871,611,872,-1,872,611,732,-1,872,732,1149,-1,1209,1210,1211,-1,1211,1210,1212,-1,1211,1212,1213,-1,1209,1211,1158,-1,1158,1211,1214,-1,1158,1214,1156,-1,1057,1215,1055,-1,1055,1215,1158,-1,1055,1158,1216,-1,1216,1158,1159,-1,1217,847,1218,-1,1218,847,1219,-1,1217,1220,847,-1,847,1220,1221,-1,847,1221,1222,-1,1222,1223,847,-1,847,1223,1224,-1,847,1224,1108,-1,1004,1225,76,-1,76,1225,1226,-1,76,1226,200,-1,200,1226,1227,-1,200,1227,202,-1,202,1227,1228,-1,202,1228,205,-1,205,1228,1229,-1,205,1229,207,-1,207,1229,1230,-1,207,1230,209,-1,209,1230,724,-1,209,724,210,-1,210,724,723,-1,210,723,1231,-1,725,1232,816,-1,816,1232,1233,-1,816,1233,1234,-1,1234,1233,1235,-1,1234,1235,1236,-1,1236,1235,1237,-1,1237,1235,1238,-1,1237,1238,1239,-1,1239,1238,1240,-1,1239,1240,854,-1,854,1240,1241,-1,854,1241,1113,-1,1129,1242,729,-1,729,1242,1243,-1,729,1243,865,-1,1244,1245,1246,-1,1246,1245,1177,-1,1246,1177,1247,-1,1247,1177,1178,-1,1213,1248,1211,-1,1211,1248,1249,-1,1211,1249,1250,-1,1250,1249,1251,-1,1133,730,1188,-1,1188,730,1252,-1,1188,1252,1186,-1,1187,1253,1188,-1,1188,1253,1254,-1,1188,1254,1255,-1,1256,1257,1258,-1,1258,1257,1188,-1,1258,1188,1259,-1,1259,1188,1255,-1,1142,1260,952,-1,952,1260,1261,-1,952,1261,1262,-1,1262,1261,1263,-1,1262,1263,1264,-1,1264,1263,1265,-1,1264,1265,1244,-1,1244,1265,1266,-1,1244,1266,1245,-1,995,1267,703,-1,703,1267,1268,-1,703,1268,1269,-1,1269,1268,1270,-1,1269,1270,1271,-1,1271,1270,1272,-1,1271,1272,721,-1,721,1272,1273,-1,721,1273,1102,-1,103,102,1274,-1,155,153,1275,-1,203,204,1276,-1,1276,204,206,-1,1276,206,1231,-1,1231,206,208,-1,1231,208,210,-1,198,197,1277,-1,1277,197,75,-1,75,74,1277,-1,1277,74,199,-1,1277,199,1276,-1,1276,199,201,-1,1276,201,203,-1,186,188,1278,-1,1278,188,191,-1,191,78,1278,-1,1278,78,77,-1,1278,77,1277,-1,1277,77,194,-1,1277,194,198,-1,175,177,1279,-1,1279,177,179,-1,179,180,1279,-1,1279,180,183,-1,1279,183,1278,-1,1278,183,185,-1,1278,185,186,-1,145,143,1280,-1,1280,143,141,-1,141,140,1280,-1,1280,140,171,-1,1280,171,1279,-1,1279,171,173,-1,1279,173,175,-1,153,151,1275,-1,1275,151,149,-1,1275,149,1280,-1,1280,149,147,-1,1280,147,145,-1,1281,165,163,-1,163,161,1281,-1,1281,161,159,-1,1281,159,1275,-1,1275,159,157,-1,1275,157,155,-1,131,133,1282,-1,1282,133,137,-1,137,135,1282,-1,1282,135,168,-1,1282,168,1281,-1,1281,168,167,-1,1281,167,165,-1,1283,121,122,-1,122,124,1283,-1,1283,124,126,-1,1283,126,1282,-1,1282,126,129,-1,1282,129,131,-1,106,109,1284,-1,1284,109,111,-1,1284,111,113,-1,113,115,1284,-1,1284,115,117,-1,1284,117,1283,-1,1283,117,119,-1,1283,119,121,-1,102,100,1274,-1,1274,100,99,-1,1274,99,1284,-1,1284,99,104,-1,1284,104,106,-1,87,89,1285,-1,1285,89,90,-1,90,92,1285,-1,1285,92,94,-1,1285,94,1274,-1,1274,94,95,-1,1274,95,103,-1,80,82,1286,-1,1286,82,83,-1,1286,83,1285,-1,1285,83,85,-1,1285,85,87,-1,1287,1288,1289,-1,1290,1291,1292,-1,240,1293,246,-1,246,1293,1294,-1,1295,1296,1288,-1,1288,1296,1297,-1,1288,1297,1298,-1,1299,80,1300,-1,1300,80,1301,-1,1302,1303,1304,-1,1286,1305,632,-1,1306,1307,1308,-1,1309,1310,80,-1,1311,1312,1313,-1,1314,1315,1316,-1,1316,1315,1317,-1,1316,1317,1318,-1,1319,1320,1321,-1,1322,1323,1288,-1,1324,1325,1289,-1,1287,1289,1326,-1,1327,1310,1328,-1,1327,1329,1330,-1,1331,1332,1310,-1,1333,1334,1310,-1,1310,1334,1335,-1,1310,1335,80,-1,80,1335,1336,-1,80,1336,1301,-1,1311,1313,1337,-1,1338,1339,1340,-1,1340,1339,1341,-1,1340,1341,1342,-1,1342,1341,1343,-1,1342,1343,1344,-1,1344,1343,1294,-1,1345,1346,1291,-1,1291,1346,1347,-1,1291,1347,1348,-1,1349,1350,1292,-1,1292,1350,1351,-1,1292,1351,1290,-1,1352,1353,1354,-1,1354,1353,1355,-1,1354,1355,1356,-1,1357,1358,1359,-1,1360,1359,1361,-1,1361,1359,1362,-1,1291,1363,1364,-1,1348,1365,1291,-1,1291,1365,1366,-1,1291,1366,1367,-1,1367,1368,1291,-1,1291,1368,1369,-1,1291,1369,1292,-1,1370,1371,1372,-1,1373,1374,1375,-1,1376,1377,1378,-1,1379,1380,1381,-1,1382,1383,1384,-1,1385,1386,1387,-1,1323,1388,1288,-1,1288,1388,1389,-1,1288,1389,1390,-1,1391,1392,1288,-1,1288,1392,1393,-1,1288,1393,1394,-1,1325,1395,1289,-1,1289,1395,1396,-1,1289,1396,1397,-1,1398,1399,1360,-1,1360,1399,1400,-1,1360,1400,1359,-1,1401,1402,1403,-1,1331,1310,1404,-1,1332,1405,1310,-1,1310,1405,1406,-1,1310,1406,1407,-1,1408,1308,1409,-1,1409,1308,1410,-1,1408,1411,1308,-1,1308,1411,1412,-1,1308,1412,1413,-1,1363,1291,1414,-1,1414,1291,1415,-1,1414,1415,1338,-1,1338,1415,1416,-1,1338,1416,1339,-1,1364,1417,1291,-1,1291,1417,1418,-1,1291,1418,1345,-1,1419,1292,1420,-1,1420,1292,1421,-1,1419,1422,1292,-1,1292,1422,1423,-1,1292,1423,1424,-1,1424,1425,1292,-1,1292,1425,1426,-1,1292,1426,1349,-1,1294,1343,246,-1,246,1343,1427,-1,246,1427,301,-1,301,1427,1372,-1,301,1372,304,-1,304,1372,1371,-1,304,1371,307,-1,307,1371,1428,-1,307,1428,310,-1,1381,1429,1379,-1,1379,1429,1430,-1,1379,1430,1431,-1,1384,1432,1382,-1,1382,1432,1433,-1,1382,1433,1434,-1,1434,1433,1435,-1,1436,1437,1320,-1,1320,1437,1438,-1,1320,1438,1439,-1,1440,1441,1442,-1,1442,1441,1443,-1,1442,1443,1316,-1,1316,1443,1444,-1,1316,1444,1314,-1,1314,1444,1445,-1,1446,1447,1448,-1,1448,1447,1449,-1,1448,1449,1450,-1,1451,1452,1448,-1,1448,1452,1453,-1,1448,1453,1446,-1,1451,1454,1452,-1,1452,1454,1455,-1,1452,1455,1456,-1,1397,1457,1289,-1,1289,1457,1458,-1,1289,1458,1326,-1,1459,1360,1460,-1,1460,1360,617,-1,1461,1462,1360,-1,1360,1462,1463,-1,1360,1463,1464,-1,1464,1465,1360,-1,1360,1465,1466,-1,1360,1466,1398,-1,1358,1467,1359,-1,1359,1467,1468,-1,1359,1468,1362,-1,1469,1327,1470,-1,1470,1327,1328,-1,1470,1328,1471,-1,1472,1473,1310,-1,1310,1473,1474,-1,1310,1474,1475,-1,1407,1476,1310,-1,1310,1476,1477,-1,1310,1477,1333,-1,1478,1479,1308,-1,1308,1479,1480,-1,1413,1481,1308,-1,1308,1481,1482,-1,1308,1482,1483,-1,1483,1484,1308,-1,1308,1484,1485,-1,1308,1485,1486,-1,1487,1488,1489,-1,1489,1488,1490,-1,1489,1490,1491,-1,1492,1493,1303,-1,1303,1493,1494,-1,1303,1494,1304,-1,1495,1496,1374,-1,1376,1378,1497,-1,1498,1379,1499,-1,1499,1379,1500,-1,1498,1501,1379,-1,1379,1501,1502,-1,1379,1502,1503,-1,1503,1504,1379,-1,1379,1504,1505,-1,1379,1505,1506,-1,1507,1433,1508,-1,1507,1509,1433,-1,1433,1509,1510,-1,1433,1510,1435,-1,1436,1320,1387,-1,1387,1320,1511,-1,1387,1511,1385,-1,1386,1512,1387,-1,1387,1512,1513,-1,1387,1513,1514,-1,1515,1516,1517,-1,1517,1516,1518,-1,1517,1518,1519,-1,1520,1521,1522,-1,1522,1521,1523,-1,1522,1523,1524,-1,1525,1526,1522,-1,1522,1526,1527,-1,1527,1528,1522,-1,1522,1528,1529,-1,1522,1529,1530,-1,1530,1531,1522,-1,1522,1531,1532,-1,1522,1532,1533,-1,1533,1534,1522,-1,1522,1534,1535,-1,1522,1535,1536,-1,1537,1538,1448,-1,1448,1538,1539,-1,1448,1539,1540,-1,1541,1542,1540,-1,1540,1542,1543,-1,1540,1543,1448,-1,1456,1544,1452,-1,1452,1544,1545,-1,1452,1545,1546,-1,1547,1548,88,-1,1390,1549,1288,-1,1288,1549,1550,-1,1288,1550,1551,-1,1551,1552,1288,-1,1288,1552,1553,-1,1288,1553,1391,-1,1394,1554,1288,-1,1288,1554,1555,-1,1288,1555,1289,-1,1556,1557,1289,-1,1289,1557,1558,-1,1289,1558,1324,-1,1559,1560,1561,-1,1561,1560,1562,-1,1561,1562,1563,-1,80,1286,1309,-1,1309,1286,632,-1,1309,632,1564,-1,1564,632,631,-1,1564,631,1565,-1,1565,631,629,-1,1565,629,1566,-1,1566,629,627,-1,1566,627,1567,-1,1567,627,623,-1,1567,623,1568,-1,1568,623,621,-1,1568,621,1360,-1,1360,621,619,-1,1360,619,617,-1,1459,1569,1360,-1,1360,1569,1570,-1,1360,1570,1461,-1,1401,1403,1359,-1,1359,1403,1571,-1,1359,1571,1357,-1,1572,1573,1574,-1,1574,1573,1575,-1,1576,1577,1310,-1,1310,1577,1578,-1,1310,1578,1472,-1,1475,1579,1310,-1,1310,1579,1580,-1,1310,1580,1581,-1,1581,1582,1310,-1,1310,1582,1583,-1,1310,1583,1404,-1,1337,1313,1308,-1,1308,1313,1584,-1,1308,1584,1478,-1,1486,1585,1308,-1,1308,1585,1586,-1,1308,1586,1306,-1,1312,1587,1313,-1,1313,1587,1588,-1,1313,1588,1589,-1,1589,1588,1590,-1,1589,1590,1591,-1,1591,1590,1301,-1,1591,1301,1592,-1,1592,1301,1336,-1,1372,1593,1370,-1,1370,1593,1594,-1,1370,1594,1595,-1,1595,1594,1596,-1,1595,1596,1597,-1,1597,1596,1598,-1,1373,1375,1599,-1,1600,1601,1354,-1,1354,1601,1602,-1,1354,1602,1603,-1,1604,1354,1605,-1,1606,1607,1608,-1,1609,1610,1611,-1,1611,1610,1612,-1,1611,1612,1613,-1,1613,1612,1443,-1,1613,1443,1614,-1,1614,1443,1441,-1,1614,1441,1354,-1,1354,1441,1615,-1,1354,1615,1352,-1,1352,1615,1616,-1,1617,1618,1619,-1,1619,1618,1620,-1,1619,1620,1621,-1,1622,1623,1624,-1,1624,1623,1625,-1,1377,1626,1378,-1,1378,1626,1623,-1,1378,1623,1627,-1,1627,1623,1628,-1,1431,1629,1379,-1,1379,1629,1630,-1,1379,1630,1631,-1,1631,1632,1379,-1,1379,1632,1633,-1,1379,1633,1634,-1,1634,1635,1379,-1,1379,1635,1636,-1,1379,1636,1500,-1,1637,1379,1638,-1,1638,1379,1506,-1,1638,1506,1639,-1,1639,1506,1640,-1,1641,1642,1643,-1,1439,1644,1320,-1,1320,1644,1645,-1,1320,1645,1321,-1,1646,1647,1321,-1,1321,1647,1648,-1,1321,1648,1319,-1,1646,1649,1647,-1,1647,1649,1650,-1,1647,1650,1651,-1,1652,1651,1653,-1,1653,1651,1654,-1,1524,1655,1522,-1,1522,1655,1656,-1,1522,1656,1657,-1,1450,1658,1448,-1,1448,1658,1659,-1,1448,1659,1660,-1,1660,1661,1448,-1,1448,1661,1662,-1,1448,1662,1537,-1,88,86,1547,-1,1547,86,84,-1,1547,84,1663,-1,1663,84,81,-1,1663,81,1664,-1,1664,81,80,-1,1664,80,1665,-1,1665,80,1299,-1,1665,1299,1298,-1,1298,1299,1666,-1,1298,1666,1288,-1,1288,1666,1667,-1,1288,1667,1322,-1,1546,96,1452,-1,1452,96,93,-1,1452,93,1548,-1,1548,93,91,-1,1548,91,88,-1,1556,1668,1557,-1,1557,1668,1560,-1,1557,1560,1669,-1,1669,1560,1559,-1,1469,1670,1327,-1,1327,1670,1573,-1,1327,1573,1671,-1,1671,1573,1572,-1,1671,1572,1672,-1,1327,1330,1310,-1,1310,1330,1673,-1,1310,1673,1576,-1,1480,1674,1308,-1,1308,1674,1675,-1,1308,1675,1410,-1,1676,1677,1489,-1,1489,1677,1678,-1,1489,1678,1679,-1,1679,1680,1489,-1,1489,1680,1681,-1,1489,1681,1487,-1,1682,1683,1489,-1,1489,1683,1684,-1,1684,1685,1489,-1,1489,1685,1686,-1,1489,1686,1687,-1,1688,1687,1689,-1,1689,1687,1690,-1,1688,1691,1687,-1,1687,1691,1692,-1,1687,1692,1489,-1,1693,1694,1303,-1,1303,1694,1695,-1,1303,1695,1492,-1,1302,1304,1374,-1,1374,1304,1696,-1,1374,1696,1495,-1,1496,1697,1374,-1,1374,1697,1698,-1,1374,1698,1375,-1,1699,1700,1354,-1,1700,1701,1354,-1,1354,1701,1702,-1,1354,1702,1703,-1,1704,1705,1354,-1,1354,1705,1706,-1,1706,1707,1354,-1,1354,1707,1708,-1,1354,1708,1709,-1,1709,1710,1354,-1,1354,1710,1711,-1,1354,1711,1605,-1,1712,1713,1604,-1,1714,1715,1606,-1,1606,1715,1716,-1,1606,1716,1717,-1,1717,1718,1606,-1,1606,1718,1719,-1,1606,1719,1720,-1,1720,1721,1606,-1,1606,1721,1722,-1,1606,1722,1723,-1,1606,1724,1725,-1,1725,1726,1606,-1,1606,1726,1727,-1,1606,1727,1728,-1,1625,1623,1729,-1,1729,1623,1730,-1,1729,1730,1731,-1,1731,1732,1729,-1,1729,1732,1619,-1,1729,1619,1733,-1,1733,1619,1621,-1,1622,1734,1623,-1,1623,1734,1735,-1,1623,1735,1628,-1,1380,1379,1736,-1,1736,1379,1737,-1,1736,1737,1738,-1,1738,1737,1739,-1,1738,1739,1609,-1,1609,1739,1740,-1,1609,1740,1610,-1,1741,1316,1742,-1,1742,1316,1318,-1,1742,1318,1288,-1,1288,1318,1743,-1,1288,1743,1295,-1,1295,1743,1744,-1,1745,1746,1747,-1,1747,1746,1748,-1,1747,1748,1749,-1,1750,1751,1749,-1,1749,1751,1752,-1,1749,1752,1747,-1,1753,1754,1755,-1,1755,1754,1741,-1,1755,1741,1756,-1,1756,1741,1742,-1,1757,1641,1758,-1,1757,1759,1641,-1,1641,1759,1760,-1,1641,1760,1642,-1,1643,1761,1641,-1,1641,1761,1762,-1,1641,1762,1763,-1,1508,1764,1507,-1,1507,1764,1641,-1,1507,1641,1765,-1,1765,1641,1763,-1,1652,1766,1651,-1,1651,1766,1767,-1,1651,1767,1647,-1,1514,1768,1387,-1,1387,1768,1769,-1,1387,1769,1770,-1,1770,1769,1771,-1,1770,1771,1772,-1,1442,1773,1440,-1,1440,1773,1774,-1,1440,1774,1775,-1,1775,1774,1772,-1,1775,1772,1776,-1,1776,1772,1771,-1,1522,1517,1520,-1,1520,1517,1519,-1,1520,1519,1777,-1,1777,1519,1778,-1,1657,1779,1522,-1,1522,1779,1780,-1,1522,1780,1525,-1,1445,1781,1314,-1,1314,1781,1782,-1,1314,1782,1783,-1,1783,1782,1536,-1,1783,1536,1784,-1,1784,1536,1535,-1,1491,1785,1489,-1,1489,1785,1786,-1,1489,1786,1682,-1,1787,1375,1788,-1,1788,1375,1789,-1,1787,1790,1375,-1,1375,1790,1791,-1,1375,1791,1792,-1,1792,1793,1375,-1,1375,1793,1794,-1,1375,1794,1599,-1,1354,1795,1796,-1,1797,1798,1354,-1,1354,1798,1799,-1,1354,1799,1600,-1,1603,1800,1354,-1,1354,1800,1801,-1,1354,1801,1704,-1,1802,1803,1804,-1,1803,1805,1804,-1,1804,1805,1806,-1,1804,1806,1807,-1,1808,1809,1810,-1,1608,1811,1606,-1,1606,1811,1812,-1,1606,1812,1714,-1,1723,1813,1606,-1,1606,1813,1814,-1,1606,1814,1724,-1,1815,1816,1378,-1,1378,1816,1817,-1,1378,1817,1497,-1,1818,1819,1747,-1,1747,1819,1820,-1,1747,1820,1745,-1,1744,1821,1295,-1,1295,1821,1822,-1,1295,1822,1823,-1,1823,1822,1824,-1,1823,1824,1825,-1,1825,1824,1826,-1,1825,1826,1747,-1,1747,1826,1827,-1,1747,1827,1818,-1,1828,1829,1830,-1,1830,1829,1831,-1,1383,1382,1832,-1,1832,1382,1833,-1,1832,1833,1834,-1,1834,1833,1835,-1,1834,1835,1753,-1,1753,1835,1836,-1,1753,1836,1754,-1,1758,1837,1757,-1,1757,1837,1838,-1,1757,1838,1839,-1,1839,1838,1840,-1,1596,1841,1598,-1,1598,1841,1842,-1,1598,1842,1489,-1,1489,1842,1843,-1,1489,1843,1844,-1,1606,1845,1356,-1,1356,1845,1846,-1,1356,1846,1354,-1,1354,1846,1847,-1,1354,1847,1699,-1,1703,1848,1354,-1,1354,1848,1849,-1,1354,1849,1795,-1,1850,1802,1851,-1,1851,1802,1804,-1,1851,1804,1606,-1,1606,1804,1852,-1,1606,1852,1607,-1,1616,1853,1352,-1,1352,1853,1854,-1,1352,1854,1855,-1,1855,1854,1856,-1,1855,1856,1857,-1,1857,1856,1858,-1,1857,1858,1378,-1,1378,1858,1859,-1,1378,1859,1815,-1,1860,1861,1829,-1,1829,1861,1862,-1,1829,1862,1863,-1,1863,1864,1829,-1,1829,1864,1865,-1,1829,1865,1866,-1,1750,1867,1751,-1,1751,1867,1829,-1,1751,1829,1868,-1,1868,1829,1866,-1,1844,1869,1489,-1,1489,1869,1870,-1,1489,1870,1676,-1,1728,1871,1606,-1,1606,1871,310,-1,1606,310,1845,-1,1845,310,1428,-1,1845,1428,1872,-1,1872,1428,1873,-1,1872,1873,1874,-1,1874,1873,1875,-1,1874,1875,1876,-1,1876,1875,1877,-1,1876,1877,1878,-1,1878,1877,1879,-1,1878,1879,1880,-1,1880,1879,1881,-1,1880,1881,1303,-1,1303,1881,1882,-1,1303,1882,1693,-1,1796,1883,1354,-1,1354,1883,1884,-1,1354,1884,1797,-1,1885,1712,1886,-1,1886,1712,1604,-1,1886,1604,1887,-1,1887,1604,1605,-1,1887,1605,1888,-1,1808,1810,1806,-1,1806,1810,1889,-1,1806,1889,1807,-1,1828,1890,1829,-1,1829,1890,1891,-1,1829,1891,1860,-1,1892,624,625,-1,625,626,1892,-1,1892,626,628,-1,1892,628,1305,-1,1305,628,630,-1,1305,630,632,-1,496,614,1893,-1,1893,614,616,-1,616,618,1893,-1,1893,618,620,-1,1893,620,1892,-1,1892,620,622,-1,1892,622,624,-1,507,504,1894,-1,1894,504,502,-1,502,501,1894,-1,1894,501,499,-1,1894,499,1893,-1,1893,499,497,-1,1893,497,496,-1,514,513,1895,-1,1895,513,510,-1,1895,510,1894,-1,1894,510,508,-1,1894,508,507,-1,528,526,1896,-1,1896,526,525,-1,1896,525,522,-1,522,520,1896,-1,1896,520,518,-1,1896,518,1895,-1,1895,518,516,-1,1895,516,514,-1,536,534,1897,-1,1897,534,532,-1,1897,532,1896,-1,1896,532,530,-1,1896,530,528,-1,546,548,1898,-1,1898,548,550,-1,1898,550,543,-1,543,542,1898,-1,1898,542,540,-1,1898,540,1897,-1,1897,540,538,-1,1897,538,536,-1,562,560,1899,-1,1899,560,559,-1,559,555,1899,-1,1899,555,557,-1,1899,557,1898,-1,1898,557,544,-1,1898,544,546,-1,1900,572,571,-1,571,569,1900,-1,1900,569,567,-1,1900,567,1899,-1,1899,567,564,-1,1899,564,562,-1,1901,582,580,-1,580,578,1901,-1,1901,578,576,-1,1901,576,1900,-1,1900,576,574,-1,1900,574,572,-1,1902,592,590,-1,590,589,1902,-1,1902,589,587,-1,1902,587,1901,-1,1901,587,584,-1,1901,584,582,-1,604,603,1903,-1,1903,603,599,-1,1903,599,598,-1,598,601,1903,-1,1903,601,595,-1,1903,595,1902,-1,1902,595,594,-1,1902,594,592,-1,611,610,723,-1,723,610,608,-1,723,608,1903,-1,1903,608,606,-1,1903,606,604,-1,1904,1905,640,-1,640,1905,634,-1,1905,1906,634,-1,634,1906,636,-1,1906,1907,636,-1,636,1907,638,-1,1907,1904,638,-1,638,1904,640,-1,688,1908,642,-1,642,1908,1909,-1,642,1909,644,-1,644,1909,1910,-1,644,1910,646,-1,646,1910,1911,-1,646,1911,648,-1,648,1911,1912,-1,648,1912,650,-1,650,1912,1913,-1,650,1913,652,-1,652,1913,1914,-1,652,1914,654,-1,654,1914,1915,-1,654,1915,656,-1,656,1915,1916,-1,656,1916,658,-1,658,1916,1917,-1,658,1917,660,-1,660,1917,1918,-1,660,1918,662,-1,662,1918,1919,-1,662,1919,664,-1,664,1919,1920,-1,664,1920,666,-1,666,1920,1921,-1,666,1921,668,-1,668,1921,1922,-1,668,1922,670,-1,670,1922,1923,-1,670,1923,672,-1,672,1923,1924,-1,672,1924,674,-1,674,1924,1925,-1,674,1925,676,-1,676,1925,1926,-1,676,1926,678,-1,678,1926,1927,-1,678,1927,680,-1,680,1927,1928,-1,680,1928,682,-1,682,1928,1929,-1,682,1929,684,-1,684,1929,1930,-1,684,1930,686,-1,686,1930,1931,-1,686,1931,688,-1,688,1931,1908,-1,1932,1933,692,-1,692,1933,694,-1,1933,1934,694,-1,694,1934,696,-1,1934,1935,696,-1,696,1935,690,-1,1935,1932,690,-1,690,1932,692,-1,1892,1305,1907,-1,1892,1907,1893,-1,1231,1935,1276,-1,1276,1935,1277,-1,1932,1286,1285,-1,1933,1282,1281,-1,1285,1274,1932,-1,1932,1274,1284,-1,1932,1284,1933,-1,1933,1284,1283,-1,1933,1283,1282,-1,1904,723,1903,-1,1281,1275,1933,-1,1933,1275,1280,-1,1933,1280,1934,-1,1934,1280,1279,-1,1934,1279,1935,-1,1935,1279,1278,-1,1935,1278,1277,-1,1905,1899,1898,-1,1923,1922,1935,-1,1898,1897,1905,-1,1905,1897,1896,-1,1905,1896,1906,-1,1906,1896,1895,-1,1906,1895,1907,-1,1907,1895,1894,-1,1907,1894,1893,-1,1903,1902,1904,-1,1904,1902,1901,-1,1904,1901,1905,-1,1905,1901,1900,-1,1905,1900,1899,-1,1904,1908,1931,-1,1915,1914,1286,-1,1908,1904,1909,-1,1909,1904,1907,-1,1909,1907,1910,-1,1922,1921,1935,-1,1935,1921,1920,-1,1935,1920,1932,-1,1932,1920,1919,-1,1286,1914,1305,-1,1914,1913,1305,-1,1305,1913,1912,-1,1305,1912,1907,-1,1907,1912,1911,-1,1907,1911,1910,-1,1923,1935,1924,-1,1924,1935,1231,-1,1924,1231,1925,-1,1919,1918,1932,-1,1932,1918,1917,-1,1932,1917,1286,-1,1286,1917,1916,-1,1286,1916,1915,-1,1925,1231,1926,-1,1926,1231,723,-1,1926,723,1927,-1,1931,1930,1904,-1,1904,1930,1929,-1,1904,1929,723,-1,723,1929,1928,-1,723,1928,1927,-1,
        ]
    }
}